customer_id,customer_name,segment,city
C0001,Client_Partner_0001,Home Office,Hyderabad
C0002,Client_Partner_0002,Consumer,Mumbai
C0003,Client_Partner_0003,Corporate,Mumbai
C0004,Client_Partner_0004,Consumer,
C0005,Client_Partner_0005,Consumer,Mumbai
C0006,Client_Partner_0006,Corporate,Mumbai
C0007,Client_Partner_0007,Home Office,Mumbai
C0008,Client_Partner_0008,Home Office,Delhi
C0009,Client_Partner_0009,Corporate,Hyderabad
C0010,Client_Partner_0010,Consumer,Delhi
C0011,Client_Partner_0011,Home Office,Kolkata
C0012,Client_Partner_0012,Home Office,Bengaluru
C0013,Client_Partner_0013,Home Office,Chennai
C0014,Client_Partner_0014,Consumer,Hyderabad
C0015,Client_Partner_0015,Corporate,Delhi
C0016,Client_Partner_0016,Consumer,Hyderabad
C0017,Client_Partner_0017,Corporate,Mumbai
C0018,Client_Partner_0018,Corporate,Mumbai
C0019,Client_Partner_0019,Home Office,Delhi
C0020,Client_Partner_0020,Corporate,Kolkata
C0021,Client_Partner_0021,Home Office,Mumbai
C0022,Client_Partner_0022,Corporate,Hyderabad
C0023,Client_Partner_0023,Home Office,Hyderabad
C0024,Client_Partner_0024,Consumer,Hyderabad
C0025,Client_Partner_0025,Corporate,
C0026,Client_Partner_0026,Home Office,Chennai
C0027,Client_Partner_0027,Consumer,Kolkata
C0028,Client_Partner_0028,Home Office,Kolkata
C0029,Client_Partner_0029,Corporate,Kolkata
C0030,Client_Partner_0030,Corporate,Chennai
C0031,Client_Partner_0031,Corporate,Bengaluru
C0032,Client_Partner_0032,Consumer,Kolkata
C0033,Client_Partner_0033,Consumer,Delhi
C0034,Client_Partner_0034,Consumer,Kolkata
C0035,Client_Partner_0035,Corporate,Hyderabad
C0036,Client_Partner_0036,Corporate,Delhi
C0037,Client_Partner_0037,Consumer,BLR
C0038,Client_Partner_0038,Consumer,Chennai
C0039,Client_Partner_0039,Home Office,
C0040,Client_Partner_0040,Consumer,Bengaluru
C0041,Client_Partner_0041,Home Office,Kolkata
C0042,Client_Partner_0042,Corporate,Chennai
C0043,Client_Partner_0043,Corporate,Kolkata
C0044,Client_Partner_0044,Consumer,Kolkata
C0045,Client_Partner_0045,Home Office,Hyderabad
C0046,Client_Partner_0046,Corporate,Hyderabad
C0047,Client_Partner_0047,Corporate,Delhi
C0048,Client_Partner_0048,Home Office,Chennai
C0049,Client_Partner_0049,Home Office,Chennai
C0050,Client_Partner_0050,Corporate,Hyderabad
C0051,Client_Partner_0051,Consumer,Hyderabad
C0052,Client_Partner_0052,Corporate,Delhi
C0053,Client_Partner_0053,Home Office,Kolkata
C0054,Client_Partner_0054,Home Office,Bengaluru
C0055,Client_Partner_0055,Corporate,Hyderabad
C0056,Client_Partner_0056,Corporate,Bengaluru
C0057,Client_Partner_0057,Consumer,Delhi
C0058,Client_Partner_0058,Corporate,BLR
C0059,Client_Partner_0059,Consumer,Delhi
C0060,Client_Partner_0060,Consumer,Mumbai
C0061,Client_Partner_0061,Home Office,Mumbai
C0062,Client_Partner_0062,Corporate,Hyderabad
C0063,Client_Partner_0063,Consumer,Delhi
C0064,Client_Partner_0064,Corporate,Kolkata
C0065,Client_Partner_0065,Home Office,Kolkata
C0066,Client_Partner_0066,Corporate,Delhi
C0067,Client_Partner_0067,Corporate,Delhi
C0068,Client_Partner_0068,Corporate,Hyderabad
C0069,Client_Partner_0069,Corporate,Bengaluru
C0070,Client_Partner_0070,Home Office,Kolkata
C0071,Client_Partner_0071,Corporate,Kolkata
C0072,Client_Partner_0072,Home Office,BLR
C0073,Client_Partner_0073,Home Office,Mumbai
C0074,Client_Partner_0074,Corporate,Hyderabad
C0075,Client_Partner_0075,Corporate,Mumbai
C0076,Client_Partner_0076,Home Office,Hyderabad
C0077,Client_Partner_0077,Home Office,Delhi
C0078,Client_Partner_0078,Consumer,Kolkata
C0079,Client_Partner_0079,Corporate,Bengaluru
C0080,Client_Partner_0080,Corporate,Chennai
C0081,Client_Partner_0081,Consumer,Delhi
C0082,Client_Partner_0082,Consumer,Bengaluru
C0083,Client_Partner_0083,Consumer,Delhi
C0084,Client_Partner_0084,Consumer,Chennai
C0085,Client_Partner_0085,Consumer,Delhi
C0086,Client_Partner_0086,Corporate,Chennai
C0087,Client_Partner_0087,Home Office,Mumbai
C0088,Client_Partner_0088,Home Office,Delhi
C0089,Client_Partner_0089,Corporate,Hyderabad
C0090,Client_Partner_0090,Consumer,Hyderabad
C0091,Client_Partner_0091,Home Office,Delhi
C0092,Client_Partner_0092,Corporate,Hyderabad
C0093,Client_Partner_0093,Consumer,Chennai
C0094,Client_Partner_0094,Corporate,Bengaluru
C0095,Client_Partner_0095,Consumer,Delhi
C0096,Client_Partner_0096,Consumer,Kolkata
C0097,Client_Partner_0097,Consumer,Chennai
C0098,Client_Partner_0098,Home Office,Hyderabad
C0099,Client_Partner_0099,Home Office,Hyderabad
C0100,Client_Partner_0100,Home Office,Mumbai
C0101,Client_Partner_0101,Corporate,Delhi
C0102,Client_Partner_0102,Consumer,Kolkata
C0103,Client_Partner_0103,Home Office,Chennai
C0104,Client_Partner_0104,Home Office,BLR
C0105,Client_Partner_0105,Home Office,Mumbai
C0106,Client_Partner_0106,Corporate,Mumbai
C0107,Client_Partner_0107,Corporate,Hyderabad
C0108,Client_Partner_0108,Corporate,Chennai
C0109,Client_Partner_0109,Corporate,Chennai
C0110,Client_Partner_0110,Consumer,Chennai
C0111,Client_Partner_0111,Corporate,Mumbai
C0112,Client_Partner_0112,Corporate,Bengaluru
C0113,Client_Partner_0113,Corporate,Delhi
C0114,Client_Partner_0114,Corporate,Kolkata
C0115,Client_Partner_0115,Corporate,Kolkata
C0116,Client_Partner_0116,Home Office,Delhi
C0117,Client_Partner_0117,Home Office,Mumbai
C0118,Client_Partner_0118,Home Office,Kolkata
C0119,Client_Partner_0119,Home Office,Kolkata
C0120,Client_Partner_0120,Home Office,Kolkata
C0121,Client_Partner_0121,Home Office,Delhi
C0122,Client_Partner_0122,Home Office,Chennai
C0123,Client_Partner_0123,Consumer,Delhi
C0124,Client_Partner_0124,Corporate,Delhi
C0125,Client_Partner_0125,Consumer,Kolkata
C0126,Client_Partner_0126,Home Office,Delhi
C0127,Client_Partner_0127,Home Office,Kolkata
C0128,Client_Partner_0128,Home Office,Mumbai
C0129,Client_Partner_0129,Consumer,Delhi
C0130,Client_Partner_0130,Home Office,Kolkata
C0131,Client_Partner_0131,Consumer,Bengaluru
C0132,Client_Partner_0132,Corporate,Kolkata
C0133,Client_Partner_0133,Home Office,Mumbai
C0134,Client_Partner_0134,Home Office,Chennai
C0135,Client_Partner_0135,Consumer,Bengaluru
C0136,Client_Partner_0136,Home Office,Kolkata
C0137,Client_Partner_0137,Corporate,Chennai
C0138,Client_Partner_0138,Corporate,Kolkata
C0139,Client_Partner_0139,Corporate,Kolkata
C0140,Client_Partner_0140,Consumer,Delhi
C0141,Client_Partner_0141,Home Office,Mumbai
C0142,Client_Partner_0142,Corporate,Hyderabad
C0143,Client_Partner_0143,Corporate,Hyderabad
C0144,Client_Partner_0144,Consumer,Chennai
C0145,Client_Partner_0145,Home Office,Hyderabad
C0146,Client_Partner_0146,Corporate,Bengaluru
C0147,Client_Partner_0147,Home Office,Kolkata
C0148,Client_Partner_0148,Home Office,Hyderabad
C0149,Client_Partner_0149,Home Office,BLR
C0150,Client_Partner_0150,Home Office,Bengaluru
C0151,Client_Partner_0151,Corporate,Hyderabad
C0152,Client_Partner_0152,Home Office,
C0153,Client_Partner_0153,Home Office,Hyderabad
C0154,Client_Partner_0154,Consumer,Bengaluru
C0155,Client_Partner_0155,Home Office,Hyderabad
C0156,Client_Partner_0156,Corporate,Delhi
C0157,Client_Partner_0157,Consumer,Delhi
C0158,Client_Partner_0158,Corporate,Chennai
C0159,Client_Partner_0159,Consumer,Chennai
C0160,Client_Partner_0160,Consumer,Bengaluru
C0161,Client_Partner_0161,Home Office,Hyderabad
C0162,Client_Partner_0162,Home Office,Hyderabad
C0163,Client_Partner_0163,Corporate,Kolkata
C0164,Client_Partner_0164,Corporate,Chennai
C0165,Client_Partner_0165,Corporate,Hyderabad
C0166,Client_Partner_0166,Home Office,
C0167,Client_Partner_0167,Corporate,Chennai
C0168,Client_Partner_0168,Home Office,Chennai
C0169,Client_Partner_0169,Home Office,Hyderabad
C0170,Client_Partner_0170,Consumer,Bangalore 
C0171,Client_Partner_0171,Home Office,Kolkata
C0172,Client_Partner_0172,Corporate,Kolkata
C0173,Client_Partner_0173,Corporate,Chennai
C0174,Client_Partner_0174,Corporate,Chennai
C0175,Client_Partner_0175,Corporate,Bangalore 
C0176,Client_Partner_0176,Consumer,Chennai
C0177,Client_Partner_0177,Home Office,Kolkata
C0178,Client_Partner_0178,Consumer,Kolkata
C0179,Client_Partner_0179,Corporate,Bengaluru
C0180,Client_Partner_0180,Consumer,BLR
C0181,Client_Partner_0181,Corporate,Bengaluru
C0182,Client_Partner_0182,Home Office,Delhi
C0183,Client_Partner_0183,Consumer,Kolkata
C0184,Client_Partner_0184,Consumer,Kolkata
C0185,Client_Partner_0185,Home Office,Chennai
C0186,Client_Partner_0186,Consumer,Chennai
C0187,Client_Partner_0187,Corporate,Chennai
C0188,Client_Partner_0188,Corporate,Delhi
C0189,Client_Partner_0189,Consumer,Kolkata
C0190,Client_Partner_0190,Home Office,Kolkata
C0191,Client_Partner_0191,Consumer,Kolkata
C0192,Client_Partner_0192,Consumer,Kolkata
C0193,Client_Partner_0193,Corporate,Mumbai
C0194,Client_Partner_0194,Consumer,Hyderabad
C0195,Client_Partner_0195,Corporate,Chennai
C0196,Client_Partner_0196,Home Office,Kolkata
C0197,Client_Partner_0197,Home Office,Delhi
C0198,Client_Partner_0198,Corporate,Hyderabad
C0199,Client_Partner_0199,Corporate,Kolkata
C0200,Client_Partner_0200,Home Office,Mumbai
C0201,Client_Partner_0201,Home Office,Chennai
C0202,Client_Partner_0202,Consumer,Delhi
C0203,Client_Partner_0203,Corporate,Chennai
C0204,Client_Partner_0204,Home Office,Mumbai
C0205,Client_Partner_0205,Home Office,Mumbai
C0206,Client_Partner_0206,Home Office,Kolkata
C0207,Client_Partner_0207,Home Office,Delhi
C0208,Client_Partner_0208,Home Office,Chennai
C0209,Client_Partner_0209,Home Office,Kolkata
C0210,Client_Partner_0210,Home Office,Mumbai
C0211,Client_Partner_0211,Corporate,Hyderabad
C0212,Client_Partner_0212,Corporate,Delhi
C0213,Client_Partner_0213,Corporate,Bangalore 
C0214,Client_Partner_0214,Home Office,Kolkata
C0215,Client_Partner_0215,Consumer,Delhi
C0216,Client_Partner_0216,Corporate,Chennai
C0217,Client_Partner_0217,Corporate,Delhi
C0218,Client_Partner_0218,Consumer,Chennai
C0219,Client_Partner_0219,Corporate,Mumbai
C0220,Client_Partner_0220,Corporate,Hyderabad
C0221,Client_Partner_0221,Consumer,Bengaluru
C0222,Client_Partner_0222,Home Office,Kolkata
C0223,Client_Partner_0223,Corporate,Kolkata
C0224,Client_Partner_0224,Consumer,Mumbai
C0225,Client_Partner_0225,Consumer,Kolkata
C0226,Client_Partner_0226,Corporate,Kolkata
C0227,Client_Partner_0227,Consumer,Bengaluru
C0228,Client_Partner_0228,Consumer,Chennai
C0229,Client_Partner_0229,Consumer,Mumbai
C0230,Client_Partner_0230,Consumer,Bengaluru
C0231,Client_Partner_0231,Corporate,Bengaluru
C0232,Client_Partner_0232,Corporate,Hyderabad
C0233,Client_Partner_0233,Corporate,Hyderabad
C0234,Client_Partner_0234,Consumer,Hyderabad
C0235,Client_Partner_0235,Home Office,Chennai
C0236,Client_Partner_0236,Home Office,Bengaluru
C0237,Client_Partner_0237,Consumer,Delhi
C0238,Client_Partner_0238,Corporate,Kolkata
C0239,Client_Partner_0239,Home Office,Delhi
C0240,Client_Partner_0240,Consumer,Kolkata
C0241,Client_Partner_0241,Home Office,Delhi
C0242,Client_Partner_0242,Home Office,Mumbai
C0243,Client_Partner_0243,Corporate,Chennai
C0244,Client_Partner_0244,Consumer,Kolkata
C0245,Client_Partner_0245,Corporate,Chennai
C0246,Client_Partner_0246,Home Office,Mumbai
C0247,Client_Partner_0247,Consumer,Mumbai
C0248,Client_Partner_0248,Corporate,Kolkata
C0249,Client_Partner_0249,Home Office,Mumbai
C0250,Client_Partner_0250,Consumer,Bengaluru
C0251,Client_Partner_0251,Consumer,Delhi
C0252,Client_Partner_0252,Corporate,Delhi
C0253,Client_Partner_0253,Corporate,Bengaluru
C0254,Client_Partner_0254,Corporate,Chennai
C0255,Client_Partner_0255,Corporate,BLR
C0256,Client_Partner_0256,Consumer,Mumbai
C0257,Client_Partner_0257,Corporate,Bengaluru
C0258,Client_Partner_0258,Home Office,Delhi
C0259,Client_Partner_0259,Home Office,Kolkata
C0260,Client_Partner_0260,Corporate,Hyderabad
C0261,Client_Partner_0261,Corporate,Mumbai
C0262,Client_Partner_0262,Home Office,Kolkata
C0263,Client_Partner_0263,Corporate,Kolkata
C0264,Client_Partner_0264,Consumer,Bengaluru
C0265,Client_Partner_0265,Corporate,Kolkata
C0266,Client_Partner_0266,Home Office,Mumbai
C0267,Client_Partner_0267,Corporate,Chennai
C0268,Client_Partner_0268,Consumer,Bangalore 
C0269,Client_Partner_0269,Corporate,Delhi
C0270,Client_Partner_0270,Home Office,Hyderabad
C0271,Client_Partner_0271,Consumer,Delhi
C0272,Client_Partner_0272,Consumer,Delhi
C0273,Client_Partner_0273,Consumer,Chennai
C0274,Client_Partner_0274,Consumer,Kolkata
C0275,Client_Partner_0275,Home Office,BLR
C0276,Client_Partner_0276,Consumer,Chennai
C0277,Client_Partner_0277,Home Office,Mumbai
C0278,Client_Partner_0278,Corporate,Delhi
C0279,Client_Partner_0279,Home Office,Mumbai
C0280,Client_Partner_0280,Home Office,Bengaluru
C0281,Client_Partner_0281,Corporate,Mumbai
C0282,Client_Partner_0282,Corporate,Kolkata
C0283,Client_Partner_0283,Home Office,Bengaluru
C0284,Client_Partner_0284,Consumer,Chennai
C0285,Client_Partner_0285,Home Office,Chennai
C0286,Client_Partner_0286,Home Office,Kolkata
C0287,Client_Partner_0287,Home Office,Bengaluru
C0288,Client_Partner_0288,Home Office,Bengaluru
C0289,Client_Partner_0289,Consumer,Hyderabad
C0290,Client_Partner_0290,Corporate,Hyderabad
C0291,Client_Partner_0291,Corporate,Kolkata
C0292,Client_Partner_0292,Corporate,Delhi
C0293,Client_Partner_0293,Corporate,Mumbai
C0294,Client_Partner_0294,Corporate,Hyderabad
C0295,Client_Partner_0295,Corporate,Kolkata
C0296,Client_Partner_0296,Corporate,Mumbai
C0297,Client_Partner_0297,Home Office,Kolkata
C0298,Client_Partner_0298,Consumer,Kolkata
C0299,Client_Partner_0299,Consumer,Delhi
C0300,Client_Partner_0300,Corporate,Delhi
C0301,Client_Partner_0301,Corporate,Hyderabad
C0302,Client_Partner_0302,Corporate,Kolkata
C0303,Client_Partner_0303,Home Office,Hyderabad
C0304,Client_Partner_0304,Corporate,Delhi
C0305,Client_Partner_0305,Consumer,
C0306,Client_Partner_0306,Consumer,Mumbai
C0307,Client_Partner_0307,Consumer,Kolkata
C0308,Client_Partner_0308,Consumer,Hyderabad
C0309,Client_Partner_0309,Consumer,Hyderabad
C0310,Client_Partner_0310,Corporate,Delhi
C0311,Client_Partner_0311,Corporate,Bengaluru
C0312,Client_Partner_0312,Corporate,Kolkata
C0313,Client_Partner_0313,Home Office,Mumbai
C0314,Client_Partner_0314,Consumer,Mumbai
C0315,Client_Partner_0315,Corporate,Bengaluru
C0316,Client_Partner_0316,Corporate,Hyderabad
C0317,Client_Partner_0317,Home Office,Mumbai
C0318,Client_Partner_0318,Home Office,Bengaluru
C0319,Client_Partner_0319,Corporate,Mumbai
C0320,Client_Partner_0320,Consumer,Bengaluru
C0321,Client_Partner_0321,Consumer,Hyderabad
C0322,Client_Partner_0322,Corporate,Bengaluru
C0323,Client_Partner_0323,Corporate,Mumbai
C0324,Client_Partner_0324,Corporate,Kolkata
C0325,Client_Partner_0325,Home Office,Delhi
C0326,Client_Partner_0326,Home Office,Bengaluru
C0327,Client_Partner_0327,Consumer,Bengaluru
C0328,Client_Partner_0328,Home Office,Chennai
C0329,Client_Partner_0329,Consumer,Bengaluru
C0330,Client_Partner_0330,Home Office,Chennai
C0331,Client_Partner_0331,Home Office,Bangalore 
C0332,Client_Partner_0332,Home Office,Delhi
C0333,Client_Partner_0333,Consumer,Kolkata
C0334,Client_Partner_0334,Home Office,Kolkata
C0335,Client_Partner_0335,Consumer,Kolkata
C0336,Client_Partner_0336,Consumer,Delhi
C0337,Client_Partner_0337,Consumer,Kolkata
C0338,Client_Partner_0338,Home Office,Delhi
C0339,Client_Partner_0339,Corporate,
C0340,Client_Partner_0340,Home Office,Hyderabad
C0341,Client_Partner_0341,Home Office,Bengaluru
C0342,Client_Partner_0342,Consumer,Bengaluru
C0343,Client_Partner_0343,Home Office,Bengaluru
C0344,Client_Partner_0344,Corporate,Kolkata
C0345,Client_Partner_0345,Corporate,Bengaluru
C0346,Client_Partner_0346,Home Office,Mumbai
C0347,Client_Partner_0347,Home Office,Mumbai
C0348,Client_Partner_0348,Consumer,Chennai
C0349,Client_Partner_0349,Corporate,Bengaluru
C0350,Client_Partner_0350,Corporate,Kolkata
C0351,Client_Partner_0351,Corporate,Hyderabad
C0352,Client_Partner_0352,Consumer,Mumbai
C0353,Client_Partner_0353,Home Office,Kolkata
C0354,Client_Partner_0354,Consumer,Kolkata
C0355,Client_Partner_0355,Consumer,Delhi
C0356,Client_Partner_0356,Home Office,Kolkata
C0357,Client_Partner_0357,Home Office,Mumbai
C0358,Client_Partner_0358,Consumer,Chennai
C0359,Client_Partner_0359,Consumer,Kolkata
C0360,Client_Partner_0360,Consumer,Kolkata
C0361,Client_Partner_0361,Consumer,Hyderabad
C0362,Client_Partner_0362,Home Office,Hyderabad
C0363,Client_Partner_0363,Home Office,Chennai
C0364,Client_Partner_0364,Home Office,Hyderabad
C0365,Client_Partner_0365,Home Office,Chennai
C0366,Client_Partner_0366,Consumer,Kolkata
C0367,Client_Partner_0367,Corporate,Delhi
C0368,Client_Partner_0368,Home Office,Chennai
C0369,Client_Partner_0369,Home Office,Chennai
C0370,Client_Partner_0370,Consumer,Mumbai
C0371,Client_Partner_0371,Consumer,Kolkata
C0372,Client_Partner_0372,Corporate,Mumbai
C0373,Client_Partner_0373,Consumer,Delhi
C0374,Client_Partner_0374,Home Office,Chennai
C0375,Client_Partner_0375,Corporate,Kolkata
C0376,Client_Partner_0376,Home Office,Mumbai
C0377,Client_Partner_0377,Corporate,Bengaluru
C0378,Client_Partner_0378,Home Office,Delhi
C0379,Client_Partner_0379,Home Office,Hyderabad
C0380,Client_Partner_0380,Consumer,Mumbai
C0381,Client_Partner_0381,Consumer,Chennai
C0382,Client_Partner_0382,Home Office,Delhi
C0383,Client_Partner_0383,Corporate,Chennai
C0384,Client_Partner_0384,Corporate,Chennai
C0385,Client_Partner_0385,Corporate,BLR
C0386,Client_Partner_0386,Home Office,Bengaluru
C0387,Client_Partner_0387,Corporate,Chennai
C0388,Client_Partner_0388,Corporate,Chennai
C0389,Client_Partner_0389,Corporate,Delhi
C0390,Client_Partner_0390,Consumer,Bengaluru
C0391,Client_Partner_0391,Corporate,Mumbai
C0392,Client_Partner_0392,Corporate,Hyderabad
C0393,Client_Partner_0393,Consumer,Mumbai
C0394,Client_Partner_0394,Consumer,Hyderabad
C0395,Client_Partner_0395,Home Office,Delhi
C0396,Client_Partner_0396,Corporate,Delhi
C0397,Client_Partner_0397,Home Office,Kolkata
C0398,Client_Partner_0398,Home Office,Hyderabad
C0399,Client_Partner_0399,Corporate,Kolkata
C0400,Client_Partner_0400,Corporate,Delhi
C0401,Client_Partner_0401,Consumer,Delhi
C0402,Client_Partner_0402,Consumer,Hyderabad
C0403,Client_Partner_0403,Corporate,Bengaluru
C0404,Client_Partner_0404,Home Office,Chennai
C0405,Client_Partner_0405,Corporate,Hyderabad
C0406,Client_Partner_0406,Consumer,Mumbai
C0407,Client_Partner_0407,Consumer,Hyderabad
C0408,Client_Partner_0408,Home Office,Delhi
C0409,Client_Partner_0409,Home Office,Bengaluru
C0410,Client_Partner_0410,Consumer,Mumbai
C0411,Client_Partner_0411,Consumer,Mumbai
C0412,Client_Partner_0412,Consumer,Chennai
C0413,Client_Partner_0413,Home Office,Kolkata
C0414,Client_Partner_0414,Corporate,Kolkata
C0415,Client_Partner_0415,Corporate,Delhi
C0416,Client_Partner_0416,Corporate,Kolkata
C0417,Client_Partner_0417,Corporate,Hyderabad
C0418,Client_Partner_0418,Home Office,Kolkata
C0419,Client_Partner_0419,Corporate,Chennai
C0420,Client_Partner_0420,Consumer,Mumbai
C0421,Client_Partner_0421,Consumer,Delhi
C0422,Client_Partner_0422,Home Office,Mumbai
C0423,Client_Partner_0423,Corporate,Bangalore 
C0424,Client_Partner_0424,Corporate,Delhi
C0425,Client_Partner_0425,Corporate,Kolkata
C0426,Client_Partner_0426,Consumer,Hyderabad
C0427,Client_Partner_0427,Home Office,Kolkata
C0428,Client_Partner_0428,Corporate,Kolkata
C0429,Client_Partner_0429,Home Office,Mumbai
C0430,Client_Partner_0430,Consumer,Hyderabad
C0431,Client_Partner_0431,Home Office,Mumbai
C0432,Client_Partner_0432,Corporate,Hyderabad
C0433,Client_Partner_0433,Corporate,Delhi
C0434,Client_Partner_0434,Home Office,Chennai
C0435,Client_Partner_0435,Home Office,Mumbai
C0436,Client_Partner_0436,Consumer,Chennai
C0437,Client_Partner_0437,Corporate,Bengaluru
C0438,Client_Partner_0438,Home Office,Chennai
C0439,Client_Partner_0439,Consumer,Bengaluru
C0440,Client_Partner_0440,Corporate,Mumbai
C0441,Client_Partner_0441,Consumer,Kolkata
C0442,Client_Partner_0442,Corporate,Mumbai
C0443,Client_Partner_0443,Corporate,Mumbai
C0444,Client_Partner_0444,Home Office,Delhi
C0445,Client_Partner_0445,Consumer,Kolkata
C0446,Client_Partner_0446,Home Office,Chennai
C0447,Client_Partner_0447,Corporate,Bengaluru
C0448,Client_Partner_0448,Consumer,Delhi
C0449,Client_Partner_0449,Consumer,Hyderabad
C0450,Client_Partner_0450,Corporate,Kolkata
C0451,Client_Partner_0451,Corporate,Bengaluru
C0452,Client_Partner_0452,Home Office,Mumbai
C0453,Client_Partner_0453,Home Office,Delhi
C0454,Client_Partner_0454,Corporate,Mumbai
C0455,Client_Partner_0455,Corporate,Bangalore 
C0456,Client_Partner_0456,Corporate,Mumbai
C0457,Client_Partner_0457,Consumer,Mumbai
C0458,Client_Partner_0458,Home Office,Bengaluru
C0459,Client_Partner_0459,Corporate,Delhi
C0460,Client_Partner_0460,Home Office,Kolkata
C0461,Client_Partner_0461,Home Office,Bengaluru
C0462,Client_Partner_0462,Home Office,Delhi
C0463,Client_Partner_0463,Corporate,Bengaluru
C0464,Client_Partner_0464,Consumer,Mumbai
C0465,Client_Partner_0465,Home Office,Kolkata
C0466,Client_Partner_0466,Corporate,Hyderabad
C0467,Client_Partner_0467,Home Office,Bengaluru
C0468,Client_Partner_0468,Corporate,BLR
C0469,Client_Partner_0469,Consumer,Chennai
C0470,Client_Partner_0470,Corporate,Chennai
C0471,Client_Partner_0471,Home Office,Delhi
C0472,Client_Partner_0472,Home Office,Mumbai
C0473,Client_Partner_0473,Home Office,Kolkata
C0474,Client_Partner_0474,Corporate,Chennai
C0475,Client_Partner_0475,Consumer,Mumbai
C0476,Client_Partner_0476,Corporate,BLR
C0477,Client_Partner_0477,Home Office,Kolkata
C0478,Client_Partner_0478,Corporate,Chennai
C0479,Client_Partner_0479,Consumer,Chennai
C0480,Client_Partner_0480,Corporate,Bengaluru
C0481,Client_Partner_0481,Home Office,Mumbai
C0482,Client_Partner_0482,Home Office,Mumbai
C0483,Client_Partner_0483,Home Office,BLR
C0484,Client_Partner_0484,Corporate,Kolkata
C0485,Client_Partner_0485,Consumer,Hyderabad
C0486,Client_Partner_0486,Home Office,Chennai
C0487,Client_Partner_0487,Home Office,Bengaluru
C0488,Client_Partner_0488,Corporate,Mumbai
C0489,Client_Partner_0489,Consumer,Kolkata
C0490,Client_Partner_0490,Corporate,Kolkata
C0491,Client_Partner_0491,Corporate,Kolkata
C0492,Client_Partner_0492,Home Office,Delhi
C0493,Client_Partner_0493,Consumer,Kolkata
C0494,Client_Partner_0494,Consumer,Bengaluru
C0495,Client_Partner_0495,Corporate,Chennai
C0496,Client_Partner_0496,Corporate,Hyderabad
C0497,Client_Partner_0497,Home Office,Chennai
C0498,Client_Partner_0498,Corporate,Hyderabad
C0499,Client_Partner_0499,Corporate,Kolkata
C0500,Client_Partner_0500,Consumer,Mumbai
C0501,Client_Partner_0501,Consumer,Kolkata
C0502,Client_Partner_0502,Consumer,Bengaluru
C0503,Client_Partner_0503,Home Office,Hyderabad
C0504,Client_Partner_0504,Corporate,Kolkata
C0505,Client_Partner_0505,Home Office,Delhi
C0506,Client_Partner_0506,Home Office,Chennai
C0507,Client_Partner_0507,Consumer,Delhi
C0508,Client_Partner_0508,Corporate,Hyderabad
C0509,Client_Partner_0509,Consumer,Kolkata
C0510,Client_Partner_0510,Consumer,Chennai
C0511,Client_Partner_0511,Consumer,Delhi
C0512,Client_Partner_0512,Consumer,Delhi
C0513,Client_Partner_0513,Consumer,Delhi
C0514,Client_Partner_0514,Consumer,BLR
C0515,Client_Partner_0515,Home Office,Mumbai
C0516,Client_Partner_0516,Consumer,Bengaluru
C0517,Client_Partner_0517,Home Office,Chennai
C0518,Client_Partner_0518,Consumer,Mumbai
C0519,Client_Partner_0519,Consumer,Hyderabad
C0520,Client_Partner_0520,Consumer,Kolkata
C0521,Client_Partner_0521,Home Office,Bengaluru
C0522,Client_Partner_0522,Corporate,Chennai
C0523,Client_Partner_0523,Home Office,Hyderabad
C0524,Client_Partner_0524,Corporate,Bengaluru
C0525,Client_Partner_0525,Corporate,Chennai
C0526,Client_Partner_0526,Consumer,Bengaluru
C0527,Client_Partner_0527,Consumer,Chennai
C0528,Client_Partner_0528,Consumer,Bengaluru
C0529,Client_Partner_0529,Consumer,Kolkata
C0530,Client_Partner_0530,Home Office,Chennai
C0531,Client_Partner_0531,Home Office,Mumbai
C0532,Client_Partner_0532,Corporate,Chennai
C0533,Client_Partner_0533,Corporate,Kolkata
C0534,Client_Partner_0534,Home Office,Kolkata
C0535,Client_Partner_0535,Home Office,Mumbai
C0536,Client_Partner_0536,Home Office,Bengaluru
C0537,Client_Partner_0537,Corporate,Delhi
C0538,Client_Partner_0538,Consumer,Kolkata
C0539,Client_Partner_0539,Home Office,Kolkata
C0540,Client_Partner_0540,Consumer,Kolkata
C0541,Client_Partner_0541,Home Office,Delhi
C0542,Client_Partner_0542,Home Office,Chennai
C0543,Client_Partner_0543,Corporate,Mumbai
C0544,Client_Partner_0544,Corporate,Kolkata
C0545,Client_Partner_0545,Corporate,Delhi
C0546,Client_Partner_0546,Consumer,Hyderabad
C0547,Client_Partner_0547,Home Office,Mumbai
C0548,Client_Partner_0548,Corporate,Hyderabad
C0549,Client_Partner_0549,Home Office,Delhi
C0550,Client_Partner_0550,Consumer,Delhi
C0551,Client_Partner_0551,Home Office,Delhi
C0552,Client_Partner_0552,Home Office,Chennai
C0553,Client_Partner_0553,Consumer,Mumbai
C0554,Client_Partner_0554,Home Office,Mumbai
C0555,Client_Partner_0555,Corporate,Hyderabad
C0556,Client_Partner_0556,Corporate,Chennai
C0557,Client_Partner_0557,Consumer,Hyderabad
C0558,Client_Partner_0558,Home Office,Delhi
C0559,Client_Partner_0559,Consumer,Chennai
C0560,Client_Partner_0560,Home Office,Hyderabad
C0561,Client_Partner_0561,Consumer,Mumbai
C0562,Client_Partner_0562,Home Office,Kolkata
C0563,Client_Partner_0563,Home Office,Mumbai
C0564,Client_Partner_0564,Corporate,Delhi
C0565,Client_Partner_0565,Consumer,Hyderabad
C0566,Client_Partner_0566,Consumer,Delhi
C0567,Client_Partner_0567,Home Office,Hyderabad
C0568,Client_Partner_0568,Home Office,Bengaluru
C0569,Client_Partner_0569,Consumer,Delhi
C0570,Client_Partner_0570,Consumer,Mumbai
C0571,Client_Partner_0571,Consumer,Kolkata
C0572,Client_Partner_0572,Home Office,Chennai
C0573,Client_Partner_0573,Consumer,Chennai
C0574,Client_Partner_0574,Consumer,Chennai
C0575,Client_Partner_0575,Corporate,Chennai
C0576,Client_Partner_0576,Consumer,Bengaluru
C0577,Client_Partner_0577,Consumer,Chennai
C0578,Client_Partner_0578,Corporate,Delhi
C0579,Client_Partner_0579,Corporate,Delhi
C0580,Client_Partner_0580,Consumer,Kolkata
C0581,Client_Partner_0581,Home Office,Kolkata
C0582,Client_Partner_0582,Corporate,Delhi
C0583,Client_Partner_0583,Consumer,Bengaluru
C0584,Client_Partner_0584,Home Office,Kolkata
C0585,Client_Partner_0585,Home Office,Bengaluru
C0586,Client_Partner_0586,Corporate,Delhi
C0587,Client_Partner_0587,Consumer,Bengaluru
C0588,Client_Partner_0588,Corporate,Kolkata
C0589,Client_Partner_0589,Consumer,BLR
C0590,Client_Partner_0590,Home Office,Mumbai
C0591,Client_Partner_0591,Home Office,Kolkata
C0592,Client_Partner_0592,Corporate,Mumbai
C0593,Client_Partner_0593,Home Office,Mumbai
C0594,Client_Partner_0594,Home Office,Mumbai
C0595,Client_Partner_0595,Corporate,Kolkata
C0596,Client_Partner_0596,Consumer,Kolkata
C0597,Client_Partner_0597,Corporate,Delhi
C0598,Client_Partner_0598,Home Office,Hyderabad
C0599,Client_Partner_0599,Home Office,Kolkata
C0600,Client_Partner_0600,Corporate,BLR
C0601,Client_Partner_0601,Corporate,BLR
C0602,Client_Partner_0602,Consumer,Hyderabad
C0603,Client_Partner_0603,Home Office,Chennai
C0604,Client_Partner_0604,Home Office,Delhi
C0605,Client_Partner_0605,Home Office,Hyderabad
C0606,Client_Partner_0606,Corporate,Mumbai
C0607,Client_Partner_0607,Home Office,Bengaluru
C0608,Client_Partner_0608,Corporate,Bengaluru
C0609,Client_Partner_0609,Corporate,Delhi
C0610,Client_Partner_0610,Consumer,Hyderabad
C0611,Client_Partner_0611,Corporate,Mumbai
C0612,Client_Partner_0612,Consumer,Bengaluru
C0613,Client_Partner_0613,Home Office,Delhi
C0614,Client_Partner_0614,Corporate,Bengaluru
C0615,Client_Partner_0615,Home Office,Mumbai
C0616,Client_Partner_0616,Corporate,Kolkata
C0617,Client_Partner_0617,Corporate,Hyderabad
C0618,Client_Partner_0618,Home Office,Chennai
C0619,Client_Partner_0619,Corporate,Delhi
C0620,Client_Partner_0620,Home Office,Chennai
C0621,Client_Partner_0621,Consumer,Chennai
C0622,Client_Partner_0622,Consumer,Chennai
C0623,Client_Partner_0623,Home Office,Bengaluru
C0624,Client_Partner_0624,Consumer,Bengaluru
C0625,Client_Partner_0625,Home Office,Chennai
C0626,Client_Partner_0626,Corporate,Chennai
C0627,Client_Partner_0627,Consumer,Hyderabad
C0628,Client_Partner_0628,Corporate,Kolkata
C0629,Client_Partner_0629,Corporate,Hyderabad
C0630,Client_Partner_0630,Corporate,Delhi
C0631,Client_Partner_0631,Corporate,Delhi
C0632,Client_Partner_0632,Consumer,Chennai
C0633,Client_Partner_0633,Corporate,Bengaluru
C0634,Client_Partner_0634,Corporate,Chennai
C0635,Client_Partner_0635,Corporate,Mumbai
C0636,Client_Partner_0636,Corporate,Hyderabad
C0637,Client_Partner_0637,Home Office,Kolkata
C0638,Client_Partner_0638,Consumer,Kolkata
C0639,Client_Partner_0639,Corporate,Chennai
C0640,Client_Partner_0640,Home Office,Bangalore 
C0641,Client_Partner_0641,Home Office,Hyderabad
C0642,Client_Partner_0642,Corporate,Chennai
C0643,Client_Partner_0643,Consumer,Mumbai
C0644,Client_Partner_0644,Home Office,Hyderabad
C0645,Client_Partner_0645,Consumer,Hyderabad
C0646,Client_Partner_0646,Corporate,Mumbai
C0647,Client_Partner_0647,Corporate,Delhi
C0648,Client_Partner_0648,Corporate,Chennai
C0649,Client_Partner_0649,Home Office,Delhi
C0650,Client_Partner_0650,Home Office,Chennai
C0651,Client_Partner_0651,Corporate,Hyderabad
C0652,Client_Partner_0652,Consumer,Bengaluru
C0653,Client_Partner_0653,Home Office,Delhi
C0654,Client_Partner_0654,Consumer,Kolkata
C0655,Client_Partner_0655,Consumer,Bengaluru
C0656,Client_Partner_0656,Corporate,Hyderabad
C0657,Client_Partner_0657,Home Office,Delhi
C0658,Client_Partner_0658,Corporate,Bengaluru
C0659,Client_Partner_0659,Home Office,BLR
C0660,Client_Partner_0660,Corporate,
C0661,Client_Partner_0661,Consumer,Kolkata
C0662,Client_Partner_0662,Consumer,Bengaluru
C0663,Client_Partner_0663,Corporate,Hyderabad
C0664,Client_Partner_0664,Corporate,Hyderabad
C0665,Client_Partner_0665,Consumer,Delhi
C0666,Client_Partner_0666,Corporate,Kolkata
C0667,Client_Partner_0667,Home Office,Chennai
C0668,Client_Partner_0668,Corporate,Chennai
C0669,Client_Partner_0669,Corporate,Kolkata
C0670,Client_Partner_0670,Corporate,Hyderabad
C0671,Client_Partner_0671,Consumer,Delhi
C0672,Client_Partner_0672,Consumer,Mumbai
C0673,Client_Partner_0673,Corporate,Delhi
C0674,Client_Partner_0674,Home Office,Delhi
C0675,Client_Partner_0675,Home Office,Delhi
C0676,Client_Partner_0676,Corporate,Chennai
C0677,Client_Partner_0677,Consumer,Delhi
C0678,Client_Partner_0678,Home Office,Kolkata
C0679,Client_Partner_0679,Corporate,
C0680,Client_Partner_0680,Consumer,Mumbai
C0681,Client_Partner_0681,Corporate,Bengaluru
C0682,Client_Partner_0682,Home Office,Chennai
C0683,Client_Partner_0683,Home Office,Kolkata
C0684,Client_Partner_0684,Home Office,Bengaluru
C0685,Client_Partner_0685,Home Office,Bengaluru
C0686,Client_Partner_0686,Home Office,Chennai
C0687,Client_Partner_0687,Home Office,Bengaluru
C0688,Client_Partner_0688,Home Office,Delhi
C0689,Client_Partner_0689,Home Office,Kolkata
C0690,Client_Partner_0690,Consumer,Bengaluru
C0691,Client_Partner_0691,Home Office,Kolkata
C0692,Client_Partner_0692,Consumer,Kolkata
C0693,Client_Partner_0693,Home Office,Kolkata
C0694,Client_Partner_0694,Corporate,Kolkata
C0695,Client_Partner_0695,Consumer,
C0696,Client_Partner_0696,Home Office,Chennai
C0697,Client_Partner_0697,Home Office,Mumbai
C0698,Client_Partner_0698,Consumer,Kolkata
C0699,Client_Partner_0699,Consumer,Kolkata
C0700,Client_Partner_0700,Corporate,Kolkata
C0701,Client_Partner_0701,Home Office,BLR
C0702,Client_Partner_0702,Corporate,Kolkata
C0703,Client_Partner_0703,Corporate,Mumbai
C0704,Client_Partner_0704,Home Office,Delhi
C0705,Client_Partner_0705,Consumer,Chennai
C0706,Client_Partner_0706,Consumer,Mumbai
C0707,Client_Partner_0707,Home Office,BLR
C0708,Client_Partner_0708,Home Office,Bangalore 
C0709,Client_Partner_0709,Home Office,Kolkata
C0710,Client_Partner_0710,Home Office,Mumbai
C0711,Client_Partner_0711,Consumer,Chennai
C0712,Client_Partner_0712,Corporate,Delhi
C0713,Client_Partner_0713,Consumer,Hyderabad
C0714,Client_Partner_0714,Home Office,Delhi
C0715,Client_Partner_0715,Consumer,Kolkata
C0716,Client_Partner_0716,Home Office,Delhi
C0717,Client_Partner_0717,Consumer,Bengaluru
C0718,Client_Partner_0718,Corporate,Delhi
C0719,Client_Partner_0719,Consumer,Chennai
C0720,Client_Partner_0720,Consumer,Hyderabad
C0721,Client_Partner_0721,Home Office,Chennai
C0722,Client_Partner_0722,Home Office,Mumbai
C0723,Client_Partner_0723,Home Office,Hyderabad
C0724,Client_Partner_0724,Home Office,Hyderabad
C0725,Client_Partner_0725,Consumer,Delhi
C0726,Client_Partner_0726,Consumer,
C0727,Client_Partner_0727,Home Office,BLR
C0728,Client_Partner_0728,Home Office,Hyderabad
C0729,Client_Partner_0729,Home Office,Chennai
C0730,Client_Partner_0730,Consumer,Chennai
C0731,Client_Partner_0731,Corporate,Bengaluru
C0732,Client_Partner_0732,Home Office,BLR
C0733,Client_Partner_0733,Consumer,Chennai
C0734,Client_Partner_0734,Home Office,Kolkata
C0735,Client_Partner_0735,Consumer,Mumbai
C0736,Client_Partner_0736,Consumer,Chennai
C0737,Client_Partner_0737,Home Office,Hyderabad
C0738,Client_Partner_0738,Home Office,Bangalore 
C0739,Client_Partner_0739,Consumer,Bangalore 
C0740,Client_Partner_0740,Home Office,Hyderabad
C0741,Client_Partner_0741,Consumer,Mumbai
C0742,Client_Partner_0742,Consumer,Mumbai
C0743,Client_Partner_0743,Consumer,Chennai
C0744,Client_Partner_0744,Consumer,Hyderabad
C0745,Client_Partner_0745,Corporate,Mumbai
C0746,Client_Partner_0746,Home Office,Chennai
C0747,Client_Partner_0747,Corporate,Mumbai
C0748,Client_Partner_0748,Corporate,Mumbai
C0749,Client_Partner_0749,Consumer,Hyderabad
C0750,Client_Partner_0750,Consumer,Delhi
C0751,Client_Partner_0751,Corporate,Chennai
C0752,Client_Partner_0752,Home Office,
C0753,Client_Partner_0753,Corporate,Bengaluru
C0754,Client_Partner_0754,Home Office,Bengaluru
C0755,Client_Partner_0755,Consumer,Kolkata
C0756,Client_Partner_0756,Home Office,Mumbai
C0757,Client_Partner_0757,Consumer,Chennai
C0758,Client_Partner_0758,Corporate,Hyderabad
C0759,Client_Partner_0759,Home Office,Bangalore 
C0760,Client_Partner_0760,Corporate,Bengaluru
C0761,Client_Partner_0761,Corporate,Mumbai
C0762,Client_Partner_0762,Consumer,Hyderabad
C0763,Client_Partner_0763,Corporate,Chennai
C0764,Client_Partner_0764,Corporate,Delhi
C0765,Client_Partner_0765,Corporate,Kolkata
C0766,Client_Partner_0766,Corporate,Delhi
C0767,Client_Partner_0767,Consumer,Chennai
C0768,Client_Partner_0768,Corporate,Chennai
C0769,Client_Partner_0769,Consumer,Delhi
C0770,Client_Partner_0770,Home Office,Mumbai
C0771,Client_Partner_0771,Home Office,Chennai
C0772,Client_Partner_0772,Consumer,Delhi
C0773,Client_Partner_0773,Home Office,Kolkata
C0774,Client_Partner_0774,Corporate,Delhi
C0775,Client_Partner_0775,Corporate,Chennai
C0776,Client_Partner_0776,Home Office,BLR
C0777,Client_Partner_0777,Home Office,Mumbai
C0778,Client_Partner_0778,Consumer,Kolkata
C0779,Client_Partner_0779,Consumer,Mumbai
C0780,Client_Partner_0780,Home Office,Bangalore 
C0781,Client_Partner_0781,Corporate,Mumbai
C0782,Client_Partner_0782,Corporate,Hyderabad
C0783,Client_Partner_0783,Corporate,Hyderabad
C0784,Client_Partner_0784,Corporate,Hyderabad
C0785,Client_Partner_0785,Corporate,Chennai
C0786,Client_Partner_0786,Consumer,Hyderabad
C0787,Client_Partner_0787,Home Office,BLR
C0788,Client_Partner_0788,Home Office,Bengaluru
C0789,Client_Partner_0789,Corporate,Mumbai
C0790,Client_Partner_0790,Home Office,Kolkata
C0791,Client_Partner_0791,Consumer,Bangalore 
C0792,Client_Partner_0792,Home Office,Kolkata
C0793,Client_Partner_0793,Corporate,Mumbai
C0794,Client_Partner_0794,Corporate,Chennai
C0795,Client_Partner_0795,Consumer,Chennai
C0796,Client_Partner_0796,Home Office,Hyderabad
C0797,Client_Partner_0797,Consumer,Chennai
C0798,Client_Partner_0798,Home Office,Chennai
C0799,Client_Partner_0799,Consumer,Delhi
C0800,Client_Partner_0800,Consumer,Chennai
C0801,Client_Partner_0801,Corporate,Hyderabad
C0802,Client_Partner_0802,Consumer,Kolkata
C0803,Client_Partner_0803,Consumer,Chennai
C0804,Client_Partner_0804,Corporate,Mumbai
C0805,Client_Partner_0805,Home Office,Kolkata
C0806,Client_Partner_0806,Consumer,Mumbai
C0807,Client_Partner_0807,Home Office,Bengaluru
C0808,Client_Partner_0808,Corporate,
C0809,Client_Partner_0809,Corporate,Chennai
C0810,Client_Partner_0810,Consumer,Delhi
C0811,Client_Partner_0811,Consumer,Mumbai
C0812,Client_Partner_0812,Consumer,Hyderabad
C0813,Client_Partner_0813,Corporate,Hyderabad
C0814,Client_Partner_0814,Corporate,Kolkata
C0815,Client_Partner_0815,Home Office,Hyderabad
C0816,Client_Partner_0816,Home Office,Delhi
C0817,Client_Partner_0817,Corporate,Delhi
C0818,Client_Partner_0818,Corporate,Mumbai
C0819,Client_Partner_0819,Corporate,Delhi
C0820,Client_Partner_0820,Corporate,Chennai
C0821,Client_Partner_0821,Corporate,Mumbai
C0822,Client_Partner_0822,Corporate,Delhi
C0823,Client_Partner_0823,Consumer,Bengaluru
C0824,Client_Partner_0824,Consumer,Delhi
C0825,Client_Partner_0825,Home Office,Mumbai
C0826,Client_Partner_0826,Home Office,Mumbai
C0827,Client_Partner_0827,Consumer,Kolkata
C0828,Client_Partner_0828,Consumer,Delhi
C0829,Client_Partner_0829,Consumer,Bengaluru
C0830,Client_Partner_0830,Home Office,Hyderabad
C0831,Client_Partner_0831,Home Office,Mumbai
C0832,Client_Partner_0832,Home Office,Bengaluru
C0833,Client_Partner_0833,Home Office,BLR
C0834,Client_Partner_0834,Home Office,Chennai
C0835,Client_Partner_0835,Consumer,Kolkata
C0836,Client_Partner_0836,Consumer,Chennai
C0837,Client_Partner_0837,Home Office,Chennai
C0838,Client_Partner_0838,Home Office,Delhi
C0839,Client_Partner_0839,Consumer,Chennai
C0840,Client_Partner_0840,Corporate,Hyderabad
C0841,Client_Partner_0841,Home Office,Chennai
C0842,Client_Partner_0842,Consumer,Kolkata
C0843,Client_Partner_0843,Corporate,Bengaluru
C0844,Client_Partner_0844,Corporate,Hyderabad
C0845,Client_Partner_0845,Home Office,Mumbai
C0846,Client_Partner_0846,Home Office,Kolkata
C0847,Client_Partner_0847,Consumer,Hyderabad
C0848,Client_Partner_0848,Home Office,Bengaluru
C0849,Client_Partner_0849,Consumer,Mumbai
C0850,Client_Partner_0850,Consumer,Chennai
C0851,Client_Partner_0851,Corporate,Delhi
C0852,Client_Partner_0852,Consumer,Mumbai
C0853,Client_Partner_0853,Home Office,Chennai
C0854,Client_Partner_0854,Corporate,Hyderabad
C0855,Client_Partner_0855,Consumer,Hyderabad
C0856,Client_Partner_0856,Corporate,
C0857,Client_Partner_0857,Corporate,Mumbai
C0858,Client_Partner_0858,Home Office,Chennai
C0859,Client_Partner_0859,Home Office,Chennai
C0860,Client_Partner_0860,Consumer,Mumbai
C0861,Client_Partner_0861,Corporate,Chennai
C0862,Client_Partner_0862,Home Office,Delhi
C0863,Client_Partner_0863,Consumer,Hyderabad
C0864,Client_Partner_0864,Corporate,Delhi
C0865,Client_Partner_0865,Corporate,Kolkata
C0866,Client_Partner_0866,Corporate,Delhi
C0867,Client_Partner_0867,Corporate,Kolkata
C0868,Client_Partner_0868,Consumer,Chennai
C0869,Client_Partner_0869,Corporate,Hyderabad
C0870,Client_Partner_0870,Home Office,Mumbai
C0871,Client_Partner_0871,Corporate,Bangalore 
C0872,Client_Partner_0872,Corporate,Delhi
C0873,Client_Partner_0873,Corporate,Bengaluru
C0874,Client_Partner_0874,Corporate,Hyderabad
C0875,Client_Partner_0875,Corporate,Bangalore 
C0876,Client_Partner_0876,Consumer,Kolkata
C0877,Client_Partner_0877,Consumer,Chennai
C0878,Client_Partner_0878,Home Office,Delhi
C0879,Client_Partner_0879,Corporate,Chennai
C0880,Client_Partner_0880,Home Office,Delhi
C0881,Client_Partner_0881,Consumer,Bengaluru
C0882,Client_Partner_0882,Home Office,Hyderabad
C0883,Client_Partner_0883,Home Office,Hyderabad
C0884,Client_Partner_0884,Home Office,Delhi
C0885,Client_Partner_0885,Consumer,Delhi
C0886,Client_Partner_0886,Home Office,Mumbai
C0887,Client_Partner_0887,Home Office,Mumbai
C0888,Client_Partner_0888,Home Office,Delhi
C0889,Client_Partner_0889,Home Office,Chennai
C0890,Client_Partner_0890,Corporate,BLR
C0891,Client_Partner_0891,Consumer,
C0892,Client_Partner_0892,Home Office,Chennai
C0893,Client_Partner_0893,Home Office,Hyderabad
C0894,Client_Partner_0894,Consumer,Bengaluru
C0895,Client_Partner_0895,Home Office,Chennai
C0896,Client_Partner_0896,Home Office,Bengaluru
C0897,Client_Partner_0897,Home Office,BLR
C0898,Client_Partner_0898,Consumer,Hyderabad
C0899,Client_Partner_0899,Consumer,Delhi
C0900,Client_Partner_0900,Home Office,Chennai
C0901,Client_Partner_0901,Home Office,Delhi
C0902,Client_Partner_0902,Corporate,Mumbai
C0903,Client_Partner_0903,Corporate,Hyderabad
C0904,Client_Partner_0904,Home Office,Chennai
C0905,Client_Partner_0905,Home Office,Chennai
C0906,Client_Partner_0906,Home Office,BLR
C0907,Client_Partner_0907,Corporate,Hyderabad
C0908,Client_Partner_0908,Consumer,Mumbai
C0909,Client_Partner_0909,Consumer,Bengaluru
C0910,Client_Partner_0910,Corporate,Hyderabad
C0911,Client_Partner_0911,Home Office,Bangalore 
C0912,Client_Partner_0912,Consumer,Chennai
C0913,Client_Partner_0913,Corporate,Delhi
C0914,Client_Partner_0914,Home Office,Hyderabad
C0915,Client_Partner_0915,Corporate,Bengaluru
C0916,Client_Partner_0916,Corporate,Bangalore 
C0917,Client_Partner_0917,Home Office,Delhi
C0918,Client_Partner_0918,Corporate,Kolkata
C0919,Client_Partner_0919,Corporate,Bengaluru
C0920,Client_Partner_0920,Consumer,Kolkata
C0921,Client_Partner_0921,Consumer,Kolkata
C0922,Client_Partner_0922,Home Office,Delhi
C0923,Client_Partner_0923,Corporate,Kolkata
C0924,Client_Partner_0924,Corporate,Hyderabad
C0925,Client_Partner_0925,Consumer,Hyderabad
C0926,Client_Partner_0926,Home Office,Mumbai
C0927,Client_Partner_0927,Home Office,Hyderabad
C0928,Client_Partner_0928,Home Office,Chennai
C0929,Client_Partner_0929,Corporate,Hyderabad
C0930,Client_Partner_0930,Corporate,Hyderabad
C0931,Client_Partner_0931,Consumer,Mumbai
C0932,Client_Partner_0932,Consumer,Bangalore 
C0933,Client_Partner_0933,Consumer,Bengaluru
C0934,Client_Partner_0934,Consumer,Delhi
C0935,Client_Partner_0935,Home Office,Delhi
C0936,Client_Partner_0936,Home Office,Hyderabad
C0937,Client_Partner_0937,Home Office,Kolkata
C0938,Client_Partner_0938,Corporate,Bengaluru
C0939,Client_Partner_0939,Consumer,Mumbai
C0940,Client_Partner_0940,Corporate,Bengaluru
C0941,Client_Partner_0941,Corporate,Delhi
C0942,Client_Partner_0942,Corporate,Mumbai
C0943,Client_Partner_0943,Home Office,Mumbai
C0944,Client_Partner_0944,Home Office,Delhi
C0945,Client_Partner_0945,Home Office,Kolkata
C0946,Client_Partner_0946,Corporate,Bengaluru
C0947,Client_Partner_0947,Consumer,Hyderabad
C0948,Client_Partner_0948,Consumer,Mumbai
C0949,Client_Partner_0949,Home Office,Mumbai
C0950,Client_Partner_0950,Home Office,Bengaluru
C0951,Client_Partner_0951,Corporate,Mumbai
C0952,Client_Partner_0952,Home Office,Hyderabad
C0953,Client_Partner_0953,Corporate,Hyderabad
C0954,Client_Partner_0954,Home Office,Chennai
C0955,Client_Partner_0955,Consumer,Delhi
C0956,Client_Partner_0956,Home Office,Mumbai
C0957,Client_Partner_0957,Home Office,Chennai
C0958,Client_Partner_0958,Consumer,Bengaluru
C0959,Client_Partner_0959,Corporate,Mumbai
C0960,Client_Partner_0960,Corporate,Delhi
C0961,Client_Partner_0961,Corporate,Chennai
C0962,Client_Partner_0962,Consumer,Bengaluru
C0963,Client_Partner_0963,Consumer,Hyderabad
C0964,Client_Partner_0964,Home Office,BLR
C0965,Client_Partner_0965,Home Office,Chennai
C0966,Client_Partner_0966,Corporate,Bengaluru
C0967,Client_Partner_0967,Corporate,Mumbai
C0968,Client_Partner_0968,Corporate,
C0969,Client_Partner_0969,Corporate,Mumbai
C0970,Client_Partner_0970,Corporate,Bengaluru
C0971,Client_Partner_0971,Home Office,Chennai
C0972,Client_Partner_0972,Corporate,Kolkata
C0973,Client_Partner_0973,Corporate,Kolkata
C0974,Client_Partner_0974,Consumer,Hyderabad
C0975,Client_Partner_0975,Corporate,Chennai
C0976,Client_Partner_0976,Corporate,Hyderabad
C0977,Client_Partner_0977,Corporate,Delhi
C0978,Client_Partner_0978,Home Office,Mumbai
C0979,Client_Partner_0979,Home Office,Kolkata
C0980,Client_Partner_0980,Consumer,Mumbai
C0981,Client_Partner_0981,Corporate,Kolkata
C0982,Client_Partner_0982,Consumer,Mumbai
C0983,Client_Partner_0983,Consumer,Chennai
C0984,Client_Partner_0984,Consumer,Delhi
C0985,Client_Partner_0985,Home Office,Chennai
C0986,Client_Partner_0986,Corporate,Chennai
C0987,Client_Partner_0987,Consumer,Kolkata
C0988,Client_Partner_0988,Consumer,Hyderabad
C0989,Client_Partner_0989,Corporate,Kolkata
C0990,Client_Partner_0990,Corporate,Mumbai
C0991,Client_Partner_0991,Consumer,Kolkata
C0992,Client_Partner_0992,Consumer,Chennai
C0993,Client_Partner_0993,Corporate,Hyderabad
C0994,Client_Partner_0994,Consumer,Delhi
C0995,Client_Partner_0995,Consumer,Bengaluru
C0996,Client_Partner_0996,Corporate,Chennai
C0997,Client_Partner_0997,Consumer,Delhi
C0998,Client_Partner_0998,Home Office,Delhi
C0999,Client_Partner_0999,Consumer,BLR
C1000,Client_Partner_1000,Consumer,Mumbai
C1001,Client_Partner_1001,Consumer,Chennai
C1002,Client_Partner_1002,Consumer,Delhi
C1003,Client_Partner_1003,Home Office,Delhi
C1004,Client_Partner_1004,Home Office,Bengaluru
C1005,Client_Partner_1005,Consumer,Hyderabad
C1006,Client_Partner_1006,Corporate,
C1007,Client_Partner_1007,Consumer,Mumbai
C1008,Client_Partner_1008,Home Office,Bengaluru
C1009,Client_Partner_1009,Home Office,Chennai
C1010,Client_Partner_1010,Corporate,Kolkata
C1011,Client_Partner_1011,Home Office,Mumbai
C1012,Client_Partner_1012,Corporate,Hyderabad
C1013,Client_Partner_1013,Consumer,Kolkata
C1014,Client_Partner_1014,Home Office,Hyderabad
C1015,Client_Partner_1015,Home Office,Hyderabad
C1016,Client_Partner_1016,Home Office,Kolkata
C1017,Client_Partner_1017,Home Office,Hyderabad
C1018,Client_Partner_1018,Home Office,Chennai
C1019,Client_Partner_1019,Consumer,Chennai
C1020,Client_Partner_1020,Home Office,Mumbai
C1021,Client_Partner_1021,Home Office,Mumbai
C1022,Client_Partner_1022,Corporate,Delhi
C1023,Client_Partner_1023,Corporate,Delhi
C1024,Client_Partner_1024,Home Office,Bengaluru
C1025,Client_Partner_1025,Corporate,Kolkata
C1026,Client_Partner_1026,Home Office,Chennai
C1027,Client_Partner_1027,Corporate,Bengaluru
C1028,Client_Partner_1028,Consumer,Chennai
C1029,Client_Partner_1029,Corporate,Mumbai
C1030,Client_Partner_1030,Consumer,Hyderabad
C1031,Client_Partner_1031,Home Office,Bengaluru
C1032,Client_Partner_1032,Corporate,Mumbai
C1033,Client_Partner_1033,Home Office,Chennai
C1034,Client_Partner_1034,Home Office,Mumbai
C1035,Client_Partner_1035,Consumer,Mumbai
C1036,Client_Partner_1036,Consumer,Delhi
C1037,Client_Partner_1037,Corporate,Kolkata
C1038,Client_Partner_1038,Home Office,Mumbai
C1039,Client_Partner_1039,Consumer,Kolkata
C1040,Client_Partner_1040,Consumer,Delhi
C1041,Client_Partner_1041,Consumer,Chennai
C1042,Client_Partner_1042,Corporate,Hyderabad
C1043,Client_Partner_1043,Home Office,Mumbai
C1044,Client_Partner_1044,Corporate,Kolkata
C1045,Client_Partner_1045,Home Office,Bengaluru
C1046,Client_Partner_1046,Corporate,Kolkata
C1047,Client_Partner_1047,Corporate,Chennai
C1048,Client_Partner_1048,Consumer,Mumbai
C1049,Client_Partner_1049,Corporate,Hyderabad
C1050,Client_Partner_1050,Home Office,Mumbai
C1051,Client_Partner_1051,Home Office,Chennai
C1052,Client_Partner_1052,Home Office,Bengaluru
C1053,Client_Partner_1053,Home Office,
C1054,Client_Partner_1054,Consumer,Bangalore 
C1055,Client_Partner_1055,Consumer,Chennai
C1056,Client_Partner_1056,Corporate,Mumbai
C1057,Client_Partner_1057,Corporate,Hyderabad
C1058,Client_Partner_1058,Consumer,Hyderabad
C1059,Client_Partner_1059,Corporate,Kolkata
C1060,Client_Partner_1060,Corporate,Delhi
C1061,Client_Partner_1061,Corporate,Hyderabad
C1062,Client_Partner_1062,Corporate,Mumbai
C1063,Client_Partner_1063,Consumer,Delhi
C1064,Client_Partner_1064,Corporate,Delhi
C1065,Client_Partner_1065,Home Office,Chennai
C1066,Client_Partner_1066,Home Office,BLR
C1067,Client_Partner_1067,Consumer,Hyderabad
C1068,Client_Partner_1068,Home Office,Hyderabad
C1069,Client_Partner_1069,Home Office,Hyderabad
C1070,Client_Partner_1070,Home Office,Bengaluru
C1071,Client_Partner_1071,Home Office,Chennai
C1072,Client_Partner_1072,Home Office,Hyderabad
C1073,Client_Partner_1073,Corporate,Hyderabad
C1074,Client_Partner_1074,Consumer,Kolkata
C1075,Client_Partner_1075,Consumer,Mumbai
C1076,Client_Partner_1076,Corporate,Kolkata
C1077,Client_Partner_1077,Home Office,Kolkata
C1078,Client_Partner_1078,Home Office,Hyderabad
C1079,Client_Partner_1079,Consumer,Kolkata
C1080,Client_Partner_1080,Corporate,Delhi
C1081,Client_Partner_1081,Corporate,Kolkata
C1082,Client_Partner_1082,Home Office,Kolkata
C1083,Client_Partner_1083,Corporate,Kolkata
C1084,Client_Partner_1084,Corporate,Mumbai
C1085,Client_Partner_1085,Consumer,Delhi
C1086,Client_Partner_1086,Home Office,Delhi
C1087,Client_Partner_1087,Home Office,Chennai
C1088,Client_Partner_1088,Corporate,Kolkata
C1089,Client_Partner_1089,Consumer,Chennai
C1090,Client_Partner_1090,Consumer,Mumbai
C1091,Client_Partner_1091,Corporate,Mumbai
C1092,Client_Partner_1092,Consumer,Bengaluru
C1093,Client_Partner_1093,Consumer,BLR
C1094,Client_Partner_1094,Consumer,Mumbai
C1095,Client_Partner_1095,Consumer,Hyderabad
C1096,Client_Partner_1096,Consumer,Delhi
C1097,Client_Partner_1097,Home Office,Hyderabad
C1098,Client_Partner_1098,Corporate,Bengaluru
C1099,Client_Partner_1099,Home Office,Chennai
C1100,Client_Partner_1100,Home Office,Hyderabad
C1101,Client_Partner_1101,Home Office,Chennai
C1102,Client_Partner_1102,Home Office,Mumbai
C1103,Client_Partner_1103,Consumer,Hyderabad
C1104,Client_Partner_1104,Corporate,Chennai
C1105,Client_Partner_1105,Corporate,Kolkata
C1106,Client_Partner_1106,Home Office,Kolkata
C1107,Client_Partner_1107,Consumer,
C1108,Client_Partner_1108,Consumer,Hyderabad
C1109,Client_Partner_1109,Home Office,Delhi
C1110,Client_Partner_1110,Consumer,BLR
C1111,Client_Partner_1111,Consumer,Delhi
C1112,Client_Partner_1112,Consumer,BLR
C1113,Client_Partner_1113,Home Office,Chennai
C1114,Client_Partner_1114,Home Office,Delhi
C1115,Client_Partner_1115,Home Office,Kolkata
C1116,Client_Partner_1116,Consumer,Mumbai
C1117,Client_Partner_1117,Corporate,Bengaluru
C1118,Client_Partner_1118,Consumer,Hyderabad
C1119,Client_Partner_1119,Corporate,Hyderabad
C1120,Client_Partner_1120,Corporate,Bengaluru
C1121,Client_Partner_1121,Consumer,Hyderabad
C1122,Client_Partner_1122,Home Office,Chennai
C1123,Client_Partner_1123,Consumer,Bengaluru
C1124,Client_Partner_1124,Home Office,Delhi
C1125,Client_Partner_1125,Corporate,
C1126,Client_Partner_1126,Home Office,Kolkata
C1127,Client_Partner_1127,Home Office,Mumbai
C1128,Client_Partner_1128,Consumer,BLR
C1129,Client_Partner_1129,Corporate,Chennai
C1130,Client_Partner_1130,Consumer,Hyderabad
C1131,Client_Partner_1131,Home Office,Hyderabad
C1132,Client_Partner_1132,Corporate,Chennai
C1133,Client_Partner_1133,Consumer,Kolkata
C1134,Client_Partner_1134,Corporate,BLR
C1135,Client_Partner_1135,Consumer,Delhi
C1136,Client_Partner_1136,Corporate,
C1137,Client_Partner_1137,Corporate,Delhi
C1138,Client_Partner_1138,Corporate,Delhi
C1139,Client_Partner_1139,Consumer,Hyderabad
C1140,Client_Partner_1140,Corporate,Bengaluru
C1141,Client_Partner_1141,Home Office,Mumbai
C1142,Client_Partner_1142,Home Office,Kolkata
C1143,Client_Partner_1143,Corporate,Mumbai
C1144,Client_Partner_1144,Corporate,Kolkata
C1145,Client_Partner_1145,Corporate,Delhi
C1146,Client_Partner_1146,Home Office,Delhi
C1147,Client_Partner_1147,Consumer,Hyderabad
C1148,Client_Partner_1148,Corporate,Bengaluru
C1149,Client_Partner_1149,Home Office,Delhi
C1150,Client_Partner_1150,Home Office,Delhi
C1151,Client_Partner_1151,Consumer,Hyderabad
C1152,Client_Partner_1152,Home Office,Hyderabad
C1153,Client_Partner_1153,Home Office,Chennai
C1154,Client_Partner_1154,Home Office,Hyderabad
C1155,Client_Partner_1155,Consumer,Bangalore 
C1156,Client_Partner_1156,Consumer,Mumbai
C1157,Client_Partner_1157,Home Office,Bengaluru
C1158,Client_Partner_1158,Home Office,Delhi
C1159,Client_Partner_1159,Consumer,Delhi
C1160,Client_Partner_1160,Consumer,Mumbai
C1161,Client_Partner_1161,Consumer,Chennai
C1162,Client_Partner_1162,Corporate,Chennai
C1163,Client_Partner_1163,Consumer,
C1164,Client_Partner_1164,Consumer,BLR
C1165,Client_Partner_1165,Consumer,Chennai
C1166,Client_Partner_1166,Corporate,Mumbai
C1167,Client_Partner_1167,Home Office,Delhi
C1168,Client_Partner_1168,Consumer,Hyderabad
C1169,Client_Partner_1169,Home Office,Chennai
C1170,Client_Partner_1170,Corporate,Chennai
C1171,Client_Partner_1171,Home Office,Kolkata
C1172,Client_Partner_1172,Corporate,Bengaluru
C1173,Client_Partner_1173,Corporate,Kolkata
C1174,Client_Partner_1174,Corporate,Bangalore 
C1175,Client_Partner_1175,Consumer,Chennai
C1176,Client_Partner_1176,Home Office,Chennai
C1177,Client_Partner_1177,Home Office,Chennai
C1178,Client_Partner_1178,Consumer,Hyderabad
C1179,Client_Partner_1179,Corporate,Kolkata
C1180,Client_Partner_1180,Home Office,Kolkata
C1181,Client_Partner_1181,Corporate,Mumbai
C1182,Client_Partner_1182,Home Office,Hyderabad
C1183,Client_Partner_1183,Consumer,Delhi
C1184,Client_Partner_1184,Corporate,Hyderabad
C1185,Client_Partner_1185,Corporate,Mumbai
C1186,Client_Partner_1186,Home Office,Mumbai
C1187,Client_Partner_1187,Consumer,Chennai
C1188,Client_Partner_1188,Consumer,Hyderabad
C1189,Client_Partner_1189,Corporate,Chennai
C1190,Client_Partner_1190,Corporate,Kolkata
C1191,Client_Partner_1191,Corporate,Bengaluru
C1192,Client_Partner_1192,Corporate,Delhi
C1193,Client_Partner_1193,Home Office,Delhi
C1194,Client_Partner_1194,Corporate,Chennai
C1195,Client_Partner_1195,Home Office,Delhi
C1196,Client_Partner_1196,Consumer,Kolkata
C1197,Client_Partner_1197,Home Office,Kolkata
C1198,Client_Partner_1198,Consumer,BLR
C1199,Client_Partner_1199,Corporate,Bengaluru
C1200,Client_Partner_1200,Corporate,Chennai
C1201,Client_Partner_1201,Corporate,Hyderabad
C1202,Client_Partner_1202,Consumer,Delhi
C1203,Client_Partner_1203,Corporate,Chennai
C1204,Client_Partner_1204,Consumer,Kolkata
C1205,Client_Partner_1205,Home Office,Bengaluru
C1206,Client_Partner_1206,Corporate,Chennai
C1207,Client_Partner_1207,Corporate,Delhi
C1208,Client_Partner_1208,Home Office,Kolkata
C1209,Client_Partner_1209,Corporate,Bengaluru
C1210,Client_Partner_1210,Consumer,Hyderabad
C1211,Client_Partner_1211,Corporate,Chennai
C1212,Client_Partner_1212,Corporate,Hyderabad
C1213,Client_Partner_1213,Corporate,Bengaluru
C1214,Client_Partner_1214,Corporate,Mumbai
C1215,Client_Partner_1215,Consumer,Chennai
C1216,Client_Partner_1216,Corporate,Mumbai
C1217,Client_Partner_1217,Corporate,Hyderabad
C1218,Client_Partner_1218,Corporate,Bangalore 
C1219,Client_Partner_1219,Home Office,Chennai
C1220,Client_Partner_1220,Corporate,Chennai
C1221,Client_Partner_1221,Home Office,
C1222,Client_Partner_1222,Corporate,Bengaluru
C1223,Client_Partner_1223,Home Office,Hyderabad
C1224,Client_Partner_1224,Consumer,Hyderabad
C1225,Client_Partner_1225,Home Office,Chennai
C1226,Client_Partner_1226,Consumer,Hyderabad
C1227,Client_Partner_1227,Consumer,Chennai
C1228,Client_Partner_1228,Home Office,Kolkata
C1229,Client_Partner_1229,Home Office,Hyderabad
C1230,Client_Partner_1230,Home Office,Kolkata
C1231,Client_Partner_1231,Home Office,Kolkata
C1232,Client_Partner_1232,Consumer,Kolkata
C1233,Client_Partner_1233,Consumer,Kolkata
C1234,Client_Partner_1234,Home Office,Chennai
C1235,Client_Partner_1235,Consumer,Bengaluru
C1236,Client_Partner_1236,Consumer,Chennai
C1237,Client_Partner_1237,Corporate,Delhi
C1238,Client_Partner_1238,Home Office,BLR
C1239,Client_Partner_1239,Home Office,Kolkata
C1240,Client_Partner_1240,Corporate,Delhi
C1241,Client_Partner_1241,Consumer,Bengaluru
C1242,Client_Partner_1242,Consumer,Chennai
C1243,Client_Partner_1243,Home Office,Kolkata
C1244,Client_Partner_1244,Consumer,Chennai
C1245,Client_Partner_1245,Corporate,Kolkata
C1246,Client_Partner_1246,Home Office,Mumbai
C1247,Client_Partner_1247,Consumer,Delhi
C1248,Client_Partner_1248,Home Office,Delhi
C1249,Client_Partner_1249,Home Office,Mumbai
C1250,Client_Partner_1250,Corporate,Delhi
C1251,Client_Partner_1251,Corporate,Hyderabad
C1252,Client_Partner_1252,Home Office,Bengaluru
C1253,Client_Partner_1253,Home Office,Chennai
C1254,Client_Partner_1254,Corporate,Bengaluru
C1255,Client_Partner_1255,Consumer,Hyderabad
C1256,Client_Partner_1256,Home Office,Hyderabad
C1257,Client_Partner_1257,Consumer,Bengaluru
C1258,Client_Partner_1258,Corporate,Kolkata
C1259,Client_Partner_1259,Corporate,Chennai
C1260,Client_Partner_1260,Corporate,Kolkata
C1261,Client_Partner_1261,Home Office,Delhi
C1262,Client_Partner_1262,Consumer,Mumbai
C1263,Client_Partner_1263,Corporate,Delhi
C1264,Client_Partner_1264,Consumer,Bengaluru
C1265,Client_Partner_1265,Consumer,Delhi
C1266,Client_Partner_1266,Consumer,Hyderabad
C1267,Client_Partner_1267,Home Office,Delhi
C1268,Client_Partner_1268,Consumer,Delhi
C1269,Client_Partner_1269,Corporate,Mumbai
C1270,Client_Partner_1270,Home Office,Chennai
C1271,Client_Partner_1271,Corporate,Bengaluru
C1272,Client_Partner_1272,Home Office,BLR
C1273,Client_Partner_1273,Consumer,Mumbai
C1274,Client_Partner_1274,Home Office,Chennai
C1275,Client_Partner_1275,Corporate,Bengaluru
C1276,Client_Partner_1276,Consumer,Mumbai
C1277,Client_Partner_1277,Corporate,Delhi
C1278,Client_Partner_1278,Corporate,Bengaluru
C1279,Client_Partner_1279,Consumer,Hyderabad
C1280,Client_Partner_1280,Home Office,Chennai
C1281,Client_Partner_1281,Consumer,Bengaluru
C1282,Client_Partner_1282,Home Office,Hyderabad
C1283,Client_Partner_1283,Consumer,Delhi
C1284,Client_Partner_1284,Corporate,Kolkata
C1285,Client_Partner_1285,Consumer,BLR
C1286,Client_Partner_1286,Home Office,BLR
C1287,Client_Partner_1287,Home Office,Chennai
C1288,Client_Partner_1288,Home Office,Kolkata
C1289,Client_Partner_1289,Home Office,Kolkata
C1290,Client_Partner_1290,Home Office,Kolkata
C1291,Client_Partner_1291,Home Office,Kolkata
C1292,Client_Partner_1292,Corporate,Delhi
C1293,Client_Partner_1293,Corporate,Kolkata
C1294,Client_Partner_1294,Corporate,Delhi
C1295,Client_Partner_1295,Corporate,
C1296,Client_Partner_1296,Consumer,Delhi
C1297,Client_Partner_1297,Consumer,Kolkata
C1298,Client_Partner_1298,Consumer,Chennai
C1299,Client_Partner_1299,Consumer,Delhi
C1300,Client_Partner_1300,Home Office,Chennai
C1301,Client_Partner_1301,Home Office,Chennai
C1302,Client_Partner_1302,Corporate,Chennai
C1303,Client_Partner_1303,Home Office,Mumbai
C1304,Client_Partner_1304,Home Office,Bangalore 
C1305,Client_Partner_1305,Consumer,Delhi
C1306,Client_Partner_1306,Consumer,Hyderabad
C1307,Client_Partner_1307,Home Office,Kolkata
C1308,Client_Partner_1308,Consumer,Kolkata
C1309,Client_Partner_1309,Corporate,Chennai
C1310,Client_Partner_1310,Consumer,Chennai
C1311,Client_Partner_1311,Home Office,Delhi
C1312,Client_Partner_1312,Home Office,Bangalore 
C1313,Client_Partner_1313,Corporate,Mumbai
C1314,Client_Partner_1314,Home Office,Delhi
C1315,Client_Partner_1315,Corporate,Delhi
C1316,Client_Partner_1316,Home Office,Chennai
C1317,Client_Partner_1317,Home Office,Kolkata
C1318,Client_Partner_1318,Corporate,Delhi
C1319,Client_Partner_1319,Home Office,Chennai
C1320,Client_Partner_1320,Corporate,Kolkata
C1321,Client_Partner_1321,Corporate,
C1322,Client_Partner_1322,Consumer,Mumbai
C1323,Client_Partner_1323,Consumer,Chennai
C1324,Client_Partner_1324,Corporate,Mumbai
C1325,Client_Partner_1325,Corporate,Chennai
C1326,Client_Partner_1326,Home Office,Delhi
C1327,Client_Partner_1327,Consumer,Hyderabad
C1328,Client_Partner_1328,Consumer,Mumbai
C1329,Client_Partner_1329,Home Office,Bangalore 
C1330,Client_Partner_1330,Corporate,Mumbai
C1331,Client_Partner_1331,Corporate,Hyderabad
C1332,Client_Partner_1332,Consumer,Mumbai
C1333,Client_Partner_1333,Home Office,Delhi
C1334,Client_Partner_1334,Consumer,Delhi
C1335,Client_Partner_1335,Consumer,Chennai
C1336,Client_Partner_1336,Corporate,Bengaluru
C1337,Client_Partner_1337,Consumer,Delhi
C1338,Client_Partner_1338,Home Office,Mumbai
C1339,Client_Partner_1339,Corporate,Chennai
C1340,Client_Partner_1340,Corporate,Delhi
C1341,Client_Partner_1341,Corporate,Kolkata
C1342,Client_Partner_1342,Corporate,Kolkata
C1343,Client_Partner_1343,Consumer,Mumbai
C1344,Client_Partner_1344,Corporate,Bengaluru
C1345,Client_Partner_1345,Home Office,Kolkata
C1346,Client_Partner_1346,Consumer,Delhi
C1347,Client_Partner_1347,Corporate,Kolkata
C1348,Client_Partner_1348,Consumer,Hyderabad
C1349,Client_Partner_1349,Consumer,Delhi
C1350,Client_Partner_1350,Corporate,Mumbai
C1351,Client_Partner_1351,Corporate,Delhi
C1352,Client_Partner_1352,Home Office,Mumbai
C1353,Client_Partner_1353,Corporate,Bengaluru
C1354,Client_Partner_1354,Consumer,Kolkata
C1355,Client_Partner_1355,Corporate,Mumbai
C1356,Client_Partner_1356,Home Office,Mumbai
C1357,Client_Partner_1357,Home Office,Chennai
C1358,Client_Partner_1358,Corporate,Kolkata
C1359,Client_Partner_1359,Home Office,Delhi
C1360,Client_Partner_1360,Consumer,Delhi
C1361,Client_Partner_1361,Home Office,Mumbai
C1362,Client_Partner_1362,Corporate,Chennai
C1363,Client_Partner_1363,Home Office,
C1364,Client_Partner_1364,Home Office,Kolkata
C1365,Client_Partner_1365,Consumer,Delhi
C1366,Client_Partner_1366,Consumer,Mumbai
C1367,Client_Partner_1367,Home Office,Chennai
C1368,Client_Partner_1368,Home Office,
C1369,Client_Partner_1369,Consumer,Mumbai
C1370,Client_Partner_1370,Consumer,Kolkata
C1371,Client_Partner_1371,Consumer,Hyderabad
C1372,Client_Partner_1372,Home Office,Bengaluru
C1373,Client_Partner_1373,Home Office,Chennai
C1374,Client_Partner_1374,Consumer,Delhi
C1375,Client_Partner_1375,Corporate,Bangalore 
C1376,Client_Partner_1376,Corporate,Mumbai
C1377,Client_Partner_1377,Home Office,
C1378,Client_Partner_1378,Corporate,Delhi
C1379,Client_Partner_1379,Consumer,Hyderabad
C1380,Client_Partner_1380,Consumer,Kolkata
C1381,Client_Partner_1381,Home Office,Delhi
C1382,Client_Partner_1382,Consumer,Chennai
C1383,Client_Partner_1383,Consumer,Kolkata
C1384,Client_Partner_1384,Corporate,Bengaluru
C1385,Client_Partner_1385,Consumer,Delhi
C1386,Client_Partner_1386,Corporate,Hyderabad
C1387,Client_Partner_1387,Consumer,Bengaluru
C1388,Client_Partner_1388,Corporate,Chennai
C1389,Client_Partner_1389,Consumer,Mumbai
C1390,Client_Partner_1390,Corporate,Hyderabad
C1391,Client_Partner_1391,Corporate,Hyderabad
C1392,Client_Partner_1392,Consumer,Bengaluru
C1393,Client_Partner_1393,Home Office,Bangalore 
C1394,Client_Partner_1394,Consumer,Mumbai
C1395,Client_Partner_1395,Consumer,Kolkata
C1396,Client_Partner_1396,Corporate,Mumbai
C1397,Client_Partner_1397,Consumer,Hyderabad
C1398,Client_Partner_1398,Corporate,Delhi
C1399,Client_Partner_1399,Consumer,Kolkata
C1400,Client_Partner_1400,Corporate,Kolkata
C1401,Client_Partner_1401,Home Office,Kolkata
C1402,Client_Partner_1402,Corporate,Bangalore 
C1403,Client_Partner_1403,Corporate,Kolkata
C1404,Client_Partner_1404,Corporate,Mumbai
C1405,Client_Partner_1405,Consumer,Bengaluru
C1406,Client_Partner_1406,Home Office,Kolkata
C1407,Client_Partner_1407,Corporate,Delhi
C1408,Client_Partner_1408,Corporate,Delhi
C1409,Client_Partner_1409,Corporate,Chennai
C1410,Client_Partner_1410,Corporate,Hyderabad
C1411,Client_Partner_1411,Corporate,Delhi
C1412,Client_Partner_1412,Corporate,Kolkata
C1413,Client_Partner_1413,Corporate,Chennai
C1414,Client_Partner_1414,Home Office,Hyderabad
C1415,Client_Partner_1415,Corporate,Kolkata
C1416,Client_Partner_1416,Consumer,Kolkata
C1417,Client_Partner_1417,Home Office,Chennai
C1418,Client_Partner_1418,Consumer,Bangalore 
C1419,Client_Partner_1419,Consumer,Mumbai
C1420,Client_Partner_1420,Home Office,Mumbai
C1421,Client_Partner_1421,Corporate,Mumbai
C1422,Client_Partner_1422,Consumer,
C1423,Client_Partner_1423,Home Office,Hyderabad
C1424,Client_Partner_1424,Home Office,Hyderabad
C1425,Client_Partner_1425,Corporate,Hyderabad
C1426,Client_Partner_1426,Corporate,Delhi
C1427,Client_Partner_1427,Consumer,Delhi
C1428,Client_Partner_1428,Corporate,Kolkata
C1429,Client_Partner_1429,Corporate,Hyderabad
C1430,Client_Partner_1430,Corporate,Kolkata
C1431,Client_Partner_1431,Home Office,Bengaluru
C1432,Client_Partner_1432,Home Office,Bengaluru
C1433,Client_Partner_1433,Consumer,Delhi
C1434,Client_Partner_1434,Consumer,Delhi
C1435,Client_Partner_1435,Corporate,Chennai
C1436,Client_Partner_1436,Consumer,Chennai
C1437,Client_Partner_1437,Home Office,Chennai
C1438,Client_Partner_1438,Corporate,Delhi
C1439,Client_Partner_1439,Consumer,Chennai
C1440,Client_Partner_1440,Corporate,Kolkata
C1441,Client_Partner_1441,Home Office,BLR
C1442,Client_Partner_1442,Home Office,Delhi
C1443,Client_Partner_1443,Consumer,Chennai
C1444,Client_Partner_1444,Home Office,Hyderabad
C1445,Client_Partner_1445,Corporate,Chennai
C1446,Client_Partner_1446,Home Office,Chennai
C1447,Client_Partner_1447,Consumer,Chennai
C1448,Client_Partner_1448,Consumer,Kolkata
C1449,Client_Partner_1449,Consumer,Kolkata
C1450,Client_Partner_1450,Corporate,Chennai
C1451,Client_Partner_1451,Consumer,Mumbai
C1452,Client_Partner_1452,Home Office,Hyderabad
C1453,Client_Partner_1453,Home Office,Bengaluru
C1454,Client_Partner_1454,Corporate,Hyderabad
C1455,Client_Partner_1455,Corporate,Mumbai
C1456,Client_Partner_1456,Consumer,Mumbai
C1457,Client_Partner_1457,Home Office,Chennai
C1458,Client_Partner_1458,Home Office,Kolkata
C1459,Client_Partner_1459,Corporate,Bengaluru
C1460,Client_Partner_1460,Corporate,Delhi
C1461,Client_Partner_1461,Home Office,Bengaluru
C1462,Client_Partner_1462,Corporate,Kolkata
C1463,Client_Partner_1463,Consumer,Kolkata
C1464,Client_Partner_1464,Home Office,Chennai
C1465,Client_Partner_1465,Corporate,Hyderabad
C1466,Client_Partner_1466,Home Office,Bengaluru
C1467,Client_Partner_1467,Consumer,Kolkata
C1468,Client_Partner_1468,Home Office,Bengaluru
C1469,Client_Partner_1469,Home Office,Bangalore 
C1470,Client_Partner_1470,Corporate,Delhi
C1471,Client_Partner_1471,Consumer,Delhi
C1472,Client_Partner_1472,Home Office,Hyderabad
C1473,Client_Partner_1473,Corporate,Bengaluru
C1474,Client_Partner_1474,Consumer,Delhi
C1475,Client_Partner_1475,Consumer,Hyderabad
C1476,Client_Partner_1476,Home Office,Delhi
C1477,Client_Partner_1477,Corporate,Kolkata
C1478,Client_Partner_1478,Consumer,Delhi
C1479,Client_Partner_1479,Consumer,Delhi
C1480,Client_Partner_1480,Consumer,Chennai
C1481,Client_Partner_1481,Consumer,Hyderabad
C1482,Client_Partner_1482,Consumer,Bengaluru
C1483,Client_Partner_1483,Corporate,Chennai
C1484,Client_Partner_1484,Home Office,Bangalore 
C1485,Client_Partner_1485,Corporate,Chennai
C1486,Client_Partner_1486,Consumer,Delhi
C1487,Client_Partner_1487,Consumer,Hyderabad
C1488,Client_Partner_1488,Home Office,Hyderabad
C1489,Client_Partner_1489,Home Office,Mumbai
C1490,Client_Partner_1490,Corporate,Delhi
C1491,Client_Partner_1491,Home Office,Kolkata
C1492,Client_Partner_1492,Corporate,Bengaluru
C1493,Client_Partner_1493,Consumer,Kolkata
C1494,Client_Partner_1494,Home Office,Mumbai
C1495,Client_Partner_1495,Consumer,Kolkata
C1496,Client_Partner_1496,Home Office,Mumbai
C1497,Client_Partner_1497,Home Office,Kolkata
C1498,Client_Partner_1498,Corporate,Mumbai
C1499,Client_Partner_1499,Consumer,Hyderabad
C1500,Client_Partner_1500,Corporate,Kolkata
C1501,Client_Partner_1501,Home Office,Kolkata
C1502,Client_Partner_1502,Corporate,Hyderabad
C1503,Client_Partner_1503,Corporate,Kolkata
C1504,Client_Partner_1504,Corporate,Bangalore 
C1505,Client_Partner_1505,Home Office,Delhi
C1506,Client_Partner_1506,Home Office,Hyderabad
C1507,Client_Partner_1507,Corporate,Chennai
C1508,Client_Partner_1508,Consumer,Mumbai
C1509,Client_Partner_1509,Corporate,Bengaluru
C1510,Client_Partner_1510,Consumer,Mumbai
C1511,Client_Partner_1511,Home Office,Mumbai
C1512,Client_Partner_1512,Corporate,Delhi
C1513,Client_Partner_1513,Home Office,Delhi
C1514,Client_Partner_1514,Corporate,Hyderabad
C1515,Client_Partner_1515,Corporate,Chennai
C1516,Client_Partner_1516,Home Office,Bengaluru
C1517,Client_Partner_1517,Home Office,Mumbai
C1518,Client_Partner_1518,Consumer,Delhi
C1519,Client_Partner_1519,Consumer,Kolkata
C1520,Client_Partner_1520,Home Office,Bangalore 
C1521,Client_Partner_1521,Consumer,Chennai
C1522,Client_Partner_1522,Home Office,Mumbai
C1523,Client_Partner_1523,Home Office,Mumbai
C1524,Client_Partner_1524,Corporate,Mumbai
C1525,Client_Partner_1525,Home Office,Delhi
C1526,Client_Partner_1526,Home Office,Bengaluru
C1527,Client_Partner_1527,Consumer,Bengaluru
C1528,Client_Partner_1528,Corporate,Chennai
C1529,Client_Partner_1529,Corporate,Kolkata
C1530,Client_Partner_1530,Home Office,Kolkata
C1531,Client_Partner_1531,Consumer,Mumbai
C1532,Client_Partner_1532,Corporate,Delhi
C1533,Client_Partner_1533,Consumer,Delhi
C1534,Client_Partner_1534,Home Office,Delhi
C1535,Client_Partner_1535,Consumer,Kolkata
C1536,Client_Partner_1536,Consumer,Hyderabad
C1537,Client_Partner_1537,Consumer,Chennai
C1538,Client_Partner_1538,Home Office,Mumbai
C1539,Client_Partner_1539,Home Office,Mumbai
C1540,Client_Partner_1540,Home Office,Mumbai
C1541,Client_Partner_1541,Consumer,Chennai
C1542,Client_Partner_1542,Corporate,Mumbai
C1543,Client_Partner_1543,Consumer,Mumbai
C1544,Client_Partner_1544,Home Office,Mumbai
C1545,Client_Partner_1545,Consumer,Kolkata
C1546,Client_Partner_1546,Corporate,Kolkata
C1547,Client_Partner_1547,Consumer,Kolkata
C1548,Client_Partner_1548,Corporate,Delhi
C1549,Client_Partner_1549,Corporate,Hyderabad
C1550,Client_Partner_1550,Corporate,Hyderabad
C1551,Client_Partner_1551,Home Office,Hyderabad
C1552,Client_Partner_1552,Home Office,Delhi
C1553,Client_Partner_1553,Corporate,Mumbai
C1554,Client_Partner_1554,Consumer,Kolkata
C1555,Client_Partner_1555,Corporate,Bengaluru
C1556,Client_Partner_1556,Consumer,Chennai
C1557,Client_Partner_1557,Home Office,Chennai
C1558,Client_Partner_1558,Home Office,Bengaluru
C1559,Client_Partner_1559,Consumer,BLR
C1560,Client_Partner_1560,Home Office,Delhi
C1561,Client_Partner_1561,Corporate,Kolkata
C1562,Client_Partner_1562,Home Office,Bangalore 
C1563,Client_Partner_1563,Home Office,Bengaluru
C1564,Client_Partner_1564,Home Office,Chennai
C1565,Client_Partner_1565,Home Office,Chennai
C1566,Client_Partner_1566,Corporate,Delhi
C1567,Client_Partner_1567,Home Office,Chennai
C1568,Client_Partner_1568,Home Office,Hyderabad
C1569,Client_Partner_1569,Corporate,Delhi
C1570,Client_Partner_1570,Home Office,Kolkata
C1571,Client_Partner_1571,Home Office,Delhi
C1572,Client_Partner_1572,Corporate,Bengaluru
C1573,Client_Partner_1573,Home Office,Kolkata
C1574,Client_Partner_1574,Consumer,Chennai
C1575,Client_Partner_1575,Consumer,Delhi
C1576,Client_Partner_1576,Corporate,Kolkata
C1577,Client_Partner_1577,Corporate,Mumbai
C1578,Client_Partner_1578,Consumer,Delhi
C1579,Client_Partner_1579,Corporate,Delhi
C1580,Client_Partner_1580,Home Office,Bengaluru
C1581,Client_Partner_1581,Consumer,Delhi
C1582,Client_Partner_1582,Consumer,Mumbai
C1583,Client_Partner_1583,Consumer,Bengaluru
C1584,Client_Partner_1584,Corporate,Mumbai
C1585,Client_Partner_1585,Consumer,Mumbai
C1586,Client_Partner_1586,Corporate,Delhi
C1587,Client_Partner_1587,Home Office,Kolkata
C1588,Client_Partner_1588,Consumer,Hyderabad
C1589,Client_Partner_1589,Corporate,Mumbai
C1590,Client_Partner_1590,Home Office,Hyderabad
C1591,Client_Partner_1591,Consumer,Delhi
C1592,Client_Partner_1592,Consumer,Bangalore 
C1593,Client_Partner_1593,Consumer,Mumbai
C1594,Client_Partner_1594,Home Office,Chennai
C1595,Client_Partner_1595,Consumer,Kolkata
C1596,Client_Partner_1596,Corporate,Hyderabad
C1597,Client_Partner_1597,Home Office,Delhi
C1598,Client_Partner_1598,Consumer,Kolkata
C1599,Client_Partner_1599,Home Office,Delhi
C1600,Client_Partner_1600,Consumer,Kolkata
C1601,Client_Partner_1601,Corporate,Hyderabad
C1602,Client_Partner_1602,Home Office,Kolkata
C1603,Client_Partner_1603,Corporate,Chennai
C1604,Client_Partner_1604,Corporate,Bangalore 
C1605,Client_Partner_1605,Consumer,Hyderabad
C1606,Client_Partner_1606,Home Office,Kolkata
C1607,Client_Partner_1607,Corporate,BLR
C1608,Client_Partner_1608,Home Office,Chennai
C1609,Client_Partner_1609,Consumer,Mumbai
C1610,Client_Partner_1610,Corporate,Bengaluru
C1611,Client_Partner_1611,Consumer,Kolkata
C1612,Client_Partner_1612,Home Office,Kolkata
C1613,Client_Partner_1613,Corporate,Hyderabad
C1614,Client_Partner_1614,Corporate,Hyderabad
C1615,Client_Partner_1615,Corporate,Mumbai
C1616,Client_Partner_1616,Corporate,Delhi
C1617,Client_Partner_1617,Home Office,Delhi
C1618,Client_Partner_1618,Consumer,Hyderabad
C1619,Client_Partner_1619,Corporate,Mumbai
C1620,Client_Partner_1620,Corporate,Delhi
C1621,Client_Partner_1621,Consumer,Chennai
C1622,Client_Partner_1622,Corporate,Bengaluru
C1623,Client_Partner_1623,Consumer,Hyderabad
C1624,Client_Partner_1624,Consumer,Hyderabad
C1625,Client_Partner_1625,Consumer,Mumbai
C1626,Client_Partner_1626,Consumer,Mumbai
C1627,Client_Partner_1627,Home Office,Bangalore 
C1628,Client_Partner_1628,Consumer,Hyderabad
C1629,Client_Partner_1629,Home Office,Kolkata
C1630,Client_Partner_1630,Corporate,Hyderabad
C1631,Client_Partner_1631,Consumer,Delhi
C1632,Client_Partner_1632,Consumer,Bengaluru
C1633,Client_Partner_1633,Corporate,Kolkata
C1634,Client_Partner_1634,Corporate,Kolkata
C1635,Client_Partner_1635,Home Office,Bengaluru
C1636,Client_Partner_1636,Consumer,Hyderabad
C1637,Client_Partner_1637,Corporate,Delhi
C1638,Client_Partner_1638,Home Office,Kolkata
C1639,Client_Partner_1639,Consumer,Mumbai
C1640,Client_Partner_1640,Consumer,Delhi
C1641,Client_Partner_1641,Consumer,Kolkata
C1642,Client_Partner_1642,Consumer,Hyderabad
C1643,Client_Partner_1643,Corporate,Mumbai
C1644,Client_Partner_1644,Home Office,Kolkata
C1645,Client_Partner_1645,Corporate,Mumbai
C1646,Client_Partner_1646,Corporate,Hyderabad
C1647,Client_Partner_1647,Home Office,Bengaluru
C1648,Client_Partner_1648,Consumer,Bengaluru
C1649,Client_Partner_1649,Consumer,Mumbai
C1650,Client_Partner_1650,Home Office,Kolkata
C1651,Client_Partner_1651,Home Office,Mumbai
C1652,Client_Partner_1652,Home Office,Bengaluru
C1653,Client_Partner_1653,Consumer,Chennai
C1654,Client_Partner_1654,Home Office,Kolkata
C1655,Client_Partner_1655,Consumer,Mumbai
C1656,Client_Partner_1656,Home Office,Bangalore 
C1657,Client_Partner_1657,Corporate,Bangalore 
C1658,Client_Partner_1658,Corporate,Chennai
C1659,Client_Partner_1659,Consumer,Hyderabad
C1660,Client_Partner_1660,Corporate,Hyderabad
C1661,Client_Partner_1661,Home Office,Chennai
C1662,Client_Partner_1662,Home Office,Chennai
C1663,Client_Partner_1663,Consumer,Bengaluru
C1664,Client_Partner_1664,Home Office,Kolkata
C1665,Client_Partner_1665,Consumer,Delhi
C1666,Client_Partner_1666,Consumer,Kolkata
C1667,Client_Partner_1667,Corporate,Mumbai
C1668,Client_Partner_1668,Corporate,Hyderabad
C1669,Client_Partner_1669,Corporate,Chennai
C1670,Client_Partner_1670,Home Office,Kolkata
C1671,Client_Partner_1671,Home Office,Kolkata
C1672,Client_Partner_1672,Corporate,Kolkata
C1673,Client_Partner_1673,Corporate,Hyderabad
C1674,Client_Partner_1674,Home Office,Chennai
C1675,Client_Partner_1675,Home Office,Hyderabad
C1676,Client_Partner_1676,Consumer,Chennai
C1677,Client_Partner_1677,Consumer,Hyderabad
C1678,Client_Partner_1678,Corporate,Mumbai
C1679,Client_Partner_1679,Corporate,Delhi
C1680,Client_Partner_1680,Consumer,Chennai
C1681,Client_Partner_1681,Home Office,Kolkata
C1682,Client_Partner_1682,Corporate,Chennai
C1683,Client_Partner_1683,Home Office,Delhi
C1684,Client_Partner_1684,Consumer,Mumbai
C1685,Client_Partner_1685,Home Office,Kolkata
C1686,Client_Partner_1686,Corporate,Delhi
C1687,Client_Partner_1687,Consumer,Chennai
C1688,Client_Partner_1688,Corporate,Bengaluru
C1689,Client_Partner_1689,Home Office,Bengaluru
C1690,Client_Partner_1690,Corporate,Delhi
C1691,Client_Partner_1691,Home Office,Bengaluru
C1692,Client_Partner_1692,Home Office,Hyderabad
C1693,Client_Partner_1693,Corporate,Hyderabad
C1694,Client_Partner_1694,Home Office,Mumbai
C1695,Client_Partner_1695,Home Office,Bengaluru
C1696,Client_Partner_1696,Consumer,Mumbai
C1697,Client_Partner_1697,Corporate,Chennai
C1698,Client_Partner_1698,Consumer,Delhi
C1699,Client_Partner_1699,Home Office,Bengaluru
C1700,Client_Partner_1700,Consumer,Kolkata
C1701,Client_Partner_1701,Corporate,Mumbai
C1702,Client_Partner_1702,Home Office,Hyderabad
C1703,Client_Partner_1703,Consumer,Delhi
C1704,Client_Partner_1704,Consumer,Mumbai
C1705,Client_Partner_1705,Consumer,Hyderabad
C1706,Client_Partner_1706,Home Office,Kolkata
C1707,Client_Partner_1707,Consumer,Mumbai
C1708,Client_Partner_1708,Home Office,Mumbai
C1709,Client_Partner_1709,Home Office,Kolkata
C1710,Client_Partner_1710,Corporate,Hyderabad
C1711,Client_Partner_1711,Corporate,Chennai
C1712,Client_Partner_1712,Consumer,Kolkata
C1713,Client_Partner_1713,Home Office,Delhi
C1714,Client_Partner_1714,Consumer,Bengaluru
C1715,Client_Partner_1715,Home Office,Kolkata
C1716,Client_Partner_1716,Corporate,Delhi
C1717,Client_Partner_1717,Consumer,Hyderabad
C1718,Client_Partner_1718,Consumer,Chennai
C1719,Client_Partner_1719,Corporate,Bengaluru
C1720,Client_Partner_1720,Consumer,Delhi
C1721,Client_Partner_1721,Home Office,Kolkata
C1722,Client_Partner_1722,Corporate,Mumbai
C1723,Client_Partner_1723,Corporate,Chennai
C1724,Client_Partner_1724,Corporate,Mumbai
C1725,Client_Partner_1725,Consumer,Chennai
C1726,Client_Partner_1726,Corporate,Delhi
C1727,Client_Partner_1727,Corporate,Bengaluru
C1728,Client_Partner_1728,Consumer,Hyderabad
C1729,Client_Partner_1729,Home Office,Mumbai
C1730,Client_Partner_1730,Consumer,Mumbai
C1731,Client_Partner_1731,Consumer,Kolkata
C1732,Client_Partner_1732,Home Office,Bangalore 
C1733,Client_Partner_1733,Corporate,Delhi
C1734,Client_Partner_1734,Corporate,Mumbai
C1735,Client_Partner_1735,Corporate,Mumbai
C1736,Client_Partner_1736,Home Office,Kolkata
C1737,Client_Partner_1737,Consumer,Hyderabad
C1738,Client_Partner_1738,Home Office,Hyderabad
C1739,Client_Partner_1739,Corporate,Chennai
C1740,Client_Partner_1740,Home Office,Chennai
C1741,Client_Partner_1741,Consumer,Bengaluru
C1742,Client_Partner_1742,Home Office,Hyderabad
C1743,Client_Partner_1743,Corporate,Delhi
C1744,Client_Partner_1744,Home Office,Hyderabad
C1745,Client_Partner_1745,Corporate,Hyderabad
C1746,Client_Partner_1746,Consumer,Bangalore 
C1747,Client_Partner_1747,Home Office,Chennai
C1748,Client_Partner_1748,Corporate,BLR
C1749,Client_Partner_1749,Corporate,Bengaluru
C1750,Client_Partner_1750,Consumer,Kolkata
C1751,Client_Partner_1751,Consumer,Hyderabad
C1752,Client_Partner_1752,Home Office,Bengaluru
C1753,Client_Partner_1753,Corporate,Hyderabad
C1754,Client_Partner_1754,Consumer,Bengaluru
C1755,Client_Partner_1755,Home Office,Kolkata
C1756,Client_Partner_1756,Consumer,BLR
C1757,Client_Partner_1757,Home Office,Delhi
C1758,Client_Partner_1758,Corporate,Chennai
C1759,Client_Partner_1759,Consumer,Chennai
C1760,Client_Partner_1760,Consumer,Kolkata
C1761,Client_Partner_1761,Corporate,Kolkata
C1762,Client_Partner_1762,Corporate,Mumbai
C1763,Client_Partner_1763,Corporate,Kolkata
C1764,Client_Partner_1764,Home Office,Kolkata
C1765,Client_Partner_1765,Home Office,Kolkata
C1766,Client_Partner_1766,Home Office,Mumbai
C1767,Client_Partner_1767,Home Office,Hyderabad
C1768,Client_Partner_1768,Consumer,Kolkata
C1769,Client_Partner_1769,Corporate,Kolkata
C1770,Client_Partner_1770,Home Office,Delhi
C1771,Client_Partner_1771,Consumer,Bengaluru
C1772,Client_Partner_1772,Consumer,Delhi
C1773,Client_Partner_1773,Corporate,Kolkata
C1774,Client_Partner_1774,Home Office,
C1775,Client_Partner_1775,Home Office,Mumbai
C1776,Client_Partner_1776,Home Office,Chennai
C1777,Client_Partner_1777,Home Office,Chennai
C1778,Client_Partner_1778,Corporate,Mumbai
C1779,Client_Partner_1779,Corporate,Delhi
C1780,Client_Partner_1780,Home Office,Kolkata
C1781,Client_Partner_1781,Consumer,Hyderabad
C1782,Client_Partner_1782,Consumer,Bengaluru
C1783,Client_Partner_1783,Consumer,Bengaluru
C1784,Client_Partner_1784,Home Office,Delhi
C1785,Client_Partner_1785,Corporate,Hyderabad
C1786,Client_Partner_1786,Corporate,Mumbai
C1787,Client_Partner_1787,Corporate,Delhi
C1788,Client_Partner_1788,Corporate,Hyderabad
C1789,Client_Partner_1789,Home Office,Bangalore 
C1790,Client_Partner_1790,Corporate,Chennai
C1791,Client_Partner_1791,Corporate,Mumbai
C1792,Client_Partner_1792,Home Office,Chennai
C1793,Client_Partner_1793,Corporate,Delhi
C1794,Client_Partner_1794,Consumer,Delhi
C1795,Client_Partner_1795,Home Office,Bangalore 
C1796,Client_Partner_1796,Corporate,Kolkata
C1797,Client_Partner_1797,Consumer,Kolkata
C1798,Client_Partner_1798,Home Office,Delhi
C1799,Client_Partner_1799,Home Office,Delhi
C1800,Client_Partner_1800,Home Office,Kolkata
C1801,Client_Partner_1801,Corporate,Kolkata
C1802,Client_Partner_1802,Consumer,Kolkata
C1803,Client_Partner_1803,Home Office,Hyderabad
C1804,Client_Partner_1804,Home Office,Chennai
C1805,Client_Partner_1805,Home Office,Bangalore 
C1806,Client_Partner_1806,Consumer,Bengaluru
C1807,Client_Partner_1807,Consumer,Chennai
C1808,Client_Partner_1808,Consumer,Mumbai
C1809,Client_Partner_1809,Home Office,Chennai
C1810,Client_Partner_1810,Consumer,Bengaluru
C1811,Client_Partner_1811,Home Office,Bengaluru
C1812,Client_Partner_1812,Consumer,Kolkata
C1813,Client_Partner_1813,Home Office,Mumbai
C1814,Client_Partner_1814,Corporate,Hyderabad
C1815,Client_Partner_1815,Corporate,Mumbai
C1816,Client_Partner_1816,Corporate,BLR
C1817,Client_Partner_1817,Corporate,Bengaluru
C1818,Client_Partner_1818,Corporate,
C1819,Client_Partner_1819,Consumer,Chennai
C1820,Client_Partner_1820,Consumer,BLR
C1821,Client_Partner_1821,Consumer,Chennai
C1822,Client_Partner_1822,Corporate,Kolkata
C1823,Client_Partner_1823,Consumer,Hyderabad
C1824,Client_Partner_1824,Consumer,Kolkata
C1825,Client_Partner_1825,Home Office,Bengaluru
C1826,Client_Partner_1826,Corporate,Chennai
C1827,Client_Partner_1827,Corporate,Kolkata
C1828,Client_Partner_1828,Corporate,Delhi
C1829,Client_Partner_1829,Corporate,Kolkata
C1830,Client_Partner_1830,Consumer,Hyderabad
C1831,Client_Partner_1831,Home Office,Chennai
C1832,Client_Partner_1832,Corporate,Delhi
C1833,Client_Partner_1833,Consumer,Bengaluru
C1834,Client_Partner_1834,Consumer,Kolkata
C1835,Client_Partner_1835,Consumer,Bengaluru
C1836,Client_Partner_1836,Consumer,Mumbai
C1837,Client_Partner_1837,Home Office,Chennai
C1838,Client_Partner_1838,Home Office,Kolkata
C1839,Client_Partner_1839,Corporate,Mumbai
C1840,Client_Partner_1840,Home Office,Delhi
C1841,Client_Partner_1841,Home Office,Hyderabad
C1842,Client_Partner_1842,Home Office,Kolkata
C1843,Client_Partner_1843,Consumer,Mumbai
C1844,Client_Partner_1844,Home Office,Hyderabad
C1845,Client_Partner_1845,Consumer,Delhi
C1846,Client_Partner_1846,Corporate,Delhi
C1847,Client_Partner_1847,Home Office,Delhi
C1848,Client_Partner_1848,Consumer,Kolkata
C1849,Client_Partner_1849,Home Office,Mumbai
C1850,Client_Partner_1850,Consumer,Delhi
C1851,Client_Partner_1851,Corporate,
C1852,Client_Partner_1852,Consumer,Kolkata
C1853,Client_Partner_1853,Consumer,Chennai
C1854,Client_Partner_1854,Home Office,Bengaluru
C1855,Client_Partner_1855,Consumer,Chennai
C1856,Client_Partner_1856,Home Office,Chennai
C1857,Client_Partner_1857,Home Office,Mumbai
C1858,Client_Partner_1858,Corporate,Hyderabad
C1859,Client_Partner_1859,Consumer,Hyderabad
C1860,Client_Partner_1860,Corporate,Kolkata
C1861,Client_Partner_1861,Home Office,Kolkata
C1862,Client_Partner_1862,Consumer,Kolkata
C1863,Client_Partner_1863,Home Office,Hyderabad
C1864,Client_Partner_1864,Consumer,Hyderabad
C1865,Client_Partner_1865,Consumer,Kolkata
C1866,Client_Partner_1866,Home Office,Bengaluru
C1867,Client_Partner_1867,Home Office,Mumbai
C1868,Client_Partner_1868,Corporate,Kolkata
C1869,Client_Partner_1869,Corporate,Chennai
C1870,Client_Partner_1870,Corporate,Mumbai
C1871,Client_Partner_1871,Corporate,Chennai
C1872,Client_Partner_1872,Home Office,Hyderabad
C1873,Client_Partner_1873,Home Office,Mumbai
C1874,Client_Partner_1874,Consumer,Hyderabad
C1875,Client_Partner_1875,Corporate,Hyderabad
C1876,Client_Partner_1876,Corporate,Kolkata
C1877,Client_Partner_1877,Consumer,BLR
C1878,Client_Partner_1878,Consumer,
C1879,Client_Partner_1879,Corporate,Chennai
C1880,Client_Partner_1880,Consumer,Mumbai
C1881,Client_Partner_1881,Consumer,Mumbai
C1882,Client_Partner_1882,Corporate,Hyderabad
C1883,Client_Partner_1883,Corporate,Delhi
C1884,Client_Partner_1884,Home Office,Kolkata
C1885,Client_Partner_1885,Home Office,Bengaluru
C1886,Client_Partner_1886,Consumer,Mumbai
C1887,Client_Partner_1887,Home Office,Kolkata
C1888,Client_Partner_1888,Corporate,Kolkata
C1889,Client_Partner_1889,Consumer,Bengaluru
C1890,Client_Partner_1890,Corporate,Hyderabad
C1891,Client_Partner_1891,Home Office,Hyderabad
C1892,Client_Partner_1892,Home Office,Hyderabad
C1893,Client_Partner_1893,Corporate,Bangalore 
C1894,Client_Partner_1894,Home Office,Chennai
C1895,Client_Partner_1895,Corporate,Mumbai
C1896,Client_Partner_1896,Home Office,Kolkata
C1897,Client_Partner_1897,Corporate,Chennai
C1898,Client_Partner_1898,Consumer,Chennai
C1899,Client_Partner_1899,Corporate,Kolkata
C1900,Client_Partner_1900,Home Office,Delhi
C1901,Client_Partner_1901,Corporate,Chennai
C1902,Client_Partner_1902,Consumer,Hyderabad
C1903,Client_Partner_1903,Consumer,Mumbai
C1904,Client_Partner_1904,Home Office,Bengaluru
C1905,Client_Partner_1905,Corporate,Hyderabad
C1906,Client_Partner_1906,Consumer,Delhi
C1907,Client_Partner_1907,Consumer,Delhi
C1908,Client_Partner_1908,Consumer,Kolkata
C1909,Client_Partner_1909,Consumer,Delhi
C1910,Client_Partner_1910,Home Office,
C1911,Client_Partner_1911,Consumer,Mumbai
C1912,Client_Partner_1912,Corporate,Bengaluru
C1913,Client_Partner_1913,Home Office,Delhi
C1914,Client_Partner_1914,Home Office,Kolkata
C1915,Client_Partner_1915,Consumer,Delhi
C1916,Client_Partner_1916,Corporate,Bengaluru
C1917,Client_Partner_1917,Consumer,Mumbai
C1918,Client_Partner_1918,Corporate,Hyderabad
C1919,Client_Partner_1919,Home Office,Delhi
C1920,Client_Partner_1920,Home Office,Kolkata
C1921,Client_Partner_1921,Home Office,Bengaluru
C1922,Client_Partner_1922,Home Office,Delhi
C1923,Client_Partner_1923,Corporate,Hyderabad
C1924,Client_Partner_1924,Home Office,Delhi
C1925,Client_Partner_1925,Consumer,Hyderabad
C1926,Client_Partner_1926,Consumer,Kolkata
C1927,Client_Partner_1927,Corporate,Kolkata
C1928,Client_Partner_1928,Home Office,Bengaluru
C1929,Client_Partner_1929,Home Office,Kolkata
C1930,Client_Partner_1930,Consumer,Bangalore 
C1931,Client_Partner_1931,Corporate,Mumbai
C1932,Client_Partner_1932,Consumer,Delhi
C1933,Client_Partner_1933,Corporate,Bengaluru
C1934,Client_Partner_1934,Home Office,Delhi
C1935,Client_Partner_1935,Corporate,Mumbai
C1936,Client_Partner_1936,Consumer,Chennai
C1937,Client_Partner_1937,Home Office,Chennai
C1938,Client_Partner_1938,Consumer,Chennai
C1939,Client_Partner_1939,Consumer,Delhi
C1940,Client_Partner_1940,Corporate,Hyderabad
C1941,Client_Partner_1941,Consumer,Kolkata
C1942,Client_Partner_1942,Home Office,Bengaluru
C1943,Client_Partner_1943,Home Office,Mumbai
C1944,Client_Partner_1944,Corporate,Hyderabad
C1945,Client_Partner_1945,Corporate,Hyderabad
C1946,Client_Partner_1946,Home Office,Delhi
C1947,Client_Partner_1947,Home Office,Mumbai
C1948,Client_Partner_1948,Consumer,Hyderabad
C1949,Client_Partner_1949,Home Office,Hyderabad
C1950,Client_Partner_1950,Corporate,Mumbai
C1951,Client_Partner_1951,Home Office,Kolkata
C1952,Client_Partner_1952,Home Office,Kolkata
C1953,Client_Partner_1953,Corporate,Delhi
C1954,Client_Partner_1954,Consumer,Chennai
C1955,Client_Partner_1955,Corporate,Chennai
C1956,Client_Partner_1956,Consumer,Bengaluru
C1957,Client_Partner_1957,Home Office,Kolkata
C1958,Client_Partner_1958,Consumer,Mumbai
C1959,Client_Partner_1959,Consumer,Hyderabad
C1960,Client_Partner_1960,Home Office,Bengaluru
C1961,Client_Partner_1961,Corporate,Mumbai
C1962,Client_Partner_1962,Consumer,Hyderabad
C1963,Client_Partner_1963,Home Office,Chennai
C1964,Client_Partner_1964,Corporate,Bengaluru
C1965,Client_Partner_1965,Home Office,Mumbai
C1966,Client_Partner_1966,Corporate,Chennai
C1967,Client_Partner_1967,Consumer,Chennai
C1968,Client_Partner_1968,Corporate,Mumbai
C1969,Client_Partner_1969,Consumer,Delhi
C1970,Client_Partner_1970,Corporate,BLR
C1971,Client_Partner_1971,Corporate,Mumbai
C1972,Client_Partner_1972,Corporate,Kolkata
C1973,Client_Partner_1973,Home Office,Bengaluru
C1974,Client_Partner_1974,Consumer,Delhi
C1975,Client_Partner_1975,Home Office,Mumbai
C1976,Client_Partner_1976,Consumer,Delhi
C1977,Client_Partner_1977,Consumer,Bangalore 
C1978,Client_Partner_1978,Home Office,Chennai
C1979,Client_Partner_1979,Home Office,Chennai
C1980,Client_Partner_1980,Corporate,Mumbai
C1981,Client_Partner_1981,Home Office,Hyderabad
C1982,Client_Partner_1982,Consumer,Bengaluru
C1983,Client_Partner_1983,Corporate,Mumbai
C1984,Client_Partner_1984,Home Office,Chennai
C1985,Client_Partner_1985,Home Office,Hyderabad
C1986,Client_Partner_1986,Consumer,Delhi
C1987,Client_Partner_1987,Home Office,Delhi
C1988,Client_Partner_1988,Home Office,Kolkata
C1989,Client_Partner_1989,Home Office,Kolkata
C1990,Client_Partner_1990,Consumer,Chennai
C1991,Client_Partner_1991,Consumer,Chennai
C1992,Client_Partner_1992,Consumer,Delhi
C1993,Client_Partner_1993,Home Office,Chennai
C1994,Client_Partner_1994,Home Office,Mumbai
C1995,Client_Partner_1995,Consumer,Bengaluru
C1996,Client_Partner_1996,Home Office,Kolkata
C1997,Client_Partner_1997,Home Office,Kolkata
C1998,Client_Partner_1998,Consumer,Mumbai
C1999,Client_Partner_1999,Home Office,Chennai
C2000,Client_Partner_2000,Home Office,Chennai
C2001,Client_Partner_2001,Consumer,Hyderabad
C2002,Client_Partner_2002,Home Office,Mumbai
C2003,Client_Partner_2003,Consumer,Delhi
C2004,Client_Partner_2004,Home Office,Chennai
C2005,Client_Partner_2005,Corporate,Mumbai
C2006,Client_Partner_2006,Corporate,Mumbai
C2007,Client_Partner_2007,Corporate,Mumbai
C2008,Client_Partner_2008,Corporate,Kolkata
C2009,Client_Partner_2009,Home Office,Mumbai
C2010,Client_Partner_2010,Consumer,Chennai
C2011,Client_Partner_2011,Home Office,Bengaluru
C2012,Client_Partner_2012,Consumer,Hyderabad
C2013,Client_Partner_2013,Consumer,Bangalore 
C2014,Client_Partner_2014,Home Office,Delhi
C2015,Client_Partner_2015,Consumer,Mumbai
C2016,Client_Partner_2016,Corporate,Kolkata
C2017,Client_Partner_2017,Corporate,Mumbai
C2018,Client_Partner_2018,Corporate,Mumbai
C2019,Client_Partner_2019,Consumer,Hyderabad
C2020,Client_Partner_2020,Home Office,Kolkata
C2021,Client_Partner_2021,Corporate,Chennai
C2022,Client_Partner_2022,Home Office,Chennai
C2023,Client_Partner_2023,Corporate,Delhi
C2024,Client_Partner_2024,Corporate,Mumbai
C2025,Client_Partner_2025,Consumer,Chennai
C2026,Client_Partner_2026,Corporate,Bengaluru
C2027,Client_Partner_2027,Home Office,Mumbai
C2028,Client_Partner_2028,Corporate,Bengaluru
C2029,Client_Partner_2029,Home Office,Bengaluru
C2030,Client_Partner_2030,Consumer,Delhi
C2031,Client_Partner_2031,Corporate,Mumbai
C2032,Client_Partner_2032,Consumer,Bengaluru
C2033,Client_Partner_2033,Consumer,Kolkata
C2034,Client_Partner_2034,Consumer,Hyderabad
C2035,Client_Partner_2035,Corporate,Chennai
C2036,Client_Partner_2036,Home Office,Kolkata
C2037,Client_Partner_2037,Home Office,Mumbai
C2038,Client_Partner_2038,Corporate,Chennai
C2039,Client_Partner_2039,Consumer,Mumbai
C2040,Client_Partner_2040,Corporate,Mumbai
C2041,Client_Partner_2041,Corporate,Hyderabad
C2042,Client_Partner_2042,Consumer,Chennai
C2043,Client_Partner_2043,Home Office,Chennai
C2044,Client_Partner_2044,Consumer,Bengaluru
C2045,Client_Partner_2045,Home Office,Delhi
C2046,Client_Partner_2046,Consumer,Bengaluru
C2047,Client_Partner_2047,Corporate,Mumbai
C2048,Client_Partner_2048,Home Office,Chennai
C2049,Client_Partner_2049,Consumer,Chennai
C2050,Client_Partner_2050,Corporate,Mumbai
C2051,Client_Partner_2051,Consumer,Bengaluru
C2052,Client_Partner_2052,Home Office,Chennai
C2053,Client_Partner_2053,Corporate,Chennai
C2054,Client_Partner_2054,Home Office,Mumbai
C2055,Client_Partner_2055,Corporate,Bengaluru
C2056,Client_Partner_2056,Corporate,Bengaluru
C2057,Client_Partner_2057,Home Office,Hyderabad
C2058,Client_Partner_2058,Consumer,Kolkata
C2059,Client_Partner_2059,Home Office,Chennai
C2060,Client_Partner_2060,Corporate,Kolkata
C2061,Client_Partner_2061,Home Office,Bengaluru
C2062,Client_Partner_2062,Home Office,Hyderabad
C2063,Client_Partner_2063,Consumer,Bengaluru
C2064,Client_Partner_2064,Corporate,Bengaluru
C2065,Client_Partner_2065,Home Office,Delhi
C2066,Client_Partner_2066,Consumer,BLR
C2067,Client_Partner_2067,Corporate,Kolkata
C2068,Client_Partner_2068,Home Office,Kolkata
C2069,Client_Partner_2069,Corporate,Kolkata
C2070,Client_Partner_2070,Corporate,Bengaluru
C2071,Client_Partner_2071,Home Office,Kolkata
C2072,Client_Partner_2072,Corporate,Hyderabad
C2073,Client_Partner_2073,Corporate,Chennai
C2074,Client_Partner_2074,Corporate,Chennai
C2075,Client_Partner_2075,Home Office,Hyderabad
C2076,Client_Partner_2076,Home Office,Chennai
C2077,Client_Partner_2077,Corporate,Kolkata
C2078,Client_Partner_2078,Corporate,Delhi
C2079,Client_Partner_2079,Home Office,Hyderabad
C2080,Client_Partner_2080,Home Office,Mumbai
C2081,Client_Partner_2081,Home Office,Delhi
C2082,Client_Partner_2082,Corporate,Hyderabad
C2083,Client_Partner_2083,Home Office,Hyderabad
C2084,Client_Partner_2084,Corporate,Delhi
C2085,Client_Partner_2085,Corporate,Bangalore 
C2086,Client_Partner_2086,Consumer,Kolkata
C2087,Client_Partner_2087,Home Office,Delhi
C2088,Client_Partner_2088,Consumer,Bengaluru
C2089,Client_Partner_2089,Corporate,Delhi
C2090,Client_Partner_2090,Home Office,BLR
C2091,Client_Partner_2091,Consumer,Mumbai
C2092,Client_Partner_2092,Home Office,Hyderabad
C2093,Client_Partner_2093,Consumer,Bengaluru
C2094,Client_Partner_2094,Corporate,Kolkata
C2095,Client_Partner_2095,Corporate,Chennai
C2096,Client_Partner_2096,Corporate,Delhi
C2097,Client_Partner_2097,Home Office,Mumbai
C2098,Client_Partner_2098,Home Office,Mumbai
C2099,Client_Partner_2099,Consumer,Chennai
C2100,Client_Partner_2100,Consumer,Mumbai
C2101,Client_Partner_2101,Home Office,Bengaluru
C2102,Client_Partner_2102,Home Office,
C2103,Client_Partner_2103,Home Office,Hyderabad
C2104,Client_Partner_2104,Consumer,Mumbai
C2105,Client_Partner_2105,Home Office,Bengaluru
C2106,Client_Partner_2106,Home Office,Kolkata
C2107,Client_Partner_2107,Corporate,Hyderabad
C2108,Client_Partner_2108,Consumer,Delhi
C2109,Client_Partner_2109,Home Office,Chennai
C2110,Client_Partner_2110,Consumer,Delhi
C2111,Client_Partner_2111,Home Office,Hyderabad
C2112,Client_Partner_2112,Corporate,Hyderabad
C2113,Client_Partner_2113,Corporate,Bengaluru
C2114,Client_Partner_2114,Home Office,Chennai
C2115,Client_Partner_2115,Home Office,Chennai
C2116,Client_Partner_2116,Home Office,Delhi
C2117,Client_Partner_2117,Home Office,Chennai
C2118,Client_Partner_2118,Home Office,Mumbai
C2119,Client_Partner_2119,Home Office,Delhi
C2120,Client_Partner_2120,Home Office,Mumbai
C2121,Client_Partner_2121,Home Office,Hyderabad
C2122,Client_Partner_2122,Home Office,Hyderabad
C2123,Client_Partner_2123,Home Office,Bengaluru
C2124,Client_Partner_2124,Consumer,Bengaluru
C2125,Client_Partner_2125,Consumer,Mumbai
C2126,Client_Partner_2126,Corporate,Mumbai
C2127,Client_Partner_2127,Home Office,Chennai
C2128,Client_Partner_2128,Home Office,Mumbai
C2129,Client_Partner_2129,Home Office,Kolkata
C2130,Client_Partner_2130,Corporate,Bengaluru
C2131,Client_Partner_2131,Consumer,Kolkata
C2132,Client_Partner_2132,Home Office,Delhi
C2133,Client_Partner_2133,Home Office,Delhi
C2134,Client_Partner_2134,Consumer,Delhi
C2135,Client_Partner_2135,Consumer,Chennai
C2136,Client_Partner_2136,Corporate,Hyderabad
C2137,Client_Partner_2137,Consumer,Chennai
C2138,Client_Partner_2138,Home Office,Kolkata
C2139,Client_Partner_2139,Corporate,Kolkata
C2140,Client_Partner_2140,Corporate,Kolkata
C2141,Client_Partner_2141,Consumer,Delhi
C2142,Client_Partner_2142,Corporate,Bengaluru
C2143,Client_Partner_2143,Corporate,Kolkata
C2144,Client_Partner_2144,Consumer,Bengaluru
C2145,Client_Partner_2145,Consumer,Chennai
C2146,Client_Partner_2146,Home Office,Delhi
C2147,Client_Partner_2147,Home Office,Bengaluru
C2148,Client_Partner_2148,Consumer,Chennai
C2149,Client_Partner_2149,Consumer,Kolkata
C2150,Client_Partner_2150,Consumer,Kolkata
C2151,Client_Partner_2151,Home Office,Kolkata
C2152,Client_Partner_2152,Corporate,Kolkata
C2153,Client_Partner_2153,Home Office,Hyderabad
C2154,Client_Partner_2154,Home Office,Chennai
C2155,Client_Partner_2155,Consumer,Bangalore 
C2156,Client_Partner_2156,Home Office,Chennai
C2157,Client_Partner_2157,Corporate,Chennai
C2158,Client_Partner_2158,Consumer,Kolkata
C2159,Client_Partner_2159,Consumer,Delhi
C2160,Client_Partner_2160,Consumer,Hyderabad
C2161,Client_Partner_2161,Home Office,Chennai
C2162,Client_Partner_2162,Consumer,Hyderabad
C2163,Client_Partner_2163,Corporate,Delhi
C2164,Client_Partner_2164,Corporate,Bengaluru
C2165,Client_Partner_2165,Consumer,Hyderabad
C2166,Client_Partner_2166,Home Office,Bengaluru
C2167,Client_Partner_2167,Home Office,Bengaluru
C2168,Client_Partner_2168,Consumer,Hyderabad
C2169,Client_Partner_2169,Home Office,Delhi
C2170,Client_Partner_2170,Consumer,Chennai
C2171,Client_Partner_2171,Consumer,Kolkata
C2172,Client_Partner_2172,Consumer,Kolkata
C2173,Client_Partner_2173,Home Office,Chennai
C2174,Client_Partner_2174,Consumer,Hyderabad
C2175,Client_Partner_2175,Consumer,Chennai
C2176,Client_Partner_2176,Corporate,Bengaluru
C2177,Client_Partner_2177,Home Office,Kolkata
C2178,Client_Partner_2178,Consumer,Delhi
C2179,Client_Partner_2179,Consumer,Hyderabad
C2180,Client_Partner_2180,Consumer,Delhi
C2181,Client_Partner_2181,Corporate,Delhi
C2182,Client_Partner_2182,Home Office,Kolkata
C2183,Client_Partner_2183,Consumer,Chennai
C2184,Client_Partner_2184,Corporate,Mumbai
C2185,Client_Partner_2185,Consumer,Delhi
C2186,Client_Partner_2186,Corporate,Kolkata
C2187,Client_Partner_2187,Consumer,Hyderabad
C2188,Client_Partner_2188,Corporate,Kolkata
C2189,Client_Partner_2189,Consumer,Chennai
C2190,Client_Partner_2190,Consumer,Mumbai
C2191,Client_Partner_2191,Consumer,Delhi
C2192,Client_Partner_2192,Consumer,Delhi
C2193,Client_Partner_2193,Consumer,Mumbai
C2194,Client_Partner_2194,Consumer,Mumbai
C2195,Client_Partner_2195,Corporate,Chennai
C2196,Client_Partner_2196,Consumer,Chennai
C2197,Client_Partner_2197,Consumer,Bengaluru
C2198,Client_Partner_2198,Home Office,Chennai
C2199,Client_Partner_2199,Home Office,Hyderabad
C2200,Client_Partner_2200,Consumer,Bengaluru
C2201,Client_Partner_2201,Home Office,Mumbai
C2202,Client_Partner_2202,Corporate,Mumbai
C2203,Client_Partner_2203,Corporate,Mumbai
C2204,Client_Partner_2204,Home Office,Mumbai
C2205,Client_Partner_2205,Corporate,Kolkata
C2206,Client_Partner_2206,Corporate,Chennai
C2207,Client_Partner_2207,Consumer,Kolkata
C2208,Client_Partner_2208,Corporate,Hyderabad
C2209,Client_Partner_2209,Consumer,Chennai
C2210,Client_Partner_2210,Home Office,Bengaluru
C2211,Client_Partner_2211,Corporate,Bengaluru
C2212,Client_Partner_2212,Consumer,BLR
C2213,Client_Partner_2213,Home Office,Kolkata
C2214,Client_Partner_2214,Consumer,Kolkata
C2215,Client_Partner_2215,Corporate,Delhi
C2216,Client_Partner_2216,Consumer,Mumbai
C2217,Client_Partner_2217,Home Office,Hyderabad
C2218,Client_Partner_2218,Consumer,Bengaluru
C2219,Client_Partner_2219,Consumer,Delhi
C2220,Client_Partner_2220,Corporate,Hyderabad
C2221,Client_Partner_2221,Home Office,Chennai
C2222,Client_Partner_2222,Consumer,Hyderabad
C2223,Client_Partner_2223,Corporate,Mumbai
C2224,Client_Partner_2224,Home Office,Mumbai
C2225,Client_Partner_2225,Corporate,Mumbai
C2226,Client_Partner_2226,Corporate,Mumbai
C2227,Client_Partner_2227,Consumer,
C2228,Client_Partner_2228,Corporate,
C2229,Client_Partner_2229,Consumer,Kolkata
C2230,Client_Partner_2230,Corporate,Mumbai
C2231,Client_Partner_2231,Corporate,Mumbai
C2232,Client_Partner_2232,Consumer,Chennai
C2233,Client_Partner_2233,Corporate,Mumbai
C2234,Client_Partner_2234,Consumer,Mumbai
C2235,Client_Partner_2235,Corporate,Chennai
C2236,Client_Partner_2236,Corporate,Delhi
C2237,Client_Partner_2237,Corporate,Kolkata
C2238,Client_Partner_2238,Corporate,BLR
C2239,Client_Partner_2239,Home Office,Hyderabad
C2240,Client_Partner_2240,Home Office,Hyderabad
C2241,Client_Partner_2241,Corporate,Delhi
C2242,Client_Partner_2242,Corporate,Kolkata
C2243,Client_Partner_2243,Home Office,Hyderabad
C2244,Client_Partner_2244,Home Office,Hyderabad
C2245,Client_Partner_2245,Home Office,Mumbai
C2246,Client_Partner_2246,Corporate,Chennai
C2247,Client_Partner_2247,Corporate,Mumbai
C2248,Client_Partner_2248,Home Office,Mumbai
C2249,Client_Partner_2249,Corporate,Bengaluru
C2250,Client_Partner_2250,Consumer,Kolkata
C2251,Client_Partner_2251,Corporate,Hyderabad
C2252,Client_Partner_2252,Home Office,Mumbai
C2253,Client_Partner_2253,Corporate,Delhi
C2254,Client_Partner_2254,Home Office,Delhi
C2255,Client_Partner_2255,Corporate,Mumbai
C2256,Client_Partner_2256,Corporate,Hyderabad
C2257,Client_Partner_2257,Corporate,Kolkata
C2258,Client_Partner_2258,Consumer,
C2259,Client_Partner_2259,Consumer,Hyderabad
C2260,Client_Partner_2260,Corporate,Delhi
C2261,Client_Partner_2261,Consumer,Bengaluru
C2262,Client_Partner_2262,Consumer,Kolkata
C2263,Client_Partner_2263,Home Office,Kolkata
C2264,Client_Partner_2264,Consumer,Kolkata
C2265,Client_Partner_2265,Home Office,Kolkata
C2266,Client_Partner_2266,Consumer,Delhi
C2267,Client_Partner_2267,Consumer,Chennai
C2268,Client_Partner_2268,Corporate,Delhi
C2269,Client_Partner_2269,Consumer,Delhi
C2270,Client_Partner_2270,Corporate,Chennai
C2271,Client_Partner_2271,Home Office,Delhi
C2272,Client_Partner_2272,Consumer,Bangalore 
C2273,Client_Partner_2273,Corporate,Chennai
C2274,Client_Partner_2274,Corporate,Chennai
C2275,Client_Partner_2275,Consumer,Delhi
C2276,Client_Partner_2276,Home Office,Hyderabad
C2277,Client_Partner_2277,Consumer,Hyderabad
C2278,Client_Partner_2278,Corporate,Hyderabad
C2279,Client_Partner_2279,Consumer,Bengaluru
C2280,Client_Partner_2280,Home Office,Mumbai
C2281,Client_Partner_2281,Corporate,Bengaluru
C2282,Client_Partner_2282,Home Office,Kolkata
C2283,Client_Partner_2283,Home Office,Hyderabad
C2284,Client_Partner_2284,Consumer,Kolkata
C2285,Client_Partner_2285,Corporate,Kolkata
C2286,Client_Partner_2286,Corporate,Hyderabad
C2287,Client_Partner_2287,Consumer,Chennai
C2288,Client_Partner_2288,Corporate,Hyderabad
C2289,Client_Partner_2289,Corporate,Bengaluru
C2290,Client_Partner_2290,Consumer,Mumbai
C2291,Client_Partner_2291,Corporate,Chennai
C2292,Client_Partner_2292,Consumer,Delhi
C2293,Client_Partner_2293,Corporate,Bengaluru
C2294,Client_Partner_2294,Consumer,Delhi
C2295,Client_Partner_2295,Corporate,Mumbai
C2296,Client_Partner_2296,Home Office,Delhi
C2297,Client_Partner_2297,Corporate,Chennai
C2298,Client_Partner_2298,Consumer,Chennai
C2299,Client_Partner_2299,Consumer,Bengaluru
C2300,Client_Partner_2300,Consumer,Delhi
C2301,Client_Partner_2301,Home Office,Delhi
C2302,Client_Partner_2302,Home Office,Bengaluru
C2303,Client_Partner_2303,Corporate,Chennai
C2304,Client_Partner_2304,Corporate,Hyderabad
C2305,Client_Partner_2305,Corporate,Hyderabad
C2306,Client_Partner_2306,Home Office,Bengaluru
C2307,Client_Partner_2307,Corporate,Mumbai
C2308,Client_Partner_2308,Home Office,Hyderabad
C2309,Client_Partner_2309,Consumer,Chennai
C2310,Client_Partner_2310,Corporate,Delhi
C2311,Client_Partner_2311,Consumer,Chennai
C2312,Client_Partner_2312,Home Office,Chennai
C2313,Client_Partner_2313,Corporate,Mumbai
C2314,Client_Partner_2314,Corporate,Delhi
C2315,Client_Partner_2315,Consumer,Chennai
C2316,Client_Partner_2316,Consumer,Delhi
C2317,Client_Partner_2317,Home Office,Chennai
C2318,Client_Partner_2318,Consumer,Hyderabad
C2319,Client_Partner_2319,Corporate,Delhi
C2320,Client_Partner_2320,Consumer,Mumbai
C2321,Client_Partner_2321,Consumer,Kolkata
C2322,Client_Partner_2322,Corporate,Bengaluru
C2323,Client_Partner_2323,Consumer,Chennai
C2324,Client_Partner_2324,Consumer,Kolkata
C2325,Client_Partner_2325,Corporate,Chennai
C2326,Client_Partner_2326,Corporate,Mumbai
C2327,Client_Partner_2327,Consumer,Chennai
C2328,Client_Partner_2328,Corporate,Bengaluru
C2329,Client_Partner_2329,Corporate,Delhi
C2330,Client_Partner_2330,Home Office,Chennai
C2331,Client_Partner_2331,Consumer,Kolkata
C2332,Client_Partner_2332,Corporate,Bangalore 
C2333,Client_Partner_2333,Home Office,Delhi
C2334,Client_Partner_2334,Home Office,Bengaluru
C2335,Client_Partner_2335,Corporate,Chennai
C2336,Client_Partner_2336,Home Office,Kolkata
C2337,Client_Partner_2337,Home Office,Bengaluru
C2338,Client_Partner_2338,Home Office,Chennai
C2339,Client_Partner_2339,Corporate,Delhi
C2340,Client_Partner_2340,Home Office,Bengaluru
C2341,Client_Partner_2341,Consumer,Chennai
C2342,Client_Partner_2342,Home Office,Hyderabad
C2343,Client_Partner_2343,Home Office,Mumbai
C2344,Client_Partner_2344,Home Office,Kolkata
C2345,Client_Partner_2345,Consumer,Delhi
C2346,Client_Partner_2346,Home Office,Chennai
C2347,Client_Partner_2347,Corporate,Hyderabad
C2348,Client_Partner_2348,Corporate,Bangalore 
C2349,Client_Partner_2349,Consumer,Kolkata
C2350,Client_Partner_2350,Home Office,Kolkata
C2351,Client_Partner_2351,Corporate,Mumbai
C2352,Client_Partner_2352,Consumer,Kolkata
C2353,Client_Partner_2353,Home Office,Hyderabad
C2354,Client_Partner_2354,Corporate,Chennai
C2355,Client_Partner_2355,Corporate,Hyderabad
C2356,Client_Partner_2356,Consumer,Hyderabad
C2357,Client_Partner_2357,Home Office,Chennai
C2358,Client_Partner_2358,Corporate,Delhi
C2359,Client_Partner_2359,Home Office,Delhi
C2360,Client_Partner_2360,Consumer,Kolkata
C2361,Client_Partner_2361,Home Office,Hyderabad
C2362,Client_Partner_2362,Consumer,Kolkata
C2363,Client_Partner_2363,Corporate,Hyderabad
C2364,Client_Partner_2364,Corporate,Delhi
C2365,Client_Partner_2365,Home Office,Delhi
C2366,Client_Partner_2366,Consumer,Delhi
C2367,Client_Partner_2367,Consumer,Chennai
C2368,Client_Partner_2368,Consumer,Bengaluru
C2369,Client_Partner_2369,Home Office,Chennai
C2370,Client_Partner_2370,Corporate,Kolkata
C2371,Client_Partner_2371,Consumer,Bengaluru
C2372,Client_Partner_2372,Corporate,Bengaluru
C2373,Client_Partner_2373,Consumer,Mumbai
C2374,Client_Partner_2374,Home Office,Hyderabad
C2375,Client_Partner_2375,Home Office,Delhi
C2376,Client_Partner_2376,Home Office,Chennai
C2377,Client_Partner_2377,Consumer,Kolkata
C2378,Client_Partner_2378,Corporate,Hyderabad
C2379,Client_Partner_2379,Consumer,Delhi
C2380,Client_Partner_2380,Consumer,Mumbai
C2381,Client_Partner_2381,Corporate,Chennai
C2382,Client_Partner_2382,Home Office,Hyderabad
C2383,Client_Partner_2383,Corporate,Mumbai
C2384,Client_Partner_2384,Home Office,Chennai
C2385,Client_Partner_2385,Corporate,Hyderabad
C2386,Client_Partner_2386,Home Office,Delhi
C2387,Client_Partner_2387,Consumer,Delhi
C2388,Client_Partner_2388,Corporate,Hyderabad
C2389,Client_Partner_2389,Corporate,Kolkata
C2390,Client_Partner_2390,Corporate,Delhi
C2391,Client_Partner_2391,Corporate,Bengaluru
C2392,Client_Partner_2392,Home Office,Kolkata
C2393,Client_Partner_2393,Corporate,Chennai
C2394,Client_Partner_2394,Consumer,Mumbai
C2395,Client_Partner_2395,Home Office,Kolkata
C2396,Client_Partner_2396,Consumer,Chennai
C2397,Client_Partner_2397,Consumer,Kolkata
C2398,Client_Partner_2398,Home Office,Kolkata
C2399,Client_Partner_2399,Corporate,Kolkata
C2400,Client_Partner_2400,Corporate,Mumbai
C2401,Client_Partner_2401,Corporate,Mumbai
C2402,Client_Partner_2402,Consumer,Bangalore 
C2403,Client_Partner_2403,Corporate,Hyderabad
C2404,Client_Partner_2404,Corporate,Chennai
C2405,Client_Partner_2405,Consumer,Delhi
C2406,Client_Partner_2406,Corporate,Hyderabad
C2407,Client_Partner_2407,Home Office,Delhi
C2408,Client_Partner_2408,Home Office,Bangalore 
C2409,Client_Partner_2409,Home Office,Kolkata
C2410,Client_Partner_2410,Home Office,Hyderabad
C2411,Client_Partner_2411,Corporate,Bengaluru
C2412,Client_Partner_2412,Corporate,Kolkata
C2413,Client_Partner_2413,Consumer,Chennai
C2414,Client_Partner_2414,Home Office,Mumbai
C2415,Client_Partner_2415,Consumer,Mumbai
C2416,Client_Partner_2416,Consumer,Kolkata
C2417,Client_Partner_2417,Corporate,Mumbai
C2418,Client_Partner_2418,Home Office,Hyderabad
C2419,Client_Partner_2419,Home Office,Mumbai
C2420,Client_Partner_2420,Consumer,Chennai
C2421,Client_Partner_2421,Corporate,Delhi
C2422,Client_Partner_2422,Home Office,Bengaluru
C2423,Client_Partner_2423,Corporate,Delhi
C2424,Client_Partner_2424,Home Office,Bengaluru
C2425,Client_Partner_2425,Consumer,Kolkata
C2426,Client_Partner_2426,Corporate,Delhi
C2427,Client_Partner_2427,Home Office,Kolkata
C2428,Client_Partner_2428,Consumer,Mumbai
C2429,Client_Partner_2429,Corporate,Mumbai
C2430,Client_Partner_2430,Home Office,Bengaluru
C2431,Client_Partner_2431,Corporate,Kolkata
C2432,Client_Partner_2432,Home Office,Delhi
C2433,Client_Partner_2433,Corporate,Chennai
C2434,Client_Partner_2434,Consumer,Bengaluru
C2435,Client_Partner_2435,Consumer,Kolkata
C2436,Client_Partner_2436,Home Office,Chennai
C2437,Client_Partner_2437,Home Office,Delhi
C2438,Client_Partner_2438,Corporate,Mumbai
C2439,Client_Partner_2439,Corporate,
C2440,Client_Partner_2440,Home Office,BLR
C2441,Client_Partner_2441,Home Office,Hyderabad
C2442,Client_Partner_2442,Home Office,Kolkata
C2443,Client_Partner_2443,Corporate,Bengaluru
C2444,Client_Partner_2444,Home Office,Kolkata
C2445,Client_Partner_2445,Corporate,BLR
C2446,Client_Partner_2446,Home Office,Kolkata
C2447,Client_Partner_2447,Corporate,Kolkata
C2448,Client_Partner_2448,Consumer,Hyderabad
C2449,Client_Partner_2449,Home Office,Mumbai
C2450,Client_Partner_2450,Home Office,Bangalore 
C2451,Client_Partner_2451,Corporate,Bangalore 
C2452,Client_Partner_2452,Consumer,Hyderabad
C2453,Client_Partner_2453,Home Office,Mumbai
C2454,Client_Partner_2454,Home Office,Delhi
C2455,Client_Partner_2455,Corporate,Mumbai
C2456,Client_Partner_2456,Consumer,Hyderabad
C2457,Client_Partner_2457,Consumer,Bengaluru
C2458,Client_Partner_2458,Home Office,Kolkata
C2459,Client_Partner_2459,Home Office,Delhi
C2460,Client_Partner_2460,Home Office,BLR
C2461,Client_Partner_2461,Home Office,Hyderabad
C2462,Client_Partner_2462,Corporate,Mumbai
C2463,Client_Partner_2463,Home Office,Mumbai
C2464,Client_Partner_2464,Consumer,Chennai
C2465,Client_Partner_2465,Consumer,Kolkata
C2466,Client_Partner_2466,Corporate,Mumbai
C2467,Client_Partner_2467,Consumer,Hyderabad
C2468,Client_Partner_2468,Home Office,Bengaluru
C2469,Client_Partner_2469,Consumer,Delhi
C2470,Client_Partner_2470,Consumer,Chennai
C2471,Client_Partner_2471,Home Office,Bengaluru
C2472,Client_Partner_2472,Corporate,Hyderabad
C2473,Client_Partner_2473,Consumer,Mumbai
C2474,Client_Partner_2474,Home Office,Hyderabad
C2475,Client_Partner_2475,Consumer,Bengaluru
C2476,Client_Partner_2476,Consumer,Chennai
C2477,Client_Partner_2477,Corporate,BLR
C2478,Client_Partner_2478,Consumer,Mumbai
C2479,Client_Partner_2479,Home Office,Delhi
C2480,Client_Partner_2480,Consumer,Hyderabad
C2481,Client_Partner_2481,Home Office,Chennai
C2482,Client_Partner_2482,Consumer,Mumbai
C2483,Client_Partner_2483,Corporate,Chennai
C2484,Client_Partner_2484,Corporate,
C2485,Client_Partner_2485,Consumer,Bangalore 
C2486,Client_Partner_2486,Home Office,Hyderabad
C2487,Client_Partner_2487,Corporate,Delhi
C2488,Client_Partner_2488,Home Office,Kolkata
C2489,Client_Partner_2489,Home Office,Hyderabad
C2490,Client_Partner_2490,Corporate,Bengaluru
C2491,Client_Partner_2491,Corporate,Delhi
C2492,Client_Partner_2492,Consumer,Hyderabad
C2493,Client_Partner_2493,Home Office,Bengaluru
C2494,Client_Partner_2494,Consumer,Bangalore 
C2495,Client_Partner_2495,Consumer,Bengaluru
C2496,Client_Partner_2496,Corporate,Kolkata
C2497,Client_Partner_2497,Corporate,Delhi
C2498,Client_Partner_2498,Consumer,Bengaluru
C2499,Client_Partner_2499,Consumer,Kolkata
C2500,Client_Partner_2500,Consumer,Bengaluru
C2501,Client_Partner_2501,Home Office,Hyderabad
C2502,Client_Partner_2502,Consumer,BLR
C2503,Client_Partner_2503,Consumer,Delhi
C2504,Client_Partner_2504,Consumer,Chennai
C2505,Client_Partner_2505,Corporate,Bengaluru
C2506,Client_Partner_2506,Corporate,Chennai
C2507,Client_Partner_2507,Consumer,BLR
C2508,Client_Partner_2508,Home Office,Hyderabad
C2509,Client_Partner_2509,Corporate,Kolkata
C2510,Client_Partner_2510,Home Office,Bangalore 
C2511,Client_Partner_2511,Corporate,Bengaluru
C2512,Client_Partner_2512,Home Office,Mumbai
C2513,Client_Partner_2513,Consumer,Kolkata
C2514,Client_Partner_2514,Home Office,Hyderabad
C2515,Client_Partner_2515,Home Office,Kolkata
C2516,Client_Partner_2516,Corporate,Chennai
C2517,Client_Partner_2517,Home Office,Bengaluru
C2518,Client_Partner_2518,Consumer,Chennai
C2519,Client_Partner_2519,Consumer,Kolkata
C2520,Client_Partner_2520,Consumer,Mumbai
C2521,Client_Partner_2521,Home Office,Chennai
C2522,Client_Partner_2522,Home Office,Chennai
C2523,Client_Partner_2523,Home Office,Hyderabad
C2524,Client_Partner_2524,Home Office,Bengaluru
C2525,Client_Partner_2525,Corporate,Kolkata
C2526,Client_Partner_2526,Consumer,Hyderabad
C2527,Client_Partner_2527,Corporate,Chennai
C2528,Client_Partner_2528,Consumer,Hyderabad
C2529,Client_Partner_2529,Consumer,Kolkata
C2530,Client_Partner_2530,Corporate,Bengaluru
C2531,Client_Partner_2531,Consumer,Chennai
C2532,Client_Partner_2532,Home Office,Chennai
C2533,Client_Partner_2533,Home Office,Kolkata
C2534,Client_Partner_2534,Consumer,Mumbai
C2535,Client_Partner_2535,Home Office,Hyderabad
C2536,Client_Partner_2536,Home Office,Delhi
C2537,Client_Partner_2537,Consumer,Chennai
C2538,Client_Partner_2538,Consumer,Hyderabad
C2539,Client_Partner_2539,Corporate,Delhi
C2540,Client_Partner_2540,Corporate,Kolkata
C2541,Client_Partner_2541,Corporate,Mumbai
C2542,Client_Partner_2542,Home Office,Kolkata
C2543,Client_Partner_2543,Corporate,Chennai
C2544,Client_Partner_2544,Home Office,Chennai
C2545,Client_Partner_2545,Home Office,Kolkata
C2546,Client_Partner_2546,Consumer,Mumbai
C2547,Client_Partner_2547,Home Office,Delhi
C2548,Client_Partner_2548,Corporate,Bangalore 
C2549,Client_Partner_2549,Home Office,Mumbai
C2550,Client_Partner_2550,Corporate,Mumbai
C2551,Client_Partner_2551,Corporate,Delhi
C2552,Client_Partner_2552,Consumer,Bengaluru
C2553,Client_Partner_2553,Corporate,Mumbai
C2554,Client_Partner_2554,Consumer,Chennai
C2555,Client_Partner_2555,Home Office,Bengaluru
C2556,Client_Partner_2556,Home Office,Bengaluru
C2557,Client_Partner_2557,Consumer,Delhi
C2558,Client_Partner_2558,Consumer,Delhi
C2559,Client_Partner_2559,Home Office,Hyderabad
C2560,Client_Partner_2560,Corporate,Hyderabad
C2561,Client_Partner_2561,Home Office,Hyderabad
C2562,Client_Partner_2562,Home Office,Bengaluru
C2563,Client_Partner_2563,Corporate,Chennai
C2564,Client_Partner_2564,Corporate,Kolkata
C2565,Client_Partner_2565,Home Office,Chennai
C2566,Client_Partner_2566,Corporate,Kolkata
C2567,Client_Partner_2567,Consumer,Delhi
C2568,Client_Partner_2568,Corporate,Delhi
C2569,Client_Partner_2569,Corporate,Mumbai
C2570,Client_Partner_2570,Home Office,Hyderabad
C2571,Client_Partner_2571,Home Office,Delhi
C2572,Client_Partner_2572,Home Office,Bangalore 
C2573,Client_Partner_2573,Consumer,Chennai
C2574,Client_Partner_2574,Corporate,Kolkata
C2575,Client_Partner_2575,Home Office,Delhi
C2576,Client_Partner_2576,Home Office,
C2577,Client_Partner_2577,Corporate,Chennai
C2578,Client_Partner_2578,Corporate,BLR
C2579,Client_Partner_2579,Corporate,Kolkata
C2580,Client_Partner_2580,Consumer,Hyderabad
C2581,Client_Partner_2581,Corporate,
C2582,Client_Partner_2582,Consumer,
C2583,Client_Partner_2583,Home Office,Chennai
C2584,Client_Partner_2584,Consumer,Bengaluru
C2585,Client_Partner_2585,Home Office,Mumbai
C2586,Client_Partner_2586,Corporate,Delhi
C2587,Client_Partner_2587,Corporate,Chennai
C2588,Client_Partner_2588,Consumer,Hyderabad
C2589,Client_Partner_2589,Corporate,Chennai
C2590,Client_Partner_2590,Corporate,BLR
C2591,Client_Partner_2591,Home Office,Bengaluru
C2592,Client_Partner_2592,Home Office,Delhi
C2593,Client_Partner_2593,Consumer,Kolkata
C2594,Client_Partner_2594,Corporate,Chennai
C2595,Client_Partner_2595,Home Office,Chennai
C2596,Client_Partner_2596,Home Office,Hyderabad
C2597,Client_Partner_2597,Consumer,Hyderabad
C2598,Client_Partner_2598,Consumer,Hyderabad
C2599,Client_Partner_2599,Consumer,Mumbai
C2600,Client_Partner_2600,Corporate,Hyderabad
C2601,Client_Partner_2601,Consumer,Delhi
C2602,Client_Partner_2602,Consumer,Mumbai
C2603,Client_Partner_2603,Corporate,Chennai
C2604,Client_Partner_2604,Consumer,Hyderabad
C2605,Client_Partner_2605,Home Office,Hyderabad
C2606,Client_Partner_2606,Home Office,Bengaluru
C2607,Client_Partner_2607,Consumer,Chennai
C2608,Client_Partner_2608,Home Office,Kolkata
C2609,Client_Partner_2609,Home Office,Bengaluru
C2610,Client_Partner_2610,Consumer,Delhi
C2611,Client_Partner_2611,Corporate,Hyderabad
C2612,Client_Partner_2612,Home Office,Mumbai
C2613,Client_Partner_2613,Home Office,Hyderabad
C2614,Client_Partner_2614,Consumer,Kolkata
C2615,Client_Partner_2615,Consumer,Chennai
C2616,Client_Partner_2616,Corporate,Mumbai
C2617,Client_Partner_2617,Consumer,Hyderabad
C2618,Client_Partner_2618,Corporate,Hyderabad
C2619,Client_Partner_2619,Corporate,Mumbai
C2620,Client_Partner_2620,Home Office,Hyderabad
C2621,Client_Partner_2621,Consumer,Kolkata
C2622,Client_Partner_2622,Corporate,Kolkata
C2623,Client_Partner_2623,Corporate,Kolkata
C2624,Client_Partner_2624,Home Office,Kolkata
C2625,Client_Partner_2625,Corporate,Bengaluru
C2626,Client_Partner_2626,Corporate,Delhi
C2627,Client_Partner_2627,Consumer,Bengaluru
C2628,Client_Partner_2628,Home Office,Chennai
C2629,Client_Partner_2629,Corporate,Mumbai
C2630,Client_Partner_2630,Corporate,Kolkata
C2631,Client_Partner_2631,Corporate,Hyderabad
C2632,Client_Partner_2632,Corporate,Bengaluru
C2633,Client_Partner_2633,Consumer,Bengaluru
C2634,Client_Partner_2634,Corporate,Hyderabad
C2635,Client_Partner_2635,Home Office,Hyderabad
C2636,Client_Partner_2636,Corporate,Mumbai
C2637,Client_Partner_2637,Consumer,Chennai
C2638,Client_Partner_2638,Home Office,Kolkata
C2639,Client_Partner_2639,Corporate,Chennai
C2640,Client_Partner_2640,Home Office,Kolkata
C2641,Client_Partner_2641,Corporate,Chennai
C2642,Client_Partner_2642,Home Office,Mumbai
C2643,Client_Partner_2643,Consumer,Kolkata
C2644,Client_Partner_2644,Home Office,Bangalore 
C2645,Client_Partner_2645,Home Office,Chennai
C2646,Client_Partner_2646,Consumer,Kolkata
C2647,Client_Partner_2647,Home Office,Mumbai
C2648,Client_Partner_2648,Home Office,Delhi
C2649,Client_Partner_2649,Consumer,Chennai
C2650,Client_Partner_2650,Corporate,Mumbai
C2651,Client_Partner_2651,Home Office,
C2652,Client_Partner_2652,Consumer,Delhi
C2653,Client_Partner_2653,Home Office,Delhi
C2654,Client_Partner_2654,Corporate,Delhi
C2655,Client_Partner_2655,Home Office,Delhi
C2656,Client_Partner_2656,Home Office,Chennai
C2657,Client_Partner_2657,Home Office,Delhi
C2658,Client_Partner_2658,Home Office,Kolkata
C2659,Client_Partner_2659,Corporate,Hyderabad
C2660,Client_Partner_2660,Consumer,Hyderabad
C2661,Client_Partner_2661,Corporate,Delhi
C2662,Client_Partner_2662,Corporate,Hyderabad
C2663,Client_Partner_2663,Home Office,Bangalore 
C2664,Client_Partner_2664,Home Office,Mumbai
C2665,Client_Partner_2665,Corporate,
C2666,Client_Partner_2666,Home Office,Hyderabad
C2667,Client_Partner_2667,Home Office,Hyderabad
C2668,Client_Partner_2668,Consumer,Kolkata
C2669,Client_Partner_2669,Consumer,Kolkata
C2670,Client_Partner_2670,Corporate,Bengaluru
C2671,Client_Partner_2671,Home Office,Chennai
C2672,Client_Partner_2672,Consumer,Bengaluru
C2673,Client_Partner_2673,Corporate,Bengaluru
C2674,Client_Partner_2674,Corporate,Kolkata
C2675,Client_Partner_2675,Consumer,Delhi
C2676,Client_Partner_2676,Corporate,BLR
C2677,Client_Partner_2677,Consumer,Bengaluru
C2678,Client_Partner_2678,Corporate,Hyderabad
C2679,Client_Partner_2679,Consumer,Delhi
C2680,Client_Partner_2680,Home Office,Mumbai
C2681,Client_Partner_2681,Home Office,Bengaluru
C2682,Client_Partner_2682,Corporate,Kolkata
C2683,Client_Partner_2683,Corporate,Kolkata
C2684,Client_Partner_2684,Corporate,Mumbai
C2685,Client_Partner_2685,Consumer,Delhi
C2686,Client_Partner_2686,Consumer,Kolkata
C2687,Client_Partner_2687,Corporate,Bengaluru
C2688,Client_Partner_2688,Home Office,Chennai
C2689,Client_Partner_2689,Consumer,Mumbai
C2690,Client_Partner_2690,Corporate,Kolkata
C2691,Client_Partner_2691,Consumer,Mumbai
C2692,Client_Partner_2692,Home Office,Kolkata
C2693,Client_Partner_2693,Home Office,Mumbai
C2694,Client_Partner_2694,Corporate,Chennai
C2695,Client_Partner_2695,Consumer,Kolkata
C2696,Client_Partner_2696,Consumer,Mumbai
C2697,Client_Partner_2697,Corporate,Delhi
C2698,Client_Partner_2698,Corporate,Mumbai
C2699,Client_Partner_2699,Corporate,Delhi
C2700,Client_Partner_2700,Consumer,Delhi
C2701,Client_Partner_2701,Corporate,Delhi
C2702,Client_Partner_2702,Consumer,Delhi
C2703,Client_Partner_2703,Home Office,Bangalore 
C2704,Client_Partner_2704,Corporate,Kolkata
C2705,Client_Partner_2705,Corporate,Kolkata
C2706,Client_Partner_2706,Corporate,Hyderabad
C2707,Client_Partner_2707,Home Office,Hyderabad
C2708,Client_Partner_2708,Corporate,Kolkata
C2709,Client_Partner_2709,Corporate,BLR
C2710,Client_Partner_2710,Corporate,Mumbai
C2711,Client_Partner_2711,Consumer,Delhi
C2712,Client_Partner_2712,Home Office,Delhi
C2713,Client_Partner_2713,Home Office,Kolkata
C2714,Client_Partner_2714,Consumer,Hyderabad
C2715,Client_Partner_2715,Corporate,Delhi
C2716,Client_Partner_2716,Consumer,Mumbai
C2717,Client_Partner_2717,Consumer,Mumbai
C2718,Client_Partner_2718,Corporate,Mumbai
C2719,Client_Partner_2719,Corporate,Kolkata
C2720,Client_Partner_2720,Consumer,Chennai
C2721,Client_Partner_2721,Home Office,Kolkata
C2722,Client_Partner_2722,Corporate,Hyderabad
C2723,Client_Partner_2723,Home Office,Kolkata
C2724,Client_Partner_2724,Home Office,Mumbai
C2725,Client_Partner_2725,Home Office,Hyderabad
C2726,Client_Partner_2726,Corporate,Bengaluru
C2727,Client_Partner_2727,Home Office,Chennai
C2728,Client_Partner_2728,Consumer,Delhi
C2729,Client_Partner_2729,Corporate,Delhi
C2730,Client_Partner_2730,Consumer,
C2731,Client_Partner_2731,Consumer,Delhi
C2732,Client_Partner_2732,Corporate,Bengaluru
C2733,Client_Partner_2733,Home Office,BLR
C2734,Client_Partner_2734,Consumer,Hyderabad
C2735,Client_Partner_2735,Consumer,Chennai
C2736,Client_Partner_2736,Home Office,Chennai
C2737,Client_Partner_2737,Corporate,Hyderabad
C2738,Client_Partner_2738,Home Office,Mumbai
C2739,Client_Partner_2739,Consumer,Bengaluru
C2740,Client_Partner_2740,Consumer,Chennai
C2741,Client_Partner_2741,Corporate,Mumbai
C2742,Client_Partner_2742,Corporate,Kolkata
C2743,Client_Partner_2743,Home Office,Bengaluru
C2744,Client_Partner_2744,Consumer,Kolkata
C2745,Client_Partner_2745,Corporate,Kolkata
C2746,Client_Partner_2746,Consumer,Delhi
C2747,Client_Partner_2747,Corporate,Kolkata
C2748,Client_Partner_2748,Consumer,Delhi
C2749,Client_Partner_2749,Corporate,Bengaluru
C2750,Client_Partner_2750,Corporate,Bengaluru
C2751,Client_Partner_2751,Corporate,Hyderabad
C2752,Client_Partner_2752,Home Office,Hyderabad
C2753,Client_Partner_2753,Corporate,BLR
C2754,Client_Partner_2754,Home Office,Hyderabad
C2755,Client_Partner_2755,Corporate,Delhi
C2756,Client_Partner_2756,Consumer,Bengaluru
C2757,Client_Partner_2757,Home Office,Hyderabad
C2758,Client_Partner_2758,Home Office,Chennai
C2759,Client_Partner_2759,Corporate,Chennai
C2760,Client_Partner_2760,Corporate,Mumbai
C2761,Client_Partner_2761,Corporate,Chennai
C2762,Client_Partner_2762,Consumer,
C2763,Client_Partner_2763,Corporate,Bengaluru
C2764,Client_Partner_2764,Home Office,Hyderabad
C2765,Client_Partner_2765,Corporate,Chennai
C2766,Client_Partner_2766,Consumer,Mumbai
C2767,Client_Partner_2767,Home Office,Chennai
C2768,Client_Partner_2768,Corporate,Bengaluru
C2769,Client_Partner_2769,Corporate,Mumbai
C2770,Client_Partner_2770,Consumer,Chennai
C2771,Client_Partner_2771,Corporate,Chennai
C2772,Client_Partner_2772,Home Office,Delhi
C2773,Client_Partner_2773,Consumer,Hyderabad
C2774,Client_Partner_2774,Corporate,Chennai
C2775,Client_Partner_2775,Home Office,Mumbai
C2776,Client_Partner_2776,Corporate,Chennai
C2777,Client_Partner_2777,Corporate,Hyderabad
C2778,Client_Partner_2778,Corporate,Chennai
C2779,Client_Partner_2779,Home Office,Delhi
C2780,Client_Partner_2780,Corporate,Chennai
C2781,Client_Partner_2781,Consumer,Chennai
C2782,Client_Partner_2782,Corporate,Bangalore 
C2783,Client_Partner_2783,Home Office,Mumbai
C2784,Client_Partner_2784,Consumer,Hyderabad
C2785,Client_Partner_2785,Home Office,Kolkata
C2786,Client_Partner_2786,Consumer,Mumbai
C2787,Client_Partner_2787,Consumer,Bengaluru
C2788,Client_Partner_2788,Corporate,Bengaluru
C2789,Client_Partner_2789,Corporate,Kolkata
C2790,Client_Partner_2790,Corporate,Chennai
C2791,Client_Partner_2791,Consumer,Mumbai
C2792,Client_Partner_2792,Home Office,Delhi
C2793,Client_Partner_2793,Corporate,Kolkata
C2794,Client_Partner_2794,Corporate,Mumbai
C2795,Client_Partner_2795,Home Office,Hyderabad
C2796,Client_Partner_2796,Corporate,Kolkata
C2797,Client_Partner_2797,Corporate,Kolkata
C2798,Client_Partner_2798,Corporate,Chennai
C2799,Client_Partner_2799,Home Office,Hyderabad
C2800,Client_Partner_2800,Corporate,Chennai
C2801,Client_Partner_2801,Home Office,Mumbai
C2802,Client_Partner_2802,Home Office,BLR
C2803,Client_Partner_2803,Corporate,Mumbai
C2804,Client_Partner_2804,Consumer,Kolkata
C2805,Client_Partner_2805,Corporate,Kolkata
C2806,Client_Partner_2806,Home Office,Hyderabad
C2807,Client_Partner_2807,Home Office,Hyderabad
C2808,Client_Partner_2808,Consumer,Bangalore 
C2809,Client_Partner_2809,Consumer,Bengaluru
C2810,Client_Partner_2810,Corporate,Mumbai
C2811,Client_Partner_2811,Consumer,BLR
C2812,Client_Partner_2812,Consumer,Bangalore 
C2813,Client_Partner_2813,Consumer,Bengaluru
C2814,Client_Partner_2814,Consumer,Hyderabad
C2815,Client_Partner_2815,Consumer,Mumbai
C2816,Client_Partner_2816,Corporate,Mumbai
C2817,Client_Partner_2817,Consumer,Delhi
C2818,Client_Partner_2818,Corporate,Bengaluru
C2819,Client_Partner_2819,Corporate,Chennai
C2820,Client_Partner_2820,Corporate,Bangalore 
C2821,Client_Partner_2821,Consumer,Kolkata
C2822,Client_Partner_2822,Consumer,Delhi
C2823,Client_Partner_2823,Consumer,Bengaluru
C2824,Client_Partner_2824,Corporate,Delhi
C2825,Client_Partner_2825,Consumer,Delhi
C2826,Client_Partner_2826,Home Office,Mumbai
C2827,Client_Partner_2827,Home Office,Delhi
C2828,Client_Partner_2828,Consumer,Mumbai
C2829,Client_Partner_2829,Home Office,Bengaluru
C2830,Client_Partner_2830,Home Office,Hyderabad
C2831,Client_Partner_2831,Home Office,Kolkata
C2832,Client_Partner_2832,Home Office,Kolkata
C2833,Client_Partner_2833,Consumer,Delhi
C2834,Client_Partner_2834,Corporate,Chennai
C2835,Client_Partner_2835,Consumer,Bengaluru
C2836,Client_Partner_2836,Home Office,Mumbai
C2837,Client_Partner_2837,Corporate,Chennai
C2838,Client_Partner_2838,Consumer,Mumbai
C2839,Client_Partner_2839,Corporate,Delhi
C2840,Client_Partner_2840,Consumer,Delhi
C2841,Client_Partner_2841,Home Office,Chennai
C2842,Client_Partner_2842,Home Office,Hyderabad
C2843,Client_Partner_2843,Corporate,Delhi
C2844,Client_Partner_2844,Home Office,Kolkata
C2845,Client_Partner_2845,Home Office,Mumbai
C2846,Client_Partner_2846,Consumer,Mumbai
C2847,Client_Partner_2847,Corporate,Kolkata
C2848,Client_Partner_2848,Home Office,Hyderabad
C2849,Client_Partner_2849,Home Office,Hyderabad
C2850,Client_Partner_2850,Consumer,Kolkata
C2851,Client_Partner_2851,Consumer,Kolkata
C2852,Client_Partner_2852,Home Office,Chennai
C2853,Client_Partner_2853,Home Office,Mumbai
C2854,Client_Partner_2854,Home Office,Mumbai
C2855,Client_Partner_2855,Corporate,Chennai
C2856,Client_Partner_2856,Corporate,Mumbai
C2857,Client_Partner_2857,Home Office,Bangalore 
C2858,Client_Partner_2858,Consumer,Bengaluru
C2859,Client_Partner_2859,Home Office,Mumbai
C2860,Client_Partner_2860,Consumer,Delhi
C2861,Client_Partner_2861,Corporate,Delhi
C2862,Client_Partner_2862,Corporate,Delhi
C2863,Client_Partner_2863,Consumer,Chennai
C2864,Client_Partner_2864,Consumer,Chennai
C2865,Client_Partner_2865,Consumer,Kolkata
C2866,Client_Partner_2866,Corporate,Hyderabad
C2867,Client_Partner_2867,Home Office,Mumbai
C2868,Client_Partner_2868,Home Office,Delhi
C2869,Client_Partner_2869,Corporate,Chennai
C2870,Client_Partner_2870,Consumer,Mumbai
C2871,Client_Partner_2871,Consumer,Chennai
C2872,Client_Partner_2872,Corporate,Mumbai
C2873,Client_Partner_2873,Home Office,Delhi
C2874,Client_Partner_2874,Consumer,Mumbai
C2875,Client_Partner_2875,Consumer,Delhi
C2876,Client_Partner_2876,Consumer,Hyderabad
C2877,Client_Partner_2877,Home Office,Delhi
C2878,Client_Partner_2878,Consumer,Kolkata
C2879,Client_Partner_2879,Home Office,Hyderabad
C2880,Client_Partner_2880,Home Office,Mumbai
C2881,Client_Partner_2881,Consumer,Bengaluru
C2882,Client_Partner_2882,Corporate,Mumbai
C2883,Client_Partner_2883,Corporate,Delhi
C2884,Client_Partner_2884,Home Office,Chennai
C2885,Client_Partner_2885,Corporate,Chennai
C2886,Client_Partner_2886,Home Office,Delhi
C2887,Client_Partner_2887,Home Office,Chennai
C2888,Client_Partner_2888,Consumer,Delhi
C2889,Client_Partner_2889,Home Office,Kolkata
C2890,Client_Partner_2890,Home Office,Chennai
C2891,Client_Partner_2891,Corporate,Hyderabad
C2892,Client_Partner_2892,Consumer,Kolkata
C2893,Client_Partner_2893,Home Office,Chennai
C2894,Client_Partner_2894,Corporate,Mumbai
C2895,Client_Partner_2895,Consumer,Delhi
C2896,Client_Partner_2896,Corporate,Kolkata
C2897,Client_Partner_2897,Consumer,Bengaluru
C2898,Client_Partner_2898,Corporate,Hyderabad
C2899,Client_Partner_2899,Home Office,Kolkata
C2900,Client_Partner_2900,Corporate,Chennai
C2901,Client_Partner_2901,Home Office,Hyderabad
C2902,Client_Partner_2902,Home Office,Delhi
C2903,Client_Partner_2903,Consumer,Bengaluru
C2904,Client_Partner_2904,Home Office,Hyderabad
C2905,Client_Partner_2905,Corporate,Mumbai
C2906,Client_Partner_2906,Corporate,Delhi
C2907,Client_Partner_2907,Home Office,Bengaluru
C2908,Client_Partner_2908,Corporate,Hyderabad
C2909,Client_Partner_2909,Corporate,Chennai
C2910,Client_Partner_2910,Home Office,Kolkata
C2911,Client_Partner_2911,Consumer,Hyderabad
C2912,Client_Partner_2912,Corporate,Delhi
C2913,Client_Partner_2913,Consumer,Delhi
C2914,Client_Partner_2914,Home Office,Hyderabad
C2915,Client_Partner_2915,Home Office,Chennai
C2916,Client_Partner_2916,Corporate,Kolkata
C2917,Client_Partner_2917,Home Office,Bengaluru
C2918,Client_Partner_2918,Home Office,Delhi
C2919,Client_Partner_2919,Consumer,Delhi
C2920,Client_Partner_2920,Corporate,Chennai
C2921,Client_Partner_2921,Home Office,Chennai
C2922,Client_Partner_2922,Consumer,Delhi
C2923,Client_Partner_2923,Corporate,Chennai
C2924,Client_Partner_2924,Corporate,Delhi
C2925,Client_Partner_2925,Consumer,Hyderabad
C2926,Client_Partner_2926,Consumer,Kolkata
C2927,Client_Partner_2927,Consumer,Kolkata
C2928,Client_Partner_2928,Consumer,Bengaluru
C2929,Client_Partner_2929,Consumer,Delhi
C2930,Client_Partner_2930,Consumer,Delhi
C2931,Client_Partner_2931,Consumer,Bangalore 
C2932,Client_Partner_2932,Corporate,Hyderabad
C2933,Client_Partner_2933,Home Office,Mumbai
C2934,Client_Partner_2934,Corporate,Delhi
C2935,Client_Partner_2935,Corporate,Bengaluru
C2936,Client_Partner_2936,Home Office,Mumbai
C2937,Client_Partner_2937,Home Office,Chennai
C2938,Client_Partner_2938,Consumer,Kolkata
C2939,Client_Partner_2939,Home Office,Hyderabad
C2940,Client_Partner_2940,Home Office,Hyderabad
C2941,Client_Partner_2941,Home Office,Mumbai
C2942,Client_Partner_2942,Home Office,Chennai
C2943,Client_Partner_2943,Consumer,Mumbai
C2944,Client_Partner_2944,Corporate,Bangalore 
C2945,Client_Partner_2945,Home Office,Kolkata
C2946,Client_Partner_2946,Corporate,Chennai
C2947,Client_Partner_2947,Home Office,Hyderabad
C2948,Client_Partner_2948,Corporate,Hyderabad
C2949,Client_Partner_2949,Consumer,Delhi
C2950,Client_Partner_2950,Consumer,Bengaluru
C2951,Client_Partner_2951,Corporate,Hyderabad
C2952,Client_Partner_2952,Corporate,Mumbai
C2953,Client_Partner_2953,Consumer,Kolkata
C2954,Client_Partner_2954,Consumer,Hyderabad
C2955,Client_Partner_2955,Consumer,Kolkata
C2956,Client_Partner_2956,Consumer,Kolkata
C2957,Client_Partner_2957,Home Office,Mumbai
C2958,Client_Partner_2958,Consumer,Chennai
C2959,Client_Partner_2959,Consumer,Kolkata
C2960,Client_Partner_2960,Corporate,Chennai
C2961,Client_Partner_2961,Corporate,Hyderabad
C2962,Client_Partner_2962,Corporate,Kolkata
C2963,Client_Partner_2963,Corporate,Mumbai
C2964,Client_Partner_2964,Consumer,Chennai
C2965,Client_Partner_2965,Home Office,Kolkata
C2966,Client_Partner_2966,Corporate,Mumbai
C2967,Client_Partner_2967,Home Office,Delhi
C2968,Client_Partner_2968,Consumer,Hyderabad
C2969,Client_Partner_2969,Consumer,Chennai
C2970,Client_Partner_2970,Corporate,Delhi
C2971,Client_Partner_2971,Home Office,Bengaluru
C2972,Client_Partner_2972,Home Office,Kolkata
C2973,Client_Partner_2973,Consumer,BLR
C2974,Client_Partner_2974,Consumer,Mumbai
C2975,Client_Partner_2975,Home Office,Delhi
C2976,Client_Partner_2976,Home Office,Hyderabad
C2977,Client_Partner_2977,Corporate,Mumbai
C2978,Client_Partner_2978,Consumer,Delhi
C2979,Client_Partner_2979,Corporate,Hyderabad
C2980,Client_Partner_2980,Corporate,Bengaluru
C2981,Client_Partner_2981,Consumer,Bengaluru
C2982,Client_Partner_2982,Home Office,Hyderabad
C2983,Client_Partner_2983,Home Office,Bengaluru
C2984,Client_Partner_2984,Home Office,Hyderabad
C2985,Client_Partner_2985,Home Office,Bengaluru
C2986,Client_Partner_2986,Corporate,Bengaluru
C2987,Client_Partner_2987,Consumer,Kolkata
C2988,Client_Partner_2988,Corporate,Bengaluru
C2989,Client_Partner_2989,Corporate,Bengaluru
C2990,Client_Partner_2990,Home Office,Chennai
C2991,Client_Partner_2991,Home Office,Bengaluru
C2992,Client_Partner_2992,Consumer,Kolkata
C2993,Client_Partner_2993,Home Office,BLR
C2994,Client_Partner_2994,Corporate,Kolkata
C2995,Client_Partner_2995,Home Office,Bengaluru
C2996,Client_Partner_2996,Corporate,Delhi
C2997,Client_Partner_2997,Corporate,Hyderabad
C2998,Client_Partner_2998,Home Office,Chennai
C2999,Client_Partner_2999,Corporate,Kolkata
C3000,Client_Partner_3000,Consumer,Hyderabad
C3001,Client_Partner_3001,Consumer,Delhi
C3002,Client_Partner_3002,Home Office,Kolkata
C3003,Client_Partner_3003,Consumer,Kolkata
C3004,Client_Partner_3004,Home Office,Chennai
C3005,Client_Partner_3005,Corporate,Hyderabad
C3006,Client_Partner_3006,Home Office,Hyderabad
C3007,Client_Partner_3007,Corporate,Bengaluru
C3008,Client_Partner_3008,Home Office,Mumbai
C3009,Client_Partner_3009,Consumer,Chennai
C3010,Client_Partner_3010,Consumer,Chennai
C3011,Client_Partner_3011,Consumer,Chennai
C3012,Client_Partner_3012,Corporate,Chennai
C3013,Client_Partner_3013,Corporate,Hyderabad
C3014,Client_Partner_3014,Home Office,Hyderabad
C3015,Client_Partner_3015,Home Office,Mumbai
C3016,Client_Partner_3016,Corporate,Kolkata
C3017,Client_Partner_3017,Consumer,Hyderabad
C3018,Client_Partner_3018,Home Office,Hyderabad
C3019,Client_Partner_3019,Corporate,Hyderabad
C3020,Client_Partner_3020,Corporate,Chennai
C3021,Client_Partner_3021,Consumer,Hyderabad
C3022,Client_Partner_3022,Corporate,Hyderabad
C3023,Client_Partner_3023,Corporate,Hyderabad
C3024,Client_Partner_3024,Home Office,Chennai
C3025,Client_Partner_3025,Consumer,Kolkata
C3026,Client_Partner_3026,Corporate,Delhi
C3027,Client_Partner_3027,Consumer,Delhi
C3028,Client_Partner_3028,Corporate,Mumbai
C3029,Client_Partner_3029,Consumer,Kolkata
C3030,Client_Partner_3030,Corporate,
C3031,Client_Partner_3031,Home Office,Bengaluru
C3032,Client_Partner_3032,Corporate,Mumbai
C3033,Client_Partner_3033,Consumer,Hyderabad
C3034,Client_Partner_3034,Corporate,Delhi
C3035,Client_Partner_3035,Consumer,Chennai
C3036,Client_Partner_3036,Home Office,Hyderabad
C3037,Client_Partner_3037,Consumer,Kolkata
C3038,Client_Partner_3038,Home Office,Kolkata
C3039,Client_Partner_3039,Corporate,Mumbai
C3040,Client_Partner_3040,Corporate,Mumbai
C3041,Client_Partner_3041,Corporate,Hyderabad
C3042,Client_Partner_3042,Home Office,Mumbai
C3043,Client_Partner_3043,Consumer,Hyderabad
C3044,Client_Partner_3044,Corporate,Chennai
C3045,Client_Partner_3045,Corporate,Kolkata
C3046,Client_Partner_3046,Corporate,BLR
C3047,Client_Partner_3047,Home Office,Delhi
C3048,Client_Partner_3048,Home Office,Kolkata
C3049,Client_Partner_3049,Consumer,Kolkata
C3050,Client_Partner_3050,Corporate,Bengaluru
C3051,Client_Partner_3051,Consumer,Chennai
C3052,Client_Partner_3052,Home Office,Bengaluru
C3053,Client_Partner_3053,Consumer,Bengaluru
C3054,Client_Partner_3054,Home Office,Delhi
C3055,Client_Partner_3055,Consumer,Kolkata
C3056,Client_Partner_3056,Consumer,Kolkata
C3057,Client_Partner_3057,Corporate,Kolkata
C3058,Client_Partner_3058,Consumer,Kolkata
C3059,Client_Partner_3059,Home Office,Bengaluru
C3060,Client_Partner_3060,Corporate,Delhi
C3061,Client_Partner_3061,Consumer,Bengaluru
C3062,Client_Partner_3062,Home Office,Hyderabad
C3063,Client_Partner_3063,Consumer,Delhi
C3064,Client_Partner_3064,Corporate,Hyderabad
C3065,Client_Partner_3065,Home Office,BLR
C3066,Client_Partner_3066,Corporate,Chennai
C3067,Client_Partner_3067,Consumer,Chennai
C3068,Client_Partner_3068,Consumer,Chennai
C3069,Client_Partner_3069,Corporate,Kolkata
C3070,Client_Partner_3070,Home Office,Hyderabad
C3071,Client_Partner_3071,Corporate,Mumbai
C3072,Client_Partner_3072,Consumer,Delhi
C3073,Client_Partner_3073,Corporate,Chennai
C3074,Client_Partner_3074,Corporate,Bengaluru
C3075,Client_Partner_3075,Consumer,Chennai
C3076,Client_Partner_3076,Home Office,Mumbai
C3077,Client_Partner_3077,Corporate,Bengaluru
C3078,Client_Partner_3078,Corporate,Mumbai
C3079,Client_Partner_3079,Corporate,Bengaluru
C3080,Client_Partner_3080,Corporate,Bengaluru
C3081,Client_Partner_3081,Consumer,Mumbai
C3082,Client_Partner_3082,Home Office,Hyderabad
C3083,Client_Partner_3083,Corporate,Chennai
C3084,Client_Partner_3084,Home Office,Chennai
C3085,Client_Partner_3085,Home Office,Chennai
C3086,Client_Partner_3086,Consumer,Mumbai
C3087,Client_Partner_3087,Home Office,Chennai
C3088,Client_Partner_3088,Home Office,Delhi
C3089,Client_Partner_3089,Corporate,Mumbai
C3090,Client_Partner_3090,Consumer,Bengaluru
C3091,Client_Partner_3091,Consumer,Delhi
C3092,Client_Partner_3092,Home Office,Kolkata
C3093,Client_Partner_3093,Corporate,Hyderabad
C3094,Client_Partner_3094,Consumer,Hyderabad
C3095,Client_Partner_3095,Home Office,Chennai
C3096,Client_Partner_3096,Home Office,Hyderabad
C3097,Client_Partner_3097,Home Office,Mumbai
C3098,Client_Partner_3098,Consumer,Mumbai
C3099,Client_Partner_3099,Corporate,Hyderabad
C3100,Client_Partner_3100,Home Office,Mumbai
C3101,Client_Partner_3101,Consumer,Bengaluru
C3102,Client_Partner_3102,Corporate,Hyderabad
C3103,Client_Partner_3103,Home Office,Hyderabad
C3104,Client_Partner_3104,Home Office,Chennai
C3105,Client_Partner_3105,Corporate,Mumbai
C3106,Client_Partner_3106,Corporate,Chennai
C3107,Client_Partner_3107,Home Office,Delhi
C3108,Client_Partner_3108,Home Office,Mumbai
C3109,Client_Partner_3109,Corporate,Mumbai
C3110,Client_Partner_3110,Corporate,Hyderabad
C3111,Client_Partner_3111,Consumer,Kolkata
C3112,Client_Partner_3112,Consumer,Chennai
C3113,Client_Partner_3113,Corporate,BLR
C3114,Client_Partner_3114,Home Office,Bengaluru
C3115,Client_Partner_3115,Home Office,Chennai
C3116,Client_Partner_3116,Home Office,BLR
C3117,Client_Partner_3117,Consumer,
C3118,Client_Partner_3118,Consumer,Bangalore 
C3119,Client_Partner_3119,Home Office,Chennai
C3120,Client_Partner_3120,Consumer,Chennai
C3121,Client_Partner_3121,Home Office,Bengaluru
C3122,Client_Partner_3122,Home Office,Chennai
C3123,Client_Partner_3123,Consumer,Chennai
C3124,Client_Partner_3124,Corporate,Kolkata
C3125,Client_Partner_3125,Home Office,Kolkata
C3126,Client_Partner_3126,Consumer,Mumbai
C3127,Client_Partner_3127,Home Office,Bangalore 
C3128,Client_Partner_3128,Home Office,Mumbai
C3129,Client_Partner_3129,Home Office,Delhi
C3130,Client_Partner_3130,Corporate,Bangalore 
C3131,Client_Partner_3131,Home Office,Delhi
C3132,Client_Partner_3132,Corporate,Delhi
C3133,Client_Partner_3133,Home Office,Kolkata
C3134,Client_Partner_3134,Corporate,Bengaluru
C3135,Client_Partner_3135,Consumer,Mumbai
C3136,Client_Partner_3136,Corporate,Delhi
C3137,Client_Partner_3137,Consumer,Bengaluru
C3138,Client_Partner_3138,Home Office,Hyderabad
C3139,Client_Partner_3139,Corporate,Delhi
C3140,Client_Partner_3140,Home Office,Delhi
C3141,Client_Partner_3141,Home Office,Mumbai
C3142,Client_Partner_3142,Consumer,Chennai
C3143,Client_Partner_3143,Corporate,Hyderabad
C3144,Client_Partner_3144,Home Office,Hyderabad
C3145,Client_Partner_3145,Consumer,Hyderabad
C3146,Client_Partner_3146,Consumer,Hyderabad
C3147,Client_Partner_3147,Home Office,Hyderabad
C3148,Client_Partner_3148,Corporate,Delhi
C3149,Client_Partner_3149,Consumer,Hyderabad
C3150,Client_Partner_3150,Corporate,Mumbai
C3151,Client_Partner_3151,Corporate,Mumbai
C3152,Client_Partner_3152,Corporate,Hyderabad
C3153,Client_Partner_3153,Corporate,BLR
C3154,Client_Partner_3154,Home Office,Bengaluru
C3155,Client_Partner_3155,Home Office,Delhi
C3156,Client_Partner_3156,Home Office,Kolkata
C3157,Client_Partner_3157,Corporate,Mumbai
C3158,Client_Partner_3158,Consumer,Hyderabad
C3159,Client_Partner_3159,Home Office,Hyderabad
C3160,Client_Partner_3160,Consumer,Kolkata
C3161,Client_Partner_3161,Consumer,Kolkata
C3162,Client_Partner_3162,Consumer,Chennai
C3163,Client_Partner_3163,Home Office,Mumbai
C3164,Client_Partner_3164,Corporate,Hyderabad
C3165,Client_Partner_3165,Corporate,Bengaluru
C3166,Client_Partner_3166,Home Office,Delhi
C3167,Client_Partner_3167,Corporate,Chennai
C3168,Client_Partner_3168,Home Office,Hyderabad
C3169,Client_Partner_3169,Consumer,Delhi
C3170,Client_Partner_3170,Corporate,Mumbai
C3171,Client_Partner_3171,Home Office,Hyderabad
C3172,Client_Partner_3172,Corporate,Bengaluru
C3173,Client_Partner_3173,Home Office,
C3174,Client_Partner_3174,Home Office,Delhi
C3175,Client_Partner_3175,Corporate,Mumbai
C3176,Client_Partner_3176,Corporate,Bengaluru
C3177,Client_Partner_3177,Corporate,Kolkata
C3178,Client_Partner_3178,Corporate,Kolkata
C3179,Client_Partner_3179,Consumer,Kolkata
C3180,Client_Partner_3180,Corporate,Kolkata
C3181,Client_Partner_3181,Home Office,Bengaluru
C3182,Client_Partner_3182,Corporate,Kolkata
C3183,Client_Partner_3183,Home Office,Hyderabad
C3184,Client_Partner_3184,Home Office,Kolkata
C3185,Client_Partner_3185,Consumer,Mumbai
C3186,Client_Partner_3186,Corporate,Bengaluru
C3187,Client_Partner_3187,Corporate,Bengaluru
C3188,Client_Partner_3188,Home Office,Kolkata
C3189,Client_Partner_3189,Consumer,Chennai
C3190,Client_Partner_3190,Home Office,Hyderabad
C3191,Client_Partner_3191,Corporate,Kolkata
C3192,Client_Partner_3192,Corporate,Bengaluru
C3193,Client_Partner_3193,Consumer,Hyderabad
C3194,Client_Partner_3194,Corporate,Chennai
C3195,Client_Partner_3195,Home Office,Bengaluru
C3196,Client_Partner_3196,Corporate,Delhi
C3197,Client_Partner_3197,Consumer,Hyderabad
C3198,Client_Partner_3198,Consumer,Mumbai
C3199,Client_Partner_3199,Home Office,Kolkata
C3200,Client_Partner_3200,Home Office,Kolkata
C3201,Client_Partner_3201,Consumer,Mumbai
C3202,Client_Partner_3202,Consumer,Chennai
C3203,Client_Partner_3203,Corporate,Hyderabad
C3204,Client_Partner_3204,Home Office,Chennai
C3205,Client_Partner_3205,Corporate,Kolkata
C3206,Client_Partner_3206,Corporate,Mumbai
C3207,Client_Partner_3207,Corporate,Bengaluru
C3208,Client_Partner_3208,Home Office,Bengaluru
C3209,Client_Partner_3209,Corporate,Kolkata
C3210,Client_Partner_3210,Home Office,Bengaluru
C3211,Client_Partner_3211,Consumer,Delhi
C3212,Client_Partner_3212,Home Office,BLR
C3213,Client_Partner_3213,Home Office,Hyderabad
C3214,Client_Partner_3214,Home Office,Mumbai
C3215,Client_Partner_3215,Home Office,Bengaluru
C3216,Client_Partner_3216,Consumer,Delhi
C3217,Client_Partner_3217,Consumer,Chennai
C3218,Client_Partner_3218,Home Office,Delhi
C3219,Client_Partner_3219,Corporate,Bangalore 
C3220,Client_Partner_3220,Consumer,Mumbai
C3221,Client_Partner_3221,Consumer,Chennai
C3222,Client_Partner_3222,Consumer,Chennai
C3223,Client_Partner_3223,Consumer,Bangalore 
C3224,Client_Partner_3224,Home Office,Hyderabad
C3225,Client_Partner_3225,Home Office,Mumbai
C3226,Client_Partner_3226,Corporate,Mumbai
C3227,Client_Partner_3227,Home Office,Bangalore 
C3228,Client_Partner_3228,Corporate,Chennai
C3229,Client_Partner_3229,Home Office,Chennai
C3230,Client_Partner_3230,Consumer,Mumbai
C3231,Client_Partner_3231,Corporate,
C3232,Client_Partner_3232,Home Office,Mumbai
C3233,Client_Partner_3233,Home Office,Hyderabad
C3234,Client_Partner_3234,Consumer,Hyderabad
C3235,Client_Partner_3235,Consumer,Kolkata
C3236,Client_Partner_3236,Consumer,Chennai
C3237,Client_Partner_3237,Corporate,Hyderabad
C3238,Client_Partner_3238,Home Office,Mumbai
C3239,Client_Partner_3239,Consumer,Delhi
C3240,Client_Partner_3240,Consumer,Kolkata
C3241,Client_Partner_3241,Consumer,Hyderabad
C3242,Client_Partner_3242,Home Office,Hyderabad
C3243,Client_Partner_3243,Home Office,Bangalore 
C3244,Client_Partner_3244,Corporate,Mumbai
C3245,Client_Partner_3245,Corporate,Hyderabad
C3246,Client_Partner_3246,Home Office,Chennai
C3247,Client_Partner_3247,Consumer,Hyderabad
C3248,Client_Partner_3248,Consumer,Delhi
C3249,Client_Partner_3249,Corporate,Delhi
C3250,Client_Partner_3250,Consumer,Kolkata
C3251,Client_Partner_3251,Corporate,Bengaluru
C3252,Client_Partner_3252,Home Office,Kolkata
C3253,Client_Partner_3253,Corporate,Hyderabad
C3254,Client_Partner_3254,Corporate,Mumbai
C3255,Client_Partner_3255,Corporate,Chennai
C3256,Client_Partner_3256,Corporate,Hyderabad
C3257,Client_Partner_3257,Home Office,Mumbai
C3258,Client_Partner_3258,Corporate,Chennai
C3259,Client_Partner_3259,Home Office,Kolkata
C3260,Client_Partner_3260,Corporate,Mumbai
C3261,Client_Partner_3261,Home Office,Mumbai
C3262,Client_Partner_3262,Home Office,Hyderabad
C3263,Client_Partner_3263,Corporate,Delhi
C3264,Client_Partner_3264,Consumer,Kolkata
C3265,Client_Partner_3265,Consumer,Kolkata
C3266,Client_Partner_3266,Consumer,Mumbai
C3267,Client_Partner_3267,Home Office,Hyderabad
C3268,Client_Partner_3268,Corporate,Chennai
C3269,Client_Partner_3269,Home Office,Mumbai
C3270,Client_Partner_3270,Consumer,Mumbai
C3271,Client_Partner_3271,Corporate,Kolkata
C3272,Client_Partner_3272,Home Office,Delhi
C3273,Client_Partner_3273,Home Office,Mumbai
C3274,Client_Partner_3274,Corporate,Mumbai
C3275,Client_Partner_3275,Corporate,Mumbai
C3276,Client_Partner_3276,Corporate,Bengaluru
C3277,Client_Partner_3277,Home Office,Kolkata
C3278,Client_Partner_3278,Home Office,Hyderabad
C3279,Client_Partner_3279,Corporate,
C3280,Client_Partner_3280,Home Office,Kolkata
C3281,Client_Partner_3281,Consumer,Mumbai
C3282,Client_Partner_3282,Home Office,Kolkata
C3283,Client_Partner_3283,Consumer,Kolkata
C3284,Client_Partner_3284,Home Office,Delhi
C3285,Client_Partner_3285,Home Office,Kolkata
C3286,Client_Partner_3286,Consumer,Chennai
C3287,Client_Partner_3287,Corporate,Mumbai
C3288,Client_Partner_3288,Consumer,Chennai
C3289,Client_Partner_3289,Home Office,Hyderabad
C3290,Client_Partner_3290,Consumer,Kolkata
C3291,Client_Partner_3291,Home Office,Chennai
C3292,Client_Partner_3292,Consumer,Kolkata
C3293,Client_Partner_3293,Home Office,Hyderabad
C3294,Client_Partner_3294,Home Office,Chennai
C3295,Client_Partner_3295,Home Office,Kolkata
C3296,Client_Partner_3296,Consumer,Delhi
C3297,Client_Partner_3297,Home Office,Mumbai
C3298,Client_Partner_3298,Corporate,Kolkata
C3299,Client_Partner_3299,Home Office,Kolkata
C3300,Client_Partner_3300,Corporate,Kolkata
C3301,Client_Partner_3301,Consumer,Bengaluru
C3302,Client_Partner_3302,Home Office,Delhi
C3303,Client_Partner_3303,Corporate,Kolkata
C3304,Client_Partner_3304,Home Office,Kolkata
C3305,Client_Partner_3305,Consumer,Delhi
C3306,Client_Partner_3306,Corporate,Delhi
C3307,Client_Partner_3307,Home Office,Bengaluru
C3308,Client_Partner_3308,Home Office,Delhi
C3309,Client_Partner_3309,Consumer,Mumbai
C3310,Client_Partner_3310,Home Office,Bengaluru
C3311,Client_Partner_3311,Home Office,Kolkata
C3312,Client_Partner_3312,Home Office,Chennai
C3313,Client_Partner_3313,Consumer,Mumbai
C3314,Client_Partner_3314,Consumer,Hyderabad
C3315,Client_Partner_3315,Consumer,Mumbai
C3316,Client_Partner_3316,Corporate,Hyderabad
C3317,Client_Partner_3317,Consumer,Chennai
C3318,Client_Partner_3318,Consumer,Chennai
C3319,Client_Partner_3319,Corporate,Delhi
C3320,Client_Partner_3320,Home Office,Mumbai
C3321,Client_Partner_3321,Consumer,Chennai
C3322,Client_Partner_3322,Home Office,Bengaluru
C3323,Client_Partner_3323,Consumer,Kolkata
C3324,Client_Partner_3324,Home Office,BLR
C3325,Client_Partner_3325,Home Office,Bengaluru
C3326,Client_Partner_3326,Home Office,Mumbai
C3327,Client_Partner_3327,Home Office,Hyderabad
C3328,Client_Partner_3328,Corporate,Chennai
C3329,Client_Partner_3329,Corporate,Chennai
C3330,Client_Partner_3330,Consumer,Bengaluru
C3331,Client_Partner_3331,Home Office,Delhi
C3332,Client_Partner_3332,Home Office,Chennai
C3333,Client_Partner_3333,Home Office,Bengaluru
C3334,Client_Partner_3334,Corporate,Hyderabad
C3335,Client_Partner_3335,Consumer,Mumbai
C3336,Client_Partner_3336,Home Office,Mumbai
C3337,Client_Partner_3337,Home Office,Mumbai
C3338,Client_Partner_3338,Home Office,Hyderabad
C3339,Client_Partner_3339,Corporate,Chennai
C3340,Client_Partner_3340,Corporate,Chennai
C3341,Client_Partner_3341,Corporate,Delhi
C3342,Client_Partner_3342,Corporate,BLR
C3343,Client_Partner_3343,Home Office,
C3344,Client_Partner_3344,Home Office,Bengaluru
C3345,Client_Partner_3345,Consumer,Hyderabad
C3346,Client_Partner_3346,Consumer,Kolkata
C3347,Client_Partner_3347,Consumer,Delhi
C3348,Client_Partner_3348,Corporate,Chennai
C3349,Client_Partner_3349,Corporate,Hyderabad
C3350,Client_Partner_3350,Corporate,Mumbai
C3351,Client_Partner_3351,Home Office,Hyderabad
C3352,Client_Partner_3352,Corporate,Hyderabad
C3353,Client_Partner_3353,Corporate,Mumbai
C3354,Client_Partner_3354,Corporate,Hyderabad
C3355,Client_Partner_3355,Home Office,Chennai
C3356,Client_Partner_3356,Corporate,Chennai
C3357,Client_Partner_3357,Consumer,Mumbai
C3358,Client_Partner_3358,Home Office,Kolkata
C3359,Client_Partner_3359,Home Office,Delhi
C3360,Client_Partner_3360,Consumer,Kolkata
C3361,Client_Partner_3361,Corporate,Hyderabad
C3362,Client_Partner_3362,Corporate,Bengaluru
C3363,Client_Partner_3363,Corporate,Chennai
C3364,Client_Partner_3364,Consumer,Kolkata
C3365,Client_Partner_3365,Home Office,BLR
C3366,Client_Partner_3366,Home Office,Chennai
C3367,Client_Partner_3367,Home Office,Mumbai
C3368,Client_Partner_3368,Corporate,
C3369,Client_Partner_3369,Home Office,Hyderabad
C3370,Client_Partner_3370,Consumer,Delhi
C3371,Client_Partner_3371,Home Office,Mumbai
C3372,Client_Partner_3372,Home Office,Bangalore 
C3373,Client_Partner_3373,Corporate,Hyderabad
C3374,Client_Partner_3374,Corporate,Kolkata
C3375,Client_Partner_3375,Consumer,Chennai
C3376,Client_Partner_3376,Consumer,Bengaluru
C3377,Client_Partner_3377,Corporate,
C3378,Client_Partner_3378,Corporate,Delhi
C3379,Client_Partner_3379,Corporate,Kolkata
C3380,Client_Partner_3380,Consumer,Kolkata
C3381,Client_Partner_3381,Consumer,Mumbai
C3382,Client_Partner_3382,Corporate,Delhi
C3383,Client_Partner_3383,Consumer,Delhi
C3384,Client_Partner_3384,Corporate,Mumbai
C3385,Client_Partner_3385,Consumer,Mumbai
C3386,Client_Partner_3386,Home Office,Delhi
C3387,Client_Partner_3387,Home Office,Hyderabad
C3388,Client_Partner_3388,Corporate,Bengaluru
C3389,Client_Partner_3389,Corporate,Hyderabad
C3390,Client_Partner_3390,Corporate,Mumbai
C3391,Client_Partner_3391,Consumer,Hyderabad
C3392,Client_Partner_3392,Home Office,Delhi
C3393,Client_Partner_3393,Home Office,Mumbai
C3394,Client_Partner_3394,Corporate,Mumbai
C3395,Client_Partner_3395,Corporate,Hyderabad
C3396,Client_Partner_3396,Corporate,Chennai
C3397,Client_Partner_3397,Consumer,Chennai
C3398,Client_Partner_3398,Home Office,Delhi
C3399,Client_Partner_3399,Consumer,Hyderabad
C3400,Client_Partner_3400,Home Office,Mumbai
C3401,Client_Partner_3401,Consumer,Kolkata
C3402,Client_Partner_3402,Home Office,Kolkata
C3403,Client_Partner_3403,Home Office,Chennai
C3404,Client_Partner_3404,Consumer,Delhi
C3405,Client_Partner_3405,Consumer,Mumbai
C3406,Client_Partner_3406,Home Office,Hyderabad
C3407,Client_Partner_3407,Home Office,Bangalore 
C3408,Client_Partner_3408,Home Office,Hyderabad
C3409,Client_Partner_3409,Home Office,Kolkata
C3410,Client_Partner_3410,Home Office,Delhi
C3411,Client_Partner_3411,Home Office,Delhi
C3412,Client_Partner_3412,Home Office,Chennai
C3413,Client_Partner_3413,Consumer,Kolkata
C3414,Client_Partner_3414,Corporate,Chennai
C3415,Client_Partner_3415,Corporate,Hyderabad
C3416,Client_Partner_3416,Consumer,Hyderabad
C3417,Client_Partner_3417,Consumer,Mumbai
C3418,Client_Partner_3418,Consumer,Hyderabad
C3419,Client_Partner_3419,Consumer,Kolkata
C3420,Client_Partner_3420,Consumer,Hyderabad
C3421,Client_Partner_3421,Home Office,
C3422,Client_Partner_3422,Corporate,Bengaluru
C3423,Client_Partner_3423,Consumer,Bengaluru
C3424,Client_Partner_3424,Home Office,Chennai
C3425,Client_Partner_3425,Corporate,Hyderabad
C3426,Client_Partner_3426,Home Office,Chennai
C3427,Client_Partner_3427,Consumer,Bengaluru
C3428,Client_Partner_3428,Corporate,Hyderabad
C3429,Client_Partner_3429,Corporate,Kolkata
C3430,Client_Partner_3430,Consumer,Chennai
C3431,Client_Partner_3431,Home Office,Chennai
C3432,Client_Partner_3432,Consumer,Kolkata
C3433,Client_Partner_3433,Home Office,Delhi
C3434,Client_Partner_3434,Corporate,Mumbai
C3435,Client_Partner_3435,Consumer,Kolkata
C3436,Client_Partner_3436,Corporate,Chennai
C3437,Client_Partner_3437,Corporate,Delhi
C3438,Client_Partner_3438,Home Office,Hyderabad
C3439,Client_Partner_3439,Consumer,Kolkata
C3440,Client_Partner_3440,Corporate,Chennai
C3441,Client_Partner_3441,Home Office,Chennai
C3442,Client_Partner_3442,Corporate,Hyderabad
C3443,Client_Partner_3443,Consumer,Kolkata
C3444,Client_Partner_3444,Consumer,Delhi
C3445,Client_Partner_3445,Consumer,Delhi
C3446,Client_Partner_3446,Corporate,Hyderabad
C3447,Client_Partner_3447,Consumer,Kolkata
C3448,Client_Partner_3448,Consumer,Kolkata
C3449,Client_Partner_3449,Home Office,Delhi
C3450,Client_Partner_3450,Consumer,Bengaluru
C3451,Client_Partner_3451,Home Office,Bengaluru
C3452,Client_Partner_3452,Consumer,Mumbai
C3453,Client_Partner_3453,Consumer,Bengaluru
C3454,Client_Partner_3454,Home Office,Mumbai
C3455,Client_Partner_3455,Home Office,Chennai
C3456,Client_Partner_3456,Home Office,Kolkata
C3457,Client_Partner_3457,Consumer,Delhi
C3458,Client_Partner_3458,Home Office,Chennai
C3459,Client_Partner_3459,Home Office,Bengaluru
C3460,Client_Partner_3460,Corporate,Kolkata
C3461,Client_Partner_3461,Corporate,Mumbai
C3462,Client_Partner_3462,Home Office,Delhi
C3463,Client_Partner_3463,Consumer,Hyderabad
C3464,Client_Partner_3464,Consumer,Chennai
C3465,Client_Partner_3465,Consumer,Bengaluru
C3466,Client_Partner_3466,Consumer,Chennai
C3467,Client_Partner_3467,Corporate,BLR
C3468,Client_Partner_3468,Corporate,Hyderabad
C3469,Client_Partner_3469,Consumer,Delhi
C3470,Client_Partner_3470,Corporate,Hyderabad
C3471,Client_Partner_3471,Corporate,Chennai
C3472,Client_Partner_3472,Consumer,Chennai
C3473,Client_Partner_3473,Consumer,Delhi
C3474,Client_Partner_3474,Consumer,Chennai
C3475,Client_Partner_3475,Corporate,Delhi
C3476,Client_Partner_3476,Home Office,Mumbai
C3477,Client_Partner_3477,Home Office,Mumbai
C3478,Client_Partner_3478,Consumer,Kolkata
C3479,Client_Partner_3479,Consumer,Hyderabad
C3480,Client_Partner_3480,Corporate,Bengaluru
C3481,Client_Partner_3481,Home Office,Hyderabad
C3482,Client_Partner_3482,Corporate,Mumbai
C3483,Client_Partner_3483,Home Office,Hyderabad
C3484,Client_Partner_3484,Consumer,Hyderabad
C3485,Client_Partner_3485,Corporate,Delhi
C3486,Client_Partner_3486,Consumer,Kolkata
C3487,Client_Partner_3487,Consumer,Delhi
C3488,Client_Partner_3488,Home Office,Bengaluru
C3489,Client_Partner_3489,Home Office,Delhi
C3490,Client_Partner_3490,Consumer,Mumbai
C3491,Client_Partner_3491,Corporate,Hyderabad
C3492,Client_Partner_3492,Corporate,Mumbai
C3493,Client_Partner_3493,Consumer,Chennai
C3494,Client_Partner_3494,Corporate,Bengaluru
C3495,Client_Partner_3495,Corporate,Kolkata
C3496,Client_Partner_3496,Consumer,Bangalore 
C3497,Client_Partner_3497,Home Office,Mumbai
C3498,Client_Partner_3498,Consumer,Hyderabad
C3499,Client_Partner_3499,Home Office,Bengaluru
C3500,Client_Partner_3500,Consumer,Mumbai
C3501,Client_Partner_3501,Corporate,Kolkata
C3502,Client_Partner_3502,Home Office,Chennai
C3503,Client_Partner_3503,Corporate,Mumbai
C3504,Client_Partner_3504,Home Office,Chennai
C3505,Client_Partner_3505,Corporate,Kolkata
C3506,Client_Partner_3506,Consumer,Mumbai
C3507,Client_Partner_3507,Consumer,Mumbai
C3508,Client_Partner_3508,Home Office,Bengaluru
C3509,Client_Partner_3509,Home Office,Hyderabad
C3510,Client_Partner_3510,Corporate,Chennai
C3511,Client_Partner_3511,Consumer,BLR
C3512,Client_Partner_3512,Consumer,Chennai
C3513,Client_Partner_3513,Home Office,
C3514,Client_Partner_3514,Consumer,Hyderabad
C3515,Client_Partner_3515,Consumer,Delhi
C3516,Client_Partner_3516,Home Office,Delhi
C3517,Client_Partner_3517,Corporate,Hyderabad
C3518,Client_Partner_3518,Consumer,Bengaluru
C3519,Client_Partner_3519,Consumer,Delhi
C3520,Client_Partner_3520,Consumer,Kolkata
C3521,Client_Partner_3521,Home Office,Mumbai
C3522,Client_Partner_3522,Consumer,Chennai
C3523,Client_Partner_3523,Home Office,Hyderabad
C3524,Client_Partner_3524,Consumer,Chennai
C3525,Client_Partner_3525,Consumer,Chennai
C3526,Client_Partner_3526,Corporate,Mumbai
C3527,Client_Partner_3527,Consumer,Mumbai
C3528,Client_Partner_3528,Corporate,Chennai
C3529,Client_Partner_3529,Corporate,Mumbai
C3530,Client_Partner_3530,Consumer,Hyderabad
C3531,Client_Partner_3531,Corporate,Kolkata
C3532,Client_Partner_3532,Home Office,Delhi
C3533,Client_Partner_3533,Corporate,Kolkata
C3534,Client_Partner_3534,Consumer,Hyderabad
C3535,Client_Partner_3535,Home Office,Mumbai
C3536,Client_Partner_3536,Home Office,Hyderabad
C3537,Client_Partner_3537,Consumer,Delhi
C3538,Client_Partner_3538,Consumer,Hyderabad
C3539,Client_Partner_3539,Corporate,Delhi
C3540,Client_Partner_3540,Home Office,Bengaluru
C3541,Client_Partner_3541,Home Office,Mumbai
C3542,Client_Partner_3542,Home Office,Delhi
C3543,Client_Partner_3543,Home Office,Chennai
C3544,Client_Partner_3544,Corporate,Kolkata
C3545,Client_Partner_3545,Consumer,Delhi
C3546,Client_Partner_3546,Consumer,Hyderabad
C3547,Client_Partner_3547,Home Office,Chennai
C3548,Client_Partner_3548,Corporate,Delhi
C3549,Client_Partner_3549,Home Office,Kolkata
C3550,Client_Partner_3550,Consumer,Delhi
C3551,Client_Partner_3551,Home Office,Delhi
C3552,Client_Partner_3552,Home Office,Mumbai
C3553,Client_Partner_3553,Corporate,Mumbai
C3554,Client_Partner_3554,Corporate,Bengaluru
C3555,Client_Partner_3555,Home Office,Chennai
C3556,Client_Partner_3556,Consumer,Chennai
C3557,Client_Partner_3557,Corporate,Bengaluru
C3558,Client_Partner_3558,Consumer,Chennai
C3559,Client_Partner_3559,Consumer,Chennai
C3560,Client_Partner_3560,Consumer,Kolkata
C3561,Client_Partner_3561,Consumer,Hyderabad
C3562,Client_Partner_3562,Corporate,Hyderabad
C3563,Client_Partner_3563,Consumer,Hyderabad
C3564,Client_Partner_3564,Home Office,Kolkata
C3565,Client_Partner_3565,Corporate,Kolkata
C3566,Client_Partner_3566,Consumer,Hyderabad
C3567,Client_Partner_3567,Corporate,Delhi
C3568,Client_Partner_3568,Corporate,Mumbai
C3569,Client_Partner_3569,Home Office,Kolkata
C3570,Client_Partner_3570,Consumer,Hyderabad
C3571,Client_Partner_3571,Corporate,Kolkata
C3572,Client_Partner_3572,Consumer,Delhi
C3573,Client_Partner_3573,Corporate,Hyderabad
C3574,Client_Partner_3574,Home Office,Bengaluru
C3575,Client_Partner_3575,Corporate,Kolkata
C3576,Client_Partner_3576,Home Office,Kolkata
C3577,Client_Partner_3577,Home Office,Hyderabad
C3578,Client_Partner_3578,Corporate,BLR
C3579,Client_Partner_3579,Consumer,Kolkata
C3580,Client_Partner_3580,Corporate,Chennai
C3581,Client_Partner_3581,Consumer,Chennai
C3582,Client_Partner_3582,Home Office,Kolkata
C3583,Client_Partner_3583,Consumer,Kolkata
C3584,Client_Partner_3584,Corporate,Mumbai
C3585,Client_Partner_3585,Corporate,Delhi
C3586,Client_Partner_3586,Home Office,Delhi
C3587,Client_Partner_3587,Home Office,Hyderabad
C3588,Client_Partner_3588,Consumer,Kolkata
C3589,Client_Partner_3589,Home Office,Chennai
C3590,Client_Partner_3590,Consumer,Hyderabad
C3591,Client_Partner_3591,Consumer,BLR
C3592,Client_Partner_3592,Consumer,Chennai
C3593,Client_Partner_3593,Corporate,Hyderabad
C3594,Client_Partner_3594,Corporate,Chennai
C3595,Client_Partner_3595,Consumer,Bengaluru
C3596,Client_Partner_3596,Corporate,Chennai
C3597,Client_Partner_3597,Corporate,Hyderabad
C3598,Client_Partner_3598,Home Office,Chennai
C3599,Client_Partner_3599,Corporate,Hyderabad
C3600,Client_Partner_3600,Corporate,Kolkata
C3601,Client_Partner_3601,Corporate,Delhi
C3602,Client_Partner_3602,Consumer,Mumbai
C3603,Client_Partner_3603,Home Office,Kolkata
C3604,Client_Partner_3604,Corporate,Hyderabad
C3605,Client_Partner_3605,Consumer,Hyderabad
C3606,Client_Partner_3606,Consumer,Chennai
C3607,Client_Partner_3607,Home Office,Chennai
C3608,Client_Partner_3608,Consumer,Bengaluru
C3609,Client_Partner_3609,Consumer,Delhi
C3610,Client_Partner_3610,Corporate,Hyderabad
C3611,Client_Partner_3611,Corporate,Delhi
C3612,Client_Partner_3612,Home Office,Mumbai
C3613,Client_Partner_3613,Home Office,Hyderabad
C3614,Client_Partner_3614,Home Office,Delhi
C3615,Client_Partner_3615,Corporate,Bengaluru
C3616,Client_Partner_3616,Corporate,Kolkata
C3617,Client_Partner_3617,Home Office,Chennai
C3618,Client_Partner_3618,Home Office,Chennai
C3619,Client_Partner_3619,Consumer,Mumbai
C3620,Client_Partner_3620,Corporate,Bengaluru
C3621,Client_Partner_3621,Home Office,Chennai
C3622,Client_Partner_3622,Consumer,Hyderabad
C3623,Client_Partner_3623,Home Office,Hyderabad
C3624,Client_Partner_3624,Home Office,Mumbai
C3625,Client_Partner_3625,Corporate,Mumbai
C3626,Client_Partner_3626,Home Office,Mumbai
C3627,Client_Partner_3627,Consumer,Delhi
C3628,Client_Partner_3628,Corporate,Kolkata
C3629,Client_Partner_3629,Home Office,Mumbai
C3630,Client_Partner_3630,Home Office,Mumbai
C3631,Client_Partner_3631,Consumer,Bengaluru
C3632,Client_Partner_3632,Home Office,Hyderabad
C3633,Client_Partner_3633,Consumer,BLR
C3634,Client_Partner_3634,Corporate,Kolkata
C3635,Client_Partner_3635,Consumer,Hyderabad
C3636,Client_Partner_3636,Home Office,Bengaluru
C3637,Client_Partner_3637,Consumer,Hyderabad
C3638,Client_Partner_3638,Corporate,Kolkata
C3639,Client_Partner_3639,Consumer,Hyderabad
C3640,Client_Partner_3640,Corporate,Mumbai
C3641,Client_Partner_3641,Corporate,Kolkata
C3642,Client_Partner_3642,Corporate,Chennai
C3643,Client_Partner_3643,Home Office,Chennai
C3644,Client_Partner_3644,Consumer,Hyderabad
C3645,Client_Partner_3645,Home Office,Kolkata
C3646,Client_Partner_3646,Consumer,Chennai
C3647,Client_Partner_3647,Corporate,Mumbai
C3648,Client_Partner_3648,Corporate,Mumbai
C3649,Client_Partner_3649,Home Office,Kolkata
C3650,Client_Partner_3650,Consumer,Chennai
C3651,Client_Partner_3651,Corporate,Hyderabad
C3652,Client_Partner_3652,Consumer,Delhi
C3653,Client_Partner_3653,Corporate,Chennai
C3654,Client_Partner_3654,Home Office,Mumbai
C3655,Client_Partner_3655,Corporate,Mumbai
C3656,Client_Partner_3656,Consumer,Bengaluru
C3657,Client_Partner_3657,Home Office,Delhi
C3658,Client_Partner_3658,Home Office,Bengaluru
C3659,Client_Partner_3659,Home Office,Bengaluru
C3660,Client_Partner_3660,Corporate,Kolkata
C3661,Client_Partner_3661,Consumer,Chennai
C3662,Client_Partner_3662,Corporate,Kolkata
C3663,Client_Partner_3663,Home Office,Bengaluru
C3664,Client_Partner_3664,Consumer,Chennai
C3665,Client_Partner_3665,Home Office,Mumbai
C3666,Client_Partner_3666,Corporate,Mumbai
C3667,Client_Partner_3667,Corporate,Hyderabad
C3668,Client_Partner_3668,Corporate,Delhi
C3669,Client_Partner_3669,Consumer,Hyderabad
C3670,Client_Partner_3670,Home Office,Chennai
C3671,Client_Partner_3671,Home Office,Mumbai
C3672,Client_Partner_3672,Home Office,Delhi
C3673,Client_Partner_3673,Home Office,Chennai
C3674,Client_Partner_3674,Home Office,Kolkata
C3675,Client_Partner_3675,Corporate,Mumbai
C3676,Client_Partner_3676,Consumer,Hyderabad
C3677,Client_Partner_3677,Consumer,Chennai
C3678,Client_Partner_3678,Corporate,Kolkata
C3679,Client_Partner_3679,Corporate,Bengaluru
C3680,Client_Partner_3680,Consumer,Bengaluru
C3681,Client_Partner_3681,Consumer,Kolkata
C3682,Client_Partner_3682,Corporate,BLR
C3683,Client_Partner_3683,Consumer,Kolkata
C3684,Client_Partner_3684,Consumer,Chennai
C3685,Client_Partner_3685,Home Office,Kolkata
C3686,Client_Partner_3686,Consumer,Kolkata
C3687,Client_Partner_3687,Corporate,Bengaluru
C3688,Client_Partner_3688,Consumer,Kolkata
C3689,Client_Partner_3689,Consumer,Chennai
C3690,Client_Partner_3690,Home Office,Bangalore 
C3691,Client_Partner_3691,Consumer,Kolkata
C3692,Client_Partner_3692,Consumer,Hyderabad
C3693,Client_Partner_3693,Corporate,BLR
C3694,Client_Partner_3694,Corporate,Hyderabad
C3695,Client_Partner_3695,Consumer,Chennai
C3696,Client_Partner_3696,Corporate,Hyderabad
C3697,Client_Partner_3697,Consumer,Bengaluru
C3698,Client_Partner_3698,Consumer,Mumbai
C3699,Client_Partner_3699,Corporate,BLR
C3700,Client_Partner_3700,Corporate,Mumbai
C3701,Client_Partner_3701,Home Office,Chennai
C3702,Client_Partner_3702,Corporate,Chennai
C3703,Client_Partner_3703,Corporate,Chennai
C3704,Client_Partner_3704,Consumer,Delhi
C3705,Client_Partner_3705,Home Office,Hyderabad
C3706,Client_Partner_3706,Corporate,Kolkata
C3707,Client_Partner_3707,Consumer,Delhi
C3708,Client_Partner_3708,Home Office,Bengaluru
C3709,Client_Partner_3709,Corporate,Chennai
C3710,Client_Partner_3710,Corporate,Bengaluru
C3711,Client_Partner_3711,Consumer,Delhi
C3712,Client_Partner_3712,Corporate,BLR
C3713,Client_Partner_3713,Home Office,Bengaluru
C3714,Client_Partner_3714,Consumer,Kolkata
C3715,Client_Partner_3715,Consumer,Bengaluru
C3716,Client_Partner_3716,Home Office,Kolkata
C3717,Client_Partner_3717,Home Office,Kolkata
C3718,Client_Partner_3718,Consumer,Chennai
C3719,Client_Partner_3719,Consumer,Bengaluru
C3720,Client_Partner_3720,Consumer,Hyderabad
C3721,Client_Partner_3721,Home Office,Chennai
C3722,Client_Partner_3722,Corporate,Chennai
C3723,Client_Partner_3723,Home Office,Chennai
C3724,Client_Partner_3724,Corporate,Kolkata
C3725,Client_Partner_3725,Corporate,Bangalore 
C3726,Client_Partner_3726,Corporate,Bengaluru
C3727,Client_Partner_3727,Home Office,Chennai
C3728,Client_Partner_3728,Corporate,BLR
C3729,Client_Partner_3729,Corporate,Chennai
C3730,Client_Partner_3730,Consumer,Chennai
C3731,Client_Partner_3731,Consumer,Chennai
C3732,Client_Partner_3732,Consumer,Mumbai
C3733,Client_Partner_3733,Corporate,Delhi
C3734,Client_Partner_3734,Consumer,Mumbai
C3735,Client_Partner_3735,Consumer,Delhi
C3736,Client_Partner_3736,Consumer,Hyderabad
C3737,Client_Partner_3737,Consumer,Chennai
C3738,Client_Partner_3738,Corporate,Mumbai
C3739,Client_Partner_3739,Home Office,Mumbai
C3740,Client_Partner_3740,Corporate,Bangalore 
C3741,Client_Partner_3741,Consumer,Mumbai
C3742,Client_Partner_3742,Home Office,Bengaluru
C3743,Client_Partner_3743,Corporate,Kolkata
C3744,Client_Partner_3744,Corporate,BLR
C3745,Client_Partner_3745,Corporate,Mumbai
C3746,Client_Partner_3746,Home Office,Kolkata
C3747,Client_Partner_3747,Corporate,Chennai
C3748,Client_Partner_3748,Consumer,Delhi
C3749,Client_Partner_3749,Consumer,Kolkata
C3750,Client_Partner_3750,Consumer,BLR
C3751,Client_Partner_3751,Corporate,Chennai
C3752,Client_Partner_3752,Corporate,Hyderabad
C3753,Client_Partner_3753,Corporate,Bengaluru
C3754,Client_Partner_3754,Corporate,Bengaluru
C3755,Client_Partner_3755,Home Office,Hyderabad
C3756,Client_Partner_3756,Home Office,Kolkata
C3757,Client_Partner_3757,Corporate,Delhi
C3758,Client_Partner_3758,Corporate,Delhi
C3759,Client_Partner_3759,Corporate,Bengaluru
C3760,Client_Partner_3760,Consumer,Kolkata
C3761,Client_Partner_3761,Consumer,Kolkata
C3762,Client_Partner_3762,Corporate,Mumbai
C3763,Client_Partner_3763,Home Office,Bengaluru
C3764,Client_Partner_3764,Consumer,Mumbai
C3765,Client_Partner_3765,Home Office,Chennai
C3766,Client_Partner_3766,Consumer,Bengaluru
C3767,Client_Partner_3767,Corporate,Chennai
C3768,Client_Partner_3768,Consumer,Bengaluru
C3769,Client_Partner_3769,Consumer,Chennai
C3770,Client_Partner_3770,Corporate,Mumbai
C3771,Client_Partner_3771,Home Office,Kolkata
C3772,Client_Partner_3772,Home Office,Chennai
C3773,Client_Partner_3773,Consumer,Bangalore 
C3774,Client_Partner_3774,Home Office,Bengaluru
C3775,Client_Partner_3775,Home Office,Bengaluru
C3776,Client_Partner_3776,Home Office,Kolkata
C3777,Client_Partner_3777,Home Office,Hyderabad
C3778,Client_Partner_3778,Corporate,Chennai
C3779,Client_Partner_3779,Corporate,Chennai
C3780,Client_Partner_3780,Corporate,Hyderabad
C3781,Client_Partner_3781,Consumer,Kolkata
C3782,Client_Partner_3782,Consumer,Delhi
C3783,Client_Partner_3783,Home Office,Bengaluru
C3784,Client_Partner_3784,Home Office,Bengaluru
C3785,Client_Partner_3785,Consumer,Hyderabad
C3786,Client_Partner_3786,Corporate,Bengaluru
C3787,Client_Partner_3787,Corporate,Hyderabad
C3788,Client_Partner_3788,Consumer,Bengaluru
C3789,Client_Partner_3789,Corporate,Mumbai
C3790,Client_Partner_3790,Corporate,Chennai
C3791,Client_Partner_3791,Home Office,Mumbai
C3792,Client_Partner_3792,Consumer,Delhi
C3793,Client_Partner_3793,Home Office,Bangalore 
C3794,Client_Partner_3794,Corporate,BLR
C3795,Client_Partner_3795,Corporate,Bengaluru
C3796,Client_Partner_3796,Consumer,Chennai
C3797,Client_Partner_3797,Consumer,Hyderabad
C3798,Client_Partner_3798,Consumer,Kolkata
C3799,Client_Partner_3799,Corporate,Chennai
C3800,Client_Partner_3800,Consumer,Kolkata
C3801,Client_Partner_3801,Consumer,Mumbai
C3802,Client_Partner_3802,Corporate,Delhi
C3803,Client_Partner_3803,Corporate,Chennai
C3804,Client_Partner_3804,Home Office,Kolkata
C3805,Client_Partner_3805,Home Office,
C3806,Client_Partner_3806,Home Office,Chennai
C3807,Client_Partner_3807,Corporate,Bangalore 
C3808,Client_Partner_3808,Consumer,Mumbai
C3809,Client_Partner_3809,Corporate,Hyderabad
C3810,Client_Partner_3810,Corporate,Chennai
C3811,Client_Partner_3811,Corporate,Delhi
C3812,Client_Partner_3812,Consumer,Delhi
C3813,Client_Partner_3813,Corporate,Chennai
C3814,Client_Partner_3814,Corporate,Chennai
C3815,Client_Partner_3815,Corporate,Bengaluru
C3816,Client_Partner_3816,Consumer,Mumbai
C3817,Client_Partner_3817,Consumer,Bengaluru
C3818,Client_Partner_3818,Consumer,Chennai
C3819,Client_Partner_3819,Consumer,Mumbai
C3820,Client_Partner_3820,Home Office,Kolkata
C3821,Client_Partner_3821,Corporate,Chennai
C3822,Client_Partner_3822,Consumer,Mumbai
C3823,Client_Partner_3823,Home Office,BLR
C3824,Client_Partner_3824,Consumer,Hyderabad
C3825,Client_Partner_3825,Home Office,Delhi
C3826,Client_Partner_3826,Home Office,Hyderabad
C3827,Client_Partner_3827,Home Office,Bangalore 
C3828,Client_Partner_3828,Corporate,Chennai
C3829,Client_Partner_3829,Corporate,Kolkata
C3830,Client_Partner_3830,Home Office,Delhi
C3831,Client_Partner_3831,Corporate,Kolkata
C3832,Client_Partner_3832,Home Office,Chennai
C3833,Client_Partner_3833,Consumer,Delhi
C3834,Client_Partner_3834,Consumer,Chennai
C3835,Client_Partner_3835,Home Office,Hyderabad
C3836,Client_Partner_3836,Home Office,Mumbai
C3837,Client_Partner_3837,Corporate,Delhi
C3838,Client_Partner_3838,Corporate,Kolkata
C3839,Client_Partner_3839,Consumer,Delhi
C3840,Client_Partner_3840,Consumer,Delhi
C3841,Client_Partner_3841,Consumer,Hyderabad
C3842,Client_Partner_3842,Home Office,
C3843,Client_Partner_3843,Home Office,Hyderabad
C3844,Client_Partner_3844,Consumer,Chennai
C3845,Client_Partner_3845,Home Office,Hyderabad
C3846,Client_Partner_3846,Consumer,Hyderabad
C3847,Client_Partner_3847,Home Office,Delhi
C3848,Client_Partner_3848,Consumer,Chennai
C3849,Client_Partner_3849,Home Office,Chennai
C3850,Client_Partner_3850,Consumer,Kolkata
C3851,Client_Partner_3851,Corporate,Delhi
C3852,Client_Partner_3852,Corporate,Hyderabad
C3853,Client_Partner_3853,Home Office,Chennai
C3854,Client_Partner_3854,Corporate,Chennai
C3855,Client_Partner_3855,Consumer,Bengaluru
C3856,Client_Partner_3856,Corporate,Kolkata
C3857,Client_Partner_3857,Home Office,Chennai
C3858,Client_Partner_3858,Consumer,Chennai
C3859,Client_Partner_3859,Consumer,Mumbai
C3860,Client_Partner_3860,Corporate,Delhi
C3861,Client_Partner_3861,Home Office,Mumbai
C3862,Client_Partner_3862,Consumer,Mumbai
C3863,Client_Partner_3863,Corporate,Chennai
C3864,Client_Partner_3864,Home Office,Chennai
C3865,Client_Partner_3865,Home Office,Mumbai
C3866,Client_Partner_3866,Home Office,BLR
C3867,Client_Partner_3867,Consumer,Chennai
C3868,Client_Partner_3868,Consumer,Kolkata
C3869,Client_Partner_3869,Consumer,Mumbai
C3870,Client_Partner_3870,Corporate,Chennai
C3871,Client_Partner_3871,Home Office,Chennai
C3872,Client_Partner_3872,Consumer,Hyderabad
C3873,Client_Partner_3873,Home Office,Kolkata
C3874,Client_Partner_3874,Corporate,Chennai
C3875,Client_Partner_3875,Home Office,Mumbai
C3876,Client_Partner_3876,Consumer,Delhi
C3877,Client_Partner_3877,Corporate,Mumbai
C3878,Client_Partner_3878,Corporate,Chennai
C3879,Client_Partner_3879,Consumer,Bengaluru
C3880,Client_Partner_3880,Consumer,Hyderabad
C3881,Client_Partner_3881,Corporate,Delhi
C3882,Client_Partner_3882,Corporate,Mumbai
C3883,Client_Partner_3883,Consumer,Chennai
C3884,Client_Partner_3884,Home Office,Chennai
C3885,Client_Partner_3885,Consumer,Hyderabad
C3886,Client_Partner_3886,Consumer,Mumbai
C3887,Client_Partner_3887,Corporate,Hyderabad
C3888,Client_Partner_3888,Corporate,Chennai
C3889,Client_Partner_3889,Consumer,Hyderabad
C3890,Client_Partner_3890,Corporate,Chennai
C3891,Client_Partner_3891,Corporate,Mumbai
C3892,Client_Partner_3892,Consumer,Kolkata
C3893,Client_Partner_3893,Corporate,Hyderabad
C3894,Client_Partner_3894,Corporate,Bengaluru
C3895,Client_Partner_3895,Corporate,Delhi
C3896,Client_Partner_3896,Home Office,Mumbai
C3897,Client_Partner_3897,Corporate,Chennai
C3898,Client_Partner_3898,Home Office,Hyderabad
C3899,Client_Partner_3899,Corporate,Chennai
C3900,Client_Partner_3900,Home Office,Delhi
C3901,Client_Partner_3901,Home Office,Delhi
C3902,Client_Partner_3902,Home Office,Hyderabad
C3903,Client_Partner_3903,Consumer,Delhi
C3904,Client_Partner_3904,Home Office,Chennai
C3905,Client_Partner_3905,Consumer,Kolkata
C3906,Client_Partner_3906,Corporate,Delhi
C3907,Client_Partner_3907,Home Office,Mumbai
C3908,Client_Partner_3908,Corporate,Hyderabad
C3909,Client_Partner_3909,Consumer,Delhi
C3910,Client_Partner_3910,Corporate,Hyderabad
C3911,Client_Partner_3911,Consumer,Kolkata
C3912,Client_Partner_3912,Home Office,Hyderabad
C3913,Client_Partner_3913,Corporate,Kolkata
C3914,Client_Partner_3914,Corporate,Kolkata
C3915,Client_Partner_3915,Home Office,Mumbai
C3916,Client_Partner_3916,Corporate,Chennai
C3917,Client_Partner_3917,Consumer,Hyderabad
C3918,Client_Partner_3918,Corporate,Hyderabad
C3919,Client_Partner_3919,Consumer,Kolkata
C3920,Client_Partner_3920,Home Office,Hyderabad
C3921,Client_Partner_3921,Corporate,Hyderabad
C3922,Client_Partner_3922,Corporate,Kolkata
C3923,Client_Partner_3923,Home Office,Mumbai
C3924,Client_Partner_3924,Consumer,Chennai
C3925,Client_Partner_3925,Consumer,Mumbai
C3926,Client_Partner_3926,Home Office,Chennai
C3927,Client_Partner_3927,Home Office,Chennai
C3928,Client_Partner_3928,Consumer,Delhi
C3929,Client_Partner_3929,Corporate,Delhi
C3930,Client_Partner_3930,Consumer,Kolkata
C3931,Client_Partner_3931,Corporate,Chennai
C3932,Client_Partner_3932,Home Office,Hyderabad
C3933,Client_Partner_3933,Corporate,Bengaluru
C3934,Client_Partner_3934,Corporate,Bengaluru
C3935,Client_Partner_3935,Home Office,Bengaluru
C3936,Client_Partner_3936,Consumer,Bengaluru
C3937,Client_Partner_3937,Corporate,Delhi
C3938,Client_Partner_3938,Home Office,Chennai
C3939,Client_Partner_3939,Corporate,Bengaluru
C3940,Client_Partner_3940,Home Office,Kolkata
C3941,Client_Partner_3941,Corporate,Chennai
C3942,Client_Partner_3942,Corporate,Mumbai
C3943,Client_Partner_3943,Home Office,Mumbai
C3944,Client_Partner_3944,Home Office,Bangalore 
C3945,Client_Partner_3945,Corporate,Bangalore 
C3946,Client_Partner_3946,Home Office,Kolkata
C3947,Client_Partner_3947,Home Office,Kolkata
C3948,Client_Partner_3948,Corporate,Delhi
C3949,Client_Partner_3949,Home Office,Delhi
C3950,Client_Partner_3950,Consumer,Chennai
C3951,Client_Partner_3951,Home Office,Kolkata
C3952,Client_Partner_3952,Corporate,Hyderabad
C3953,Client_Partner_3953,Corporate,BLR
C3954,Client_Partner_3954,Corporate,Bengaluru
C3955,Client_Partner_3955,Home Office,Chennai
C3956,Client_Partner_3956,Home Office,Chennai
C3957,Client_Partner_3957,Consumer,Chennai
C3958,Client_Partner_3958,Home Office,Bengaluru
C3959,Client_Partner_3959,Home Office,Delhi
C3960,Client_Partner_3960,Home Office,Hyderabad
C3961,Client_Partner_3961,Corporate,Bengaluru
C3962,Client_Partner_3962,Corporate,Chennai
C3963,Client_Partner_3963,Home Office,Mumbai
C3964,Client_Partner_3964,Consumer,Mumbai
C3965,Client_Partner_3965,Home Office,Kolkata
C3966,Client_Partner_3966,Home Office,Chennai
C3967,Client_Partner_3967,Home Office,Hyderabad
C3968,Client_Partner_3968,Consumer,Mumbai
C3969,Client_Partner_3969,Corporate,Delhi
C3970,Client_Partner_3970,Corporate,Delhi
C3971,Client_Partner_3971,Home Office,Kolkata
C3972,Client_Partner_3972,Home Office,Hyderabad
C3973,Client_Partner_3973,Corporate,Kolkata
C3974,Client_Partner_3974,Consumer,Delhi
C3975,Client_Partner_3975,Home Office,Chennai
C3976,Client_Partner_3976,Corporate,Bengaluru
C3977,Client_Partner_3977,Home Office,Kolkata
C3978,Client_Partner_3978,Home Office,Mumbai
C3979,Client_Partner_3979,Consumer,Kolkata
C3980,Client_Partner_3980,Consumer,Kolkata
C3981,Client_Partner_3981,Home Office,Mumbai
C3982,Client_Partner_3982,Home Office,Hyderabad
C3983,Client_Partner_3983,Consumer,Delhi
C3984,Client_Partner_3984,Consumer,Mumbai
C3985,Client_Partner_3985,Consumer,Hyderabad
C3986,Client_Partner_3986,Corporate,Hyderabad
C3987,Client_Partner_3987,Consumer,Bengaluru
C3988,Client_Partner_3988,Home Office,Delhi
C3989,Client_Partner_3989,Home Office,Bangalore 
C3990,Client_Partner_3990,Home Office,Chennai
C3991,Client_Partner_3991,Home Office,Hyderabad
C3992,Client_Partner_3992,Corporate,Mumbai
C3993,Client_Partner_3993,Home Office,Mumbai
C3994,Client_Partner_3994,Corporate,Bengaluru
C3995,Client_Partner_3995,Consumer,Hyderabad
C3996,Client_Partner_3996,Corporate,Hyderabad
C3997,Client_Partner_3997,Consumer,Hyderabad
C3998,Client_Partner_3998,Consumer,Mumbai
C3999,Client_Partner_3999,Consumer,Kolkata
C4000,Client_Partner_4000,Consumer,Hyderabad
C4001,Client_Partner_4001,Home Office,Mumbai
C4002,Client_Partner_4002,Home Office,Kolkata
C4003,Client_Partner_4003,Corporate,Delhi
C4004,Client_Partner_4004,Corporate,Bengaluru
C4005,Client_Partner_4005,Home Office,Hyderabad
C4006,Client_Partner_4006,Corporate,Bengaluru
C4007,Client_Partner_4007,Consumer,Mumbai
C4008,Client_Partner_4008,Corporate,Bengaluru
C4009,Client_Partner_4009,Corporate,Mumbai
C4010,Client_Partner_4010,Consumer,Mumbai
C4011,Client_Partner_4011,Consumer,Bengaluru
C4012,Client_Partner_4012,Corporate,Kolkata
C4013,Client_Partner_4013,Home Office,Mumbai
C4014,Client_Partner_4014,Consumer,Mumbai
C4015,Client_Partner_4015,Home Office,Mumbai
C4016,Client_Partner_4016,Home Office,Bangalore 
C4017,Client_Partner_4017,Corporate,Kolkata
C4018,Client_Partner_4018,Consumer,Mumbai
C4019,Client_Partner_4019,Home Office,Delhi
C4020,Client_Partner_4020,Home Office,
C4021,Client_Partner_4021,Home Office,Delhi
C4022,Client_Partner_4022,Corporate,Chennai
C4023,Client_Partner_4023,Consumer,Delhi
C4024,Client_Partner_4024,Corporate,Chennai
C4025,Client_Partner_4025,Consumer,Hyderabad
C4026,Client_Partner_4026,Consumer,Chennai
C4027,Client_Partner_4027,Consumer,Bengaluru
C4028,Client_Partner_4028,Consumer,Bengaluru
C4029,Client_Partner_4029,Home Office,Kolkata
C4030,Client_Partner_4030,Consumer,Chennai
C4031,Client_Partner_4031,Home Office,Bengaluru
C4032,Client_Partner_4032,Home Office,Chennai
C4033,Client_Partner_4033,Corporate,Hyderabad
C4034,Client_Partner_4034,Home Office,BLR
C4035,Client_Partner_4035,Home Office,Mumbai
C4036,Client_Partner_4036,Corporate,Delhi
C4037,Client_Partner_4037,Corporate,Hyderabad
C4038,Client_Partner_4038,Consumer,BLR
C4039,Client_Partner_4039,Corporate,BLR
C4040,Client_Partner_4040,Home Office,Kolkata
C4041,Client_Partner_4041,Home Office,Kolkata
C4042,Client_Partner_4042,Consumer,Hyderabad
C4043,Client_Partner_4043,Home Office,Bengaluru
C4044,Client_Partner_4044,Home Office,Kolkata
C4045,Client_Partner_4045,Corporate,
C4046,Client_Partner_4046,Corporate,Delhi
C4047,Client_Partner_4047,Home Office,Delhi
C4048,Client_Partner_4048,Consumer,Delhi
C4049,Client_Partner_4049,Consumer,Hyderabad
C4050,Client_Partner_4050,Consumer,Delhi
C4051,Client_Partner_4051,Consumer,Hyderabad
C4052,Client_Partner_4052,Corporate,Hyderabad
C4053,Client_Partner_4053,Consumer,Mumbai
C4054,Client_Partner_4054,Consumer,Mumbai
C4055,Client_Partner_4055,Consumer,Kolkata
C4056,Client_Partner_4056,Corporate,Delhi
C4057,Client_Partner_4057,Corporate,Hyderabad
C4058,Client_Partner_4058,Corporate,Kolkata
C4059,Client_Partner_4059,Consumer,Hyderabad
C4060,Client_Partner_4060,Corporate,
C4061,Client_Partner_4061,Consumer,Hyderabad
C4062,Client_Partner_4062,Corporate,Delhi
C4063,Client_Partner_4063,Home Office,Hyderabad
C4064,Client_Partner_4064,Home Office,BLR
C4065,Client_Partner_4065,Home Office,Mumbai
C4066,Client_Partner_4066,Corporate,Mumbai
C4067,Client_Partner_4067,Consumer,Hyderabad
C4068,Client_Partner_4068,Corporate,Kolkata
C4069,Client_Partner_4069,Home Office,BLR
C4070,Client_Partner_4070,Corporate,Bengaluru
C4071,Client_Partner_4071,Corporate,Chennai
C4072,Client_Partner_4072,Home Office,Mumbai
C4073,Client_Partner_4073,Corporate,Chennai
C4074,Client_Partner_4074,Home Office,Hyderabad
C4075,Client_Partner_4075,Consumer,Kolkata
C4076,Client_Partner_4076,Home Office,Bengaluru
C4077,Client_Partner_4077,Consumer,Chennai
C4078,Client_Partner_4078,Corporate,Chennai
C4079,Client_Partner_4079,Home Office,Bengaluru
C4080,Client_Partner_4080,Consumer,Bengaluru
C4081,Client_Partner_4081,Home Office,Mumbai
C4082,Client_Partner_4082,Consumer,Hyderabad
C4083,Client_Partner_4083,Consumer,Hyderabad
C4084,Client_Partner_4084,Corporate,Chennai
C4085,Client_Partner_4085,Home Office,Kolkata
C4086,Client_Partner_4086,Corporate,Kolkata
C4087,Client_Partner_4087,Consumer,Hyderabad
C4088,Client_Partner_4088,Consumer,Hyderabad
C4089,Client_Partner_4089,Corporate,Bengaluru
C4090,Client_Partner_4090,Consumer,Kolkata
C4091,Client_Partner_4091,Home Office,Delhi
C4092,Client_Partner_4092,Home Office,Bengaluru
C4093,Client_Partner_4093,Consumer,Mumbai
C4094,Client_Partner_4094,Consumer,Chennai
C4095,Client_Partner_4095,Consumer,Hyderabad
C4096,Client_Partner_4096,Consumer,Chennai
C4097,Client_Partner_4097,Consumer,BLR
C4098,Client_Partner_4098,Consumer,Kolkata
C4099,Client_Partner_4099,Consumer,Mumbai
C4100,Client_Partner_4100,Consumer,Bengaluru
C4101,Client_Partner_4101,Consumer,Chennai
C4102,Client_Partner_4102,Corporate,Chennai
C4103,Client_Partner_4103,Consumer,Bengaluru
C4104,Client_Partner_4104,Home Office,Kolkata
C4105,Client_Partner_4105,Corporate,Hyderabad
C4106,Client_Partner_4106,Corporate,Delhi
C4107,Client_Partner_4107,Corporate,Chennai
C4108,Client_Partner_4108,Home Office,Delhi
C4109,Client_Partner_4109,Home Office,Kolkata
C4110,Client_Partner_4110,Corporate,Hyderabad
C4111,Client_Partner_4111,Corporate,Hyderabad
C4112,Client_Partner_4112,Consumer,Mumbai
C4113,Client_Partner_4113,Home Office,Hyderabad
C4114,Client_Partner_4114,Home Office,Mumbai
C4115,Client_Partner_4115,Corporate,Bangalore 
C4116,Client_Partner_4116,Corporate,Kolkata
C4117,Client_Partner_4117,Corporate,Delhi
C4118,Client_Partner_4118,Corporate,Mumbai
C4119,Client_Partner_4119,Corporate,Kolkata
C4120,Client_Partner_4120,Home Office,Chennai
C4121,Client_Partner_4121,Home Office,Kolkata
C4122,Client_Partner_4122,Consumer,Mumbai
C4123,Client_Partner_4123,Consumer,Hyderabad
C4124,Client_Partner_4124,Consumer,Delhi
C4125,Client_Partner_4125,Home Office,Mumbai
C4126,Client_Partner_4126,Home Office,Kolkata
C4127,Client_Partner_4127,Consumer,Kolkata
C4128,Client_Partner_4128,Corporate,Delhi
C4129,Client_Partner_4129,Home Office,Bengaluru
C4130,Client_Partner_4130,Consumer,Chennai
C4131,Client_Partner_4131,Consumer,Bangalore 
C4132,Client_Partner_4132,Home Office,Hyderabad
C4133,Client_Partner_4133,Consumer,Delhi
C4134,Client_Partner_4134,Home Office,Chennai
C4135,Client_Partner_4135,Consumer,BLR
C4136,Client_Partner_4136,Consumer,Chennai
C4137,Client_Partner_4137,Home Office,Bengaluru
C4138,Client_Partner_4138,Consumer,Chennai
C4139,Client_Partner_4139,Consumer,Chennai
C4140,Client_Partner_4140,Home Office,Kolkata
C4141,Client_Partner_4141,Home Office,Hyderabad
C4142,Client_Partner_4142,Consumer,Chennai
C4143,Client_Partner_4143,Consumer,Hyderabad
C4144,Client_Partner_4144,Home Office,Hyderabad
C4145,Client_Partner_4145,Corporate,Chennai
C4146,Client_Partner_4146,Home Office,Kolkata
C4147,Client_Partner_4147,Corporate,Hyderabad
C4148,Client_Partner_4148,Home Office,Chennai
C4149,Client_Partner_4149,Corporate,Mumbai
C4150,Client_Partner_4150,Corporate,Bengaluru
C4151,Client_Partner_4151,Home Office,Mumbai
C4152,Client_Partner_4152,Corporate,Hyderabad
C4153,Client_Partner_4153,Home Office,Mumbai
C4154,Client_Partner_4154,Consumer,Hyderabad
C4155,Client_Partner_4155,Corporate,Mumbai
C4156,Client_Partner_4156,Corporate,Mumbai
C4157,Client_Partner_4157,Corporate,Chennai
C4158,Client_Partner_4158,Home Office,Hyderabad
C4159,Client_Partner_4159,Corporate,Chennai
C4160,Client_Partner_4160,Home Office,BLR
C4161,Client_Partner_4161,Corporate,Kolkata
C4162,Client_Partner_4162,Consumer,Kolkata
C4163,Client_Partner_4163,Corporate,BLR
C4164,Client_Partner_4164,Consumer,Mumbai
C4165,Client_Partner_4165,Consumer,Delhi
C4166,Client_Partner_4166,Corporate,Hyderabad
C4167,Client_Partner_4167,Corporate,Kolkata
C4168,Client_Partner_4168,Corporate,Kolkata
C4169,Client_Partner_4169,Corporate,Kolkata
C4170,Client_Partner_4170,Consumer,Bengaluru
C4171,Client_Partner_4171,Corporate,Bengaluru
C4172,Client_Partner_4172,Home Office,Delhi
C4173,Client_Partner_4173,Consumer,Kolkata
C4174,Client_Partner_4174,Home Office,Kolkata
C4175,Client_Partner_4175,Home Office,Mumbai
C4176,Client_Partner_4176,Consumer,Chennai
C4177,Client_Partner_4177,Corporate,Chennai
C4178,Client_Partner_4178,Corporate,Mumbai
C4179,Client_Partner_4179,Home Office,Hyderabad
C4180,Client_Partner_4180,Home Office,Mumbai
C4181,Client_Partner_4181,Consumer,Kolkata
C4182,Client_Partner_4182,Consumer,Hyderabad
C4183,Client_Partner_4183,Home Office,Bengaluru
C4184,Client_Partner_4184,Corporate,Delhi
C4185,Client_Partner_4185,Corporate,Kolkata
C4186,Client_Partner_4186,Home Office,Delhi
C4187,Client_Partner_4187,Home Office,Delhi
C4188,Client_Partner_4188,Corporate,Hyderabad
C4189,Client_Partner_4189,Home Office,Bengaluru
C4190,Client_Partner_4190,Consumer,Bengaluru
C4191,Client_Partner_4191,Consumer,Kolkata
C4192,Client_Partner_4192,Home Office,Bengaluru
C4193,Client_Partner_4193,Corporate,Mumbai
C4194,Client_Partner_4194,Corporate,Chennai
C4195,Client_Partner_4195,Consumer,Delhi
C4196,Client_Partner_4196,Consumer,Mumbai
C4197,Client_Partner_4197,Consumer,Bengaluru
C4198,Client_Partner_4198,Home Office,Mumbai
C4199,Client_Partner_4199,Corporate,Mumbai
C4200,Client_Partner_4200,Corporate,Kolkata
C4201,Client_Partner_4201,Corporate,Delhi
C4202,Client_Partner_4202,Consumer,Kolkata
C4203,Client_Partner_4203,Home Office,Hyderabad
C4204,Client_Partner_4204,Home Office,Kolkata
C4205,Client_Partner_4205,Corporate,Kolkata
C4206,Client_Partner_4206,Home Office,Kolkata
C4207,Client_Partner_4207,Consumer,Mumbai
C4208,Client_Partner_4208,Consumer,Delhi
C4209,Client_Partner_4209,Corporate,Chennai
C4210,Client_Partner_4210,Consumer,Mumbai
C4211,Client_Partner_4211,Consumer,Kolkata
C4212,Client_Partner_4212,Home Office,Delhi
C4213,Client_Partner_4213,Corporate,Mumbai
C4214,Client_Partner_4214,Corporate,Kolkata
C4215,Client_Partner_4215,Consumer,Hyderabad
C4216,Client_Partner_4216,Home Office,Mumbai
C4217,Client_Partner_4217,Consumer,Mumbai
C4218,Client_Partner_4218,Home Office,Hyderabad
C4219,Client_Partner_4219,Corporate,Chennai
C4220,Client_Partner_4220,Corporate,Kolkata
C4221,Client_Partner_4221,Corporate,BLR
C4222,Client_Partner_4222,Corporate,Mumbai
C4223,Client_Partner_4223,Home Office,Mumbai
C4224,Client_Partner_4224,Corporate,Hyderabad
C4225,Client_Partner_4225,Consumer,Mumbai
C4226,Client_Partner_4226,Home Office,Hyderabad
C4227,Client_Partner_4227,Consumer,
C4228,Client_Partner_4228,Consumer,Kolkata
C4229,Client_Partner_4229,Corporate,Kolkata
C4230,Client_Partner_4230,Consumer,Kolkata
C4231,Client_Partner_4231,Consumer,Bengaluru
C4232,Client_Partner_4232,Corporate,
C4233,Client_Partner_4233,Consumer,Kolkata
C4234,Client_Partner_4234,Consumer,Mumbai
C4235,Client_Partner_4235,Corporate,Hyderabad
C4236,Client_Partner_4236,Consumer,Mumbai
C4237,Client_Partner_4237,Consumer,Delhi
C4238,Client_Partner_4238,Corporate,Chennai
C4239,Client_Partner_4239,Corporate,Mumbai
C4240,Client_Partner_4240,Consumer,Chennai
C4241,Client_Partner_4241,Corporate,Hyderabad
C4242,Client_Partner_4242,Consumer,Chennai
C4243,Client_Partner_4243,Home Office,Chennai
C4244,Client_Partner_4244,Consumer,Hyderabad
C4245,Client_Partner_4245,Corporate,Kolkata
C4246,Client_Partner_4246,Home Office,Mumbai
C4247,Client_Partner_4247,Corporate,Hyderabad
C4248,Client_Partner_4248,Consumer,Chennai
C4249,Client_Partner_4249,Corporate,Bengaluru
C4250,Client_Partner_4250,Home Office,Mumbai
C4251,Client_Partner_4251,Corporate,BLR
C4252,Client_Partner_4252,Corporate,Mumbai
C4253,Client_Partner_4253,Home Office,Kolkata
C4254,Client_Partner_4254,Home Office,Chennai
C4255,Client_Partner_4255,Consumer,Bengaluru
C4256,Client_Partner_4256,Home Office,Delhi
C4257,Client_Partner_4257,Consumer,Chennai
C4258,Client_Partner_4258,Corporate,Chennai
C4259,Client_Partner_4259,Corporate,Chennai
C4260,Client_Partner_4260,Consumer,Kolkata
C4261,Client_Partner_4261,Corporate,Chennai
C4262,Client_Partner_4262,Corporate,Kolkata
C4263,Client_Partner_4263,Corporate,Chennai
C4264,Client_Partner_4264,Home Office,Chennai
C4265,Client_Partner_4265,Corporate,Bengaluru
C4266,Client_Partner_4266,Home Office,Chennai
C4267,Client_Partner_4267,Consumer,Kolkata
C4268,Client_Partner_4268,Corporate,Bangalore 
C4269,Client_Partner_4269,Corporate,Bangalore 
C4270,Client_Partner_4270,Consumer,Mumbai
C4271,Client_Partner_4271,Corporate,Hyderabad
C4272,Client_Partner_4272,Corporate,Chennai
C4273,Client_Partner_4273,Consumer,Hyderabad
C4274,Client_Partner_4274,Consumer,Chennai
C4275,Client_Partner_4275,Consumer,Kolkata
C4276,Client_Partner_4276,Home Office,Chennai
C4277,Client_Partner_4277,Home Office,Hyderabad
C4278,Client_Partner_4278,Home Office,Hyderabad
C4279,Client_Partner_4279,Home Office,Delhi
C4280,Client_Partner_4280,Home Office,Delhi
C4281,Client_Partner_4281,Consumer,Bangalore 
C4282,Client_Partner_4282,Corporate,Mumbai
C4283,Client_Partner_4283,Home Office,Mumbai
C4284,Client_Partner_4284,Consumer,Chennai
C4285,Client_Partner_4285,Consumer,Bengaluru
C4286,Client_Partner_4286,Home Office,Mumbai
C4287,Client_Partner_4287,Home Office,Bengaluru
C4288,Client_Partner_4288,Consumer,Bengaluru
C4289,Client_Partner_4289,Home Office,Bengaluru
C4290,Client_Partner_4290,Corporate,Chennai
C4291,Client_Partner_4291,Corporate,Delhi
C4292,Client_Partner_4292,Consumer,Chennai
C4293,Client_Partner_4293,Home Office,Kolkata
C4294,Client_Partner_4294,Corporate,Kolkata
C4295,Client_Partner_4295,Corporate,Bengaluru
C4296,Client_Partner_4296,Corporate,Bengaluru
C4297,Client_Partner_4297,Corporate,Mumbai
C4298,Client_Partner_4298,Consumer,Mumbai
C4299,Client_Partner_4299,Home Office,Mumbai
C4300,Client_Partner_4300,Corporate,Hyderabad
C4301,Client_Partner_4301,Home Office,Kolkata
C4302,Client_Partner_4302,Corporate,Delhi
C4303,Client_Partner_4303,Corporate,Hyderabad
C4304,Client_Partner_4304,Home Office,Hyderabad
C4305,Client_Partner_4305,Home Office,Bengaluru
C4306,Client_Partner_4306,Corporate,Kolkata
C4307,Client_Partner_4307,Corporate,Kolkata
C4308,Client_Partner_4308,Home Office,Bengaluru
C4309,Client_Partner_4309,Home Office,Chennai
C4310,Client_Partner_4310,Consumer,Bengaluru
C4311,Client_Partner_4311,Corporate,Bengaluru
C4312,Client_Partner_4312,Consumer,Bengaluru
C4313,Client_Partner_4313,Corporate,Chennai
C4314,Client_Partner_4314,Home Office,Chennai
C4315,Client_Partner_4315,Consumer,Kolkata
C4316,Client_Partner_4316,Corporate,Hyderabad
C4317,Client_Partner_4317,Consumer,Chennai
C4318,Client_Partner_4318,Corporate,Chennai
C4319,Client_Partner_4319,Home Office,Delhi
C4320,Client_Partner_4320,Consumer,Mumbai
C4321,Client_Partner_4321,Consumer,Kolkata
C4322,Client_Partner_4322,Corporate,Mumbai
C4323,Client_Partner_4323,Consumer,Mumbai
C4324,Client_Partner_4324,Home Office,Chennai
C4325,Client_Partner_4325,Home Office,Bengaluru
C4326,Client_Partner_4326,Home Office,Delhi
C4327,Client_Partner_4327,Home Office,Mumbai
C4328,Client_Partner_4328,Home Office,Kolkata
C4329,Client_Partner_4329,Corporate,Chennai
C4330,Client_Partner_4330,Corporate,Bengaluru
C4331,Client_Partner_4331,Consumer,Mumbai
C4332,Client_Partner_4332,Consumer,Hyderabad
C4333,Client_Partner_4333,Corporate,Kolkata
C4334,Client_Partner_4334,Consumer,Mumbai
C4335,Client_Partner_4335,Home Office,Bengaluru
C4336,Client_Partner_4336,Home Office,Chennai
C4337,Client_Partner_4337,Home Office,Hyderabad
C4338,Client_Partner_4338,Home Office,Delhi
C4339,Client_Partner_4339,Consumer,Mumbai
C4340,Client_Partner_4340,Consumer,Delhi
C4341,Client_Partner_4341,Home Office,Mumbai
C4342,Client_Partner_4342,Consumer,Kolkata
C4343,Client_Partner_4343,Consumer,Bangalore 
C4344,Client_Partner_4344,Corporate,Delhi
C4345,Client_Partner_4345,Consumer,Chennai
C4346,Client_Partner_4346,Consumer,Mumbai
C4347,Client_Partner_4347,Corporate,Mumbai
C4348,Client_Partner_4348,Home Office,Mumbai
C4349,Client_Partner_4349,Home Office,Hyderabad
C4350,Client_Partner_4350,Consumer,Mumbai
C4351,Client_Partner_4351,Corporate,Bangalore 
C4352,Client_Partner_4352,Home Office,Hyderabad
C4353,Client_Partner_4353,Corporate,Kolkata
C4354,Client_Partner_4354,Home Office,Bengaluru
C4355,Client_Partner_4355,Corporate,Mumbai
C4356,Client_Partner_4356,Consumer,
C4357,Client_Partner_4357,Home Office,
C4358,Client_Partner_4358,Home Office,Hyderabad
C4359,Client_Partner_4359,Home Office,Chennai
C4360,Client_Partner_4360,Consumer,Kolkata
C4361,Client_Partner_4361,Home Office,Mumbai
C4362,Client_Partner_4362,Corporate,Mumbai
C4363,Client_Partner_4363,Corporate,Mumbai
C4364,Client_Partner_4364,Corporate,Chennai
C4365,Client_Partner_4365,Corporate,Hyderabad
C4366,Client_Partner_4366,Home Office,Delhi
C4367,Client_Partner_4367,Corporate,Mumbai
C4368,Client_Partner_4368,Consumer,Delhi
C4369,Client_Partner_4369,Corporate,Delhi
C4370,Client_Partner_4370,Consumer,Chennai
C4371,Client_Partner_4371,Consumer,Chennai
C4372,Client_Partner_4372,Home Office,Kolkata
C4373,Client_Partner_4373,Home Office,Kolkata
C4374,Client_Partner_4374,Consumer,Kolkata
C4375,Client_Partner_4375,Consumer,Kolkata
C4376,Client_Partner_4376,Corporate,Delhi
C4377,Client_Partner_4377,Home Office,Mumbai
C4378,Client_Partner_4378,Home Office,Hyderabad
C4379,Client_Partner_4379,Home Office,Delhi
C4380,Client_Partner_4380,Home Office,Chennai
C4381,Client_Partner_4381,Consumer,Kolkata
C4382,Client_Partner_4382,Corporate,Delhi
C4383,Client_Partner_4383,Corporate,Hyderabad
C4384,Client_Partner_4384,Corporate,Hyderabad
C4385,Client_Partner_4385,Corporate,Kolkata
C4386,Client_Partner_4386,Corporate,Bangalore 
C4387,Client_Partner_4387,Corporate,Hyderabad
C4388,Client_Partner_4388,Home Office,Hyderabad
C4389,Client_Partner_4389,Home Office,Bengaluru
C4390,Client_Partner_4390,Corporate,Bangalore 
C4391,Client_Partner_4391,Home Office,Delhi
C4392,Client_Partner_4392,Consumer,Mumbai
C4393,Client_Partner_4393,Consumer,Mumbai
C4394,Client_Partner_4394,Home Office,Bengaluru
C4395,Client_Partner_4395,Corporate,Kolkata
C4396,Client_Partner_4396,Home Office,Delhi
C4397,Client_Partner_4397,Home Office,
C4398,Client_Partner_4398,Corporate,Hyderabad
C4399,Client_Partner_4399,Home Office,Hyderabad
C4400,Client_Partner_4400,Home Office,Kolkata
C4401,Client_Partner_4401,Corporate,Bengaluru
C4402,Client_Partner_4402,Home Office,BLR
C4403,Client_Partner_4403,Home Office,Kolkata
C4404,Client_Partner_4404,Corporate,Delhi
C4405,Client_Partner_4405,Consumer,Delhi
C4406,Client_Partner_4406,Consumer,Kolkata
C4407,Client_Partner_4407,Consumer,Hyderabad
C4408,Client_Partner_4408,Corporate,Delhi
C4409,Client_Partner_4409,Corporate,Bengaluru
C4410,Client_Partner_4410,Corporate,Kolkata
C4411,Client_Partner_4411,Home Office,Hyderabad
C4412,Client_Partner_4412,Home Office,Chennai
C4413,Client_Partner_4413,Corporate,Bengaluru
C4414,Client_Partner_4414,Corporate,Kolkata
C4415,Client_Partner_4415,Home Office,Chennai
C4416,Client_Partner_4416,Corporate,Mumbai
C4417,Client_Partner_4417,Home Office,Kolkata
C4418,Client_Partner_4418,Consumer,Kolkata
C4419,Client_Partner_4419,Corporate,Chennai
C4420,Client_Partner_4420,Corporate,Mumbai
C4421,Client_Partner_4421,Corporate,Chennai
C4422,Client_Partner_4422,Home Office,Delhi
C4423,Client_Partner_4423,Corporate,Chennai
C4424,Client_Partner_4424,Corporate,Mumbai
C4425,Client_Partner_4425,Consumer,Delhi
C4426,Client_Partner_4426,Corporate,Chennai
C4427,Client_Partner_4427,Home Office,Bengaluru
C4428,Client_Partner_4428,Consumer,Chennai
C4429,Client_Partner_4429,Consumer,Hyderabad
C4430,Client_Partner_4430,Consumer,Mumbai
C4431,Client_Partner_4431,Consumer,Bengaluru
C4432,Client_Partner_4432,Consumer,Hyderabad
C4433,Client_Partner_4433,Home Office,Kolkata
C4434,Client_Partner_4434,Consumer,Bangalore 
C4435,Client_Partner_4435,Corporate,Kolkata
C4436,Client_Partner_4436,Consumer,Delhi
C4437,Client_Partner_4437,Home Office,Hyderabad
C4438,Client_Partner_4438,Home Office,Bengaluru
C4439,Client_Partner_4439,Consumer,Bangalore 
C4440,Client_Partner_4440,Home Office,Bengaluru
C4441,Client_Partner_4441,Consumer,BLR
C4442,Client_Partner_4442,Corporate,Bengaluru
C4443,Client_Partner_4443,Corporate,Chennai
C4444,Client_Partner_4444,Home Office,Bengaluru
C4445,Client_Partner_4445,Corporate,Hyderabad
C4446,Client_Partner_4446,Corporate,Kolkata
C4447,Client_Partner_4447,Corporate,Delhi
C4448,Client_Partner_4448,Corporate,BLR
C4449,Client_Partner_4449,Consumer,Chennai
C4450,Client_Partner_4450,Home Office,Delhi
C4451,Client_Partner_4451,Home Office,Kolkata
C4452,Client_Partner_4452,Consumer,Hyderabad
C4453,Client_Partner_4453,Corporate,Chennai
C4454,Client_Partner_4454,Corporate,Mumbai
C4455,Client_Partner_4455,Consumer,BLR
C4456,Client_Partner_4456,Home Office,Bengaluru
C4457,Client_Partner_4457,Home Office,Delhi
C4458,Client_Partner_4458,Corporate,Bengaluru
C4459,Client_Partner_4459,Corporate,Mumbai
C4460,Client_Partner_4460,Corporate,Chennai
C4461,Client_Partner_4461,Home Office,Hyderabad
C4462,Client_Partner_4462,Consumer,Hyderabad
C4463,Client_Partner_4463,Home Office,Kolkata
C4464,Client_Partner_4464,Consumer,Mumbai
C4465,Client_Partner_4465,Home Office,Chennai
C4466,Client_Partner_4466,Home Office,Hyderabad
C4467,Client_Partner_4467,Corporate,Bangalore 
C4468,Client_Partner_4468,Consumer,Bengaluru
C4469,Client_Partner_4469,Consumer,Kolkata
C4470,Client_Partner_4470,Corporate,Chennai
C4471,Client_Partner_4471,Corporate,
C4472,Client_Partner_4472,Consumer,Mumbai
C4473,Client_Partner_4473,Home Office,Kolkata
C4474,Client_Partner_4474,Consumer,Kolkata
C4475,Client_Partner_4475,Corporate,Mumbai
C4476,Client_Partner_4476,Corporate,Mumbai
C4477,Client_Partner_4477,Home Office,BLR
C4478,Client_Partner_4478,Consumer,Hyderabad
C4479,Client_Partner_4479,Consumer,Chennai
C4480,Client_Partner_4480,Consumer,Chennai
C4481,Client_Partner_4481,Home Office,Hyderabad
C4482,Client_Partner_4482,Consumer,Bengaluru
C4483,Client_Partner_4483,Corporate,Delhi
C4484,Client_Partner_4484,Home Office,Bengaluru
C4485,Client_Partner_4485,Consumer,Delhi
C4486,Client_Partner_4486,Corporate,Bengaluru
C4487,Client_Partner_4487,Corporate,Mumbai
C4488,Client_Partner_4488,Consumer,Bengaluru
C4489,Client_Partner_4489,Consumer,Delhi
C4490,Client_Partner_4490,Home Office,Delhi
C4491,Client_Partner_4491,Consumer,Bangalore 
C4492,Client_Partner_4492,Home Office,Chennai
C4493,Client_Partner_4493,Consumer,Bengaluru
C4494,Client_Partner_4494,Corporate,Hyderabad
C4495,Client_Partner_4495,Consumer,Hyderabad
C4496,Client_Partner_4496,Home Office,Kolkata
C4497,Client_Partner_4497,Consumer,Kolkata
C4498,Client_Partner_4498,Home Office,Chennai
C4499,Client_Partner_4499,Home Office,Delhi
C4500,Client_Partner_4500,Home Office,Mumbai
C4501,Client_Partner_4501,Consumer,Mumbai
C4502,Client_Partner_4502,Home Office,Kolkata
C4503,Client_Partner_4503,Corporate,Delhi
C4504,Client_Partner_4504,Consumer,Mumbai
C4505,Client_Partner_4505,Consumer,Delhi
C4506,Client_Partner_4506,Home Office,Hyderabad
C4507,Client_Partner_4507,Home Office,Kolkata
C4508,Client_Partner_4508,Consumer,Hyderabad
C4509,Client_Partner_4509,Consumer,BLR
C4510,Client_Partner_4510,Home Office,Delhi
C4511,Client_Partner_4511,Home Office,Mumbai
C4512,Client_Partner_4512,Consumer,Bangalore 
C4513,Client_Partner_4513,Home Office,Delhi
C4514,Client_Partner_4514,Corporate,Hyderabad
C4515,Client_Partner_4515,Consumer,BLR
C4516,Client_Partner_4516,Corporate,Hyderabad
C4517,Client_Partner_4517,Corporate,Bengaluru
C4518,Client_Partner_4518,Home Office,Delhi
C4519,Client_Partner_4519,Corporate,Chennai
C4520,Client_Partner_4520,Home Office,Delhi
C4521,Client_Partner_4521,Consumer,Bengaluru
C4522,Client_Partner_4522,Consumer,Chennai
C4523,Client_Partner_4523,Consumer,Mumbai
C4524,Client_Partner_4524,Home Office,Delhi
C4525,Client_Partner_4525,Consumer,Kolkata
C4526,Client_Partner_4526,Corporate,Kolkata
C4527,Client_Partner_4527,Corporate,Bengaluru
C4528,Client_Partner_4528,Corporate,Kolkata
C4529,Client_Partner_4529,Corporate,Bangalore 
C4530,Client_Partner_4530,Corporate,Mumbai
C4531,Client_Partner_4531,Corporate,Delhi
C4532,Client_Partner_4532,Home Office,Kolkata
C4533,Client_Partner_4533,Consumer,Bengaluru
C4534,Client_Partner_4534,Consumer,Chennai
C4535,Client_Partner_4535,Consumer,Kolkata
C4536,Client_Partner_4536,Corporate,
C4537,Client_Partner_4537,Home Office,Mumbai
C4538,Client_Partner_4538,Home Office,Chennai
C4539,Client_Partner_4539,Home Office,Hyderabad
C4540,Client_Partner_4540,Consumer,Bengaluru
C4541,Client_Partner_4541,Consumer,BLR
C4542,Client_Partner_4542,Home Office,Chennai
C4543,Client_Partner_4543,Consumer,Bengaluru
C4544,Client_Partner_4544,Home Office,Delhi
C4545,Client_Partner_4545,Corporate,Hyderabad
C4546,Client_Partner_4546,Corporate,Kolkata
C4547,Client_Partner_4547,Corporate,Chennai
C4548,Client_Partner_4548,Corporate,Kolkata
C4549,Client_Partner_4549,Consumer,Hyderabad
C4550,Client_Partner_4550,Home Office,Hyderabad
C4551,Client_Partner_4551,Home Office,Hyderabad
C4552,Client_Partner_4552,Corporate,Kolkata
C4553,Client_Partner_4553,Home Office,Delhi
C4554,Client_Partner_4554,Consumer,Bangalore 
C4555,Client_Partner_4555,Home Office,Hyderabad
C4556,Client_Partner_4556,Home Office,Chennai
C4557,Client_Partner_4557,Home Office,Mumbai
C4558,Client_Partner_4558,Consumer,Chennai
C4559,Client_Partner_4559,Corporate,Chennai
C4560,Client_Partner_4560,Home Office,Kolkata
C4561,Client_Partner_4561,Corporate,Kolkata
C4562,Client_Partner_4562,Corporate,Delhi
C4563,Client_Partner_4563,Corporate,Kolkata
C4564,Client_Partner_4564,Home Office,BLR
C4565,Client_Partner_4565,Home Office,Mumbai
C4566,Client_Partner_4566,Corporate,Mumbai
C4567,Client_Partner_4567,Consumer,BLR
C4568,Client_Partner_4568,Corporate,Chennai
C4569,Client_Partner_4569,Consumer,Hyderabad
C4570,Client_Partner_4570,Home Office,Delhi
C4571,Client_Partner_4571,Corporate,Mumbai
C4572,Client_Partner_4572,Consumer,Chennai
C4573,Client_Partner_4573,Home Office,Chennai
C4574,Client_Partner_4574,Consumer,Mumbai
C4575,Client_Partner_4575,Consumer,Kolkata
C4576,Client_Partner_4576,Corporate,Hyderabad
C4577,Client_Partner_4577,Consumer,BLR
C4578,Client_Partner_4578,Home Office,Delhi
C4579,Client_Partner_4579,Consumer,Delhi
C4580,Client_Partner_4580,Home Office,Hyderabad
C4581,Client_Partner_4581,Consumer,Kolkata
C4582,Client_Partner_4582,Home Office,Delhi
C4583,Client_Partner_4583,Consumer,Hyderabad
C4584,Client_Partner_4584,Consumer,Hyderabad
C4585,Client_Partner_4585,Corporate,Mumbai
C4586,Client_Partner_4586,Corporate,Delhi
C4587,Client_Partner_4587,Consumer,Chennai
C4588,Client_Partner_4588,Home Office,Kolkata
C4589,Client_Partner_4589,Consumer,Delhi
C4590,Client_Partner_4590,Consumer,Chennai
C4591,Client_Partner_4591,Consumer,Mumbai
C4592,Client_Partner_4592,Corporate,
C4593,Client_Partner_4593,Home Office,Bengaluru
C4594,Client_Partner_4594,Consumer,Chennai
C4595,Client_Partner_4595,Consumer,Kolkata
C4596,Client_Partner_4596,Corporate,Delhi
C4597,Client_Partner_4597,Consumer,Hyderabad
C4598,Client_Partner_4598,Corporate,Kolkata
C4599,Client_Partner_4599,Consumer,Mumbai
C4600,Client_Partner_4600,Consumer,Chennai
C4601,Client_Partner_4601,Corporate,Delhi
C4602,Client_Partner_4602,Corporate,Delhi
C4603,Client_Partner_4603,Corporate,Hyderabad
C4604,Client_Partner_4604,Consumer,Hyderabad
C4605,Client_Partner_4605,Home Office,Hyderabad
C4606,Client_Partner_4606,Corporate,Chennai
C4607,Client_Partner_4607,Home Office,Bengaluru
C4608,Client_Partner_4608,Corporate,Hyderabad
C4609,Client_Partner_4609,Home Office,Chennai
C4610,Client_Partner_4610,Home Office,Bengaluru
C4611,Client_Partner_4611,Home Office,Hyderabad
C4612,Client_Partner_4612,Corporate,
C4613,Client_Partner_4613,Home Office,Hyderabad
C4614,Client_Partner_4614,Consumer,Bengaluru
C4615,Client_Partner_4615,Consumer,Bengaluru
C4616,Client_Partner_4616,Home Office,Delhi
C4617,Client_Partner_4617,Corporate,Bengaluru
C4618,Client_Partner_4618,Consumer,Mumbai
C4619,Client_Partner_4619,Home Office,Mumbai
C4620,Client_Partner_4620,Corporate,Mumbai
C4621,Client_Partner_4621,Home Office,Chennai
C4622,Client_Partner_4622,Corporate,Mumbai
C4623,Client_Partner_4623,Corporate,Hyderabad
C4624,Client_Partner_4624,Home Office,Delhi
C4625,Client_Partner_4625,Corporate,Bangalore 
C4626,Client_Partner_4626,Home Office,Mumbai
C4627,Client_Partner_4627,Corporate,Mumbai
C4628,Client_Partner_4628,Corporate,Mumbai
C4629,Client_Partner_4629,Corporate,Hyderabad
C4630,Client_Partner_4630,Consumer,Mumbai
C4631,Client_Partner_4631,Corporate,Bengaluru
C4632,Client_Partner_4632,Consumer,Mumbai
C4633,Client_Partner_4633,Consumer,Chennai
C4634,Client_Partner_4634,Corporate,Delhi
C4635,Client_Partner_4635,Corporate,Kolkata
C4636,Client_Partner_4636,Consumer,Kolkata
C4637,Client_Partner_4637,Home Office,Mumbai
C4638,Client_Partner_4638,Home Office,Chennai
C4639,Client_Partner_4639,Home Office,Hyderabad
C4640,Client_Partner_4640,Home Office,Mumbai
C4641,Client_Partner_4641,Home Office,Chennai
C4642,Client_Partner_4642,Corporate,Chennai
C4643,Client_Partner_4643,Consumer,Bengaluru
C4644,Client_Partner_4644,Home Office,Bengaluru
C4645,Client_Partner_4645,Corporate,Hyderabad
C4646,Client_Partner_4646,Consumer,Kolkata
C4647,Client_Partner_4647,Corporate,Kolkata
C4648,Client_Partner_4648,Corporate,Chennai
C4649,Client_Partner_4649,Home Office,Kolkata
C4650,Client_Partner_4650,Consumer,Kolkata
C4651,Client_Partner_4651,Corporate,Hyderabad
C4652,Client_Partner_4652,Home Office,Hyderabad
C4653,Client_Partner_4653,Corporate,Hyderabad
C4654,Client_Partner_4654,Home Office,Chennai
C4655,Client_Partner_4655,Consumer,Chennai
C4656,Client_Partner_4656,Home Office,BLR
C4657,Client_Partner_4657,Corporate,Hyderabad
C4658,Client_Partner_4658,Home Office,Kolkata
C4659,Client_Partner_4659,Home Office,Delhi
C4660,Client_Partner_4660,Home Office,Delhi
C4661,Client_Partner_4661,Corporate,Kolkata
C4662,Client_Partner_4662,Consumer,Delhi
C4663,Client_Partner_4663,Consumer,Mumbai
C4664,Client_Partner_4664,Home Office,Hyderabad
C4665,Client_Partner_4665,Consumer,Delhi
C4666,Client_Partner_4666,Home Office,Chennai
C4667,Client_Partner_4667,Consumer,Chennai
C4668,Client_Partner_4668,Corporate,Delhi
C4669,Client_Partner_4669,Home Office,Bengaluru
C4670,Client_Partner_4670,Corporate,Hyderabad
C4671,Client_Partner_4671,Consumer,Kolkata
C4672,Client_Partner_4672,Consumer,Bengaluru
C4673,Client_Partner_4673,Home Office,Delhi
C4674,Client_Partner_4674,Corporate,Chennai
C4675,Client_Partner_4675,Home Office,Hyderabad
C4676,Client_Partner_4676,Home Office,Delhi
C4677,Client_Partner_4677,Consumer,Hyderabad
C4678,Client_Partner_4678,Corporate,Mumbai
C4679,Client_Partner_4679,Corporate,Chennai
C4680,Client_Partner_4680,Consumer,
C4681,Client_Partner_4681,Corporate,Chennai
C4682,Client_Partner_4682,Corporate,Bengaluru
C4683,Client_Partner_4683,Home Office,Delhi
C4684,Client_Partner_4684,Consumer,Mumbai
C4685,Client_Partner_4685,Corporate,Chennai
C4686,Client_Partner_4686,Home Office,Chennai
C4687,Client_Partner_4687,Consumer,Hyderabad
C4688,Client_Partner_4688,Consumer,Kolkata
C4689,Client_Partner_4689,Consumer,Bengaluru
C4690,Client_Partner_4690,Corporate,Mumbai
C4691,Client_Partner_4691,Home Office,Delhi
C4692,Client_Partner_4692,Consumer,Hyderabad
C4693,Client_Partner_4693,Consumer,Chennai
C4694,Client_Partner_4694,Corporate,BLR
C4695,Client_Partner_4695,Corporate,Hyderabad
C4696,Client_Partner_4696,Home Office,Chennai
C4697,Client_Partner_4697,Consumer,Kolkata
C4698,Client_Partner_4698,Corporate,Kolkata
C4699,Client_Partner_4699,Corporate,Hyderabad
C4700,Client_Partner_4700,Consumer,Mumbai
C4701,Client_Partner_4701,Corporate,Mumbai
C4702,Client_Partner_4702,Home Office,Kolkata
C4703,Client_Partner_4703,Corporate,Bangalore 
C4704,Client_Partner_4704,Corporate,Delhi
C4705,Client_Partner_4705,Consumer,Bengaluru
C4706,Client_Partner_4706,Home Office,Hyderabad
C4707,Client_Partner_4707,Home Office,Bengaluru
C4708,Client_Partner_4708,Home Office,Hyderabad
C4709,Client_Partner_4709,Home Office,Hyderabad
C4710,Client_Partner_4710,Home Office,Kolkata
C4711,Client_Partner_4711,Consumer,BLR
C4712,Client_Partner_4712,Corporate,Delhi
C4713,Client_Partner_4713,Consumer,Chennai
C4714,Client_Partner_4714,Corporate,Hyderabad
C4715,Client_Partner_4715,Consumer,Hyderabad
C4716,Client_Partner_4716,Consumer,Kolkata
C4717,Client_Partner_4717,Corporate,BLR
C4718,Client_Partner_4718,Consumer,Delhi
C4719,Client_Partner_4719,Consumer,Kolkata
C4720,Client_Partner_4720,Corporate,Mumbai
C4721,Client_Partner_4721,Corporate,Kolkata
C4722,Client_Partner_4722,Consumer,Kolkata
C4723,Client_Partner_4723,Home Office,Mumbai
C4724,Client_Partner_4724,Corporate,Kolkata
C4725,Client_Partner_4725,Corporate,Mumbai
C4726,Client_Partner_4726,Home Office,Chennai
C4727,Client_Partner_4727,Home Office,Hyderabad
C4728,Client_Partner_4728,Consumer,Mumbai
C4729,Client_Partner_4729,Consumer,Chennai
C4730,Client_Partner_4730,Home Office,Bengaluru
C4731,Client_Partner_4731,Consumer,Chennai
C4732,Client_Partner_4732,Home Office,Bengaluru
C4733,Client_Partner_4733,Home Office,Hyderabad
C4734,Client_Partner_4734,Home Office,Mumbai
C4735,Client_Partner_4735,Corporate,Bengaluru
C4736,Client_Partner_4736,Corporate,Chennai
C4737,Client_Partner_4737,Corporate,Bangalore 
C4738,Client_Partner_4738,Home Office,Hyderabad
C4739,Client_Partner_4739,Consumer,Mumbai
C4740,Client_Partner_4740,Corporate,Mumbai
C4741,Client_Partner_4741,Consumer,Kolkata
C4742,Client_Partner_4742,Consumer,
C4743,Client_Partner_4743,Corporate,Mumbai
C4744,Client_Partner_4744,Corporate,Kolkata
C4745,Client_Partner_4745,Home Office,Kolkata
C4746,Client_Partner_4746,Consumer,Hyderabad
C4747,Client_Partner_4747,Consumer,Delhi
C4748,Client_Partner_4748,Corporate,Mumbai
C4749,Client_Partner_4749,Home Office,Delhi
C4750,Client_Partner_4750,Corporate,Bangalore 
C4751,Client_Partner_4751,Corporate,Bengaluru
C4752,Client_Partner_4752,Home Office,Hyderabad
C4753,Client_Partner_4753,Home Office,Chennai
C4754,Client_Partner_4754,Corporate,Hyderabad
C4755,Client_Partner_4755,Home Office,Hyderabad
C4756,Client_Partner_4756,Corporate,Kolkata
C4757,Client_Partner_4757,Consumer,Bengaluru
C4758,Client_Partner_4758,Home Office,Mumbai
C4759,Client_Partner_4759,Corporate,Hyderabad
C4760,Client_Partner_4760,Corporate,Delhi
C4761,Client_Partner_4761,Corporate,Bengaluru
C4762,Client_Partner_4762,Home Office,Hyderabad
C4763,Client_Partner_4763,Corporate,Chennai
C4764,Client_Partner_4764,Consumer,Hyderabad
C4765,Client_Partner_4765,Consumer,Bengaluru
C4766,Client_Partner_4766,Home Office,Bengaluru
C4767,Client_Partner_4767,Consumer,Chennai
C4768,Client_Partner_4768,Consumer,Mumbai
C4769,Client_Partner_4769,Corporate,Delhi
C4770,Client_Partner_4770,Consumer,Hyderabad
C4771,Client_Partner_4771,Corporate,Hyderabad
C4772,Client_Partner_4772,Consumer,Chennai
C4773,Client_Partner_4773,Corporate,Bengaluru
C4774,Client_Partner_4774,Home Office,BLR
C4775,Client_Partner_4775,Consumer,Chennai
C4776,Client_Partner_4776,Home Office,Mumbai
C4777,Client_Partner_4777,Corporate,Delhi
C4778,Client_Partner_4778,Home Office,Chennai
C4779,Client_Partner_4779,Consumer,Mumbai
C4780,Client_Partner_4780,Consumer,Bengaluru
C4781,Client_Partner_4781,Consumer,Kolkata
C4782,Client_Partner_4782,Home Office,Delhi
C4783,Client_Partner_4783,Home Office,Delhi
C4784,Client_Partner_4784,Home Office,Chennai
C4785,Client_Partner_4785,Consumer,Chennai
C4786,Client_Partner_4786,Consumer,Hyderabad
C4787,Client_Partner_4787,Corporate,Delhi
C4788,Client_Partner_4788,Corporate,BLR
C4789,Client_Partner_4789,Home Office,Delhi
C4790,Client_Partner_4790,Corporate,Kolkata
C4791,Client_Partner_4791,Corporate,Delhi
C4792,Client_Partner_4792,Consumer,Bengaluru
C4793,Client_Partner_4793,Corporate,Kolkata
C4794,Client_Partner_4794,Home Office,Kolkata
C4795,Client_Partner_4795,Home Office,Mumbai
C4796,Client_Partner_4796,Home Office,Mumbai
C4797,Client_Partner_4797,Corporate,Kolkata
C4798,Client_Partner_4798,Home Office,Kolkata
C4799,Client_Partner_4799,Home Office,Mumbai
C4800,Client_Partner_4800,Home Office,Hyderabad
C4801,Client_Partner_4801,Corporate,Hyderabad
C4802,Client_Partner_4802,Home Office,Delhi
C4803,Client_Partner_4803,Corporate,Mumbai
C4804,Client_Partner_4804,Consumer,Chennai
C4805,Client_Partner_4805,Home Office,Delhi
C4806,Client_Partner_4806,Home Office,Delhi
C4807,Client_Partner_4807,Consumer,Chennai
C4808,Client_Partner_4808,Corporate,Hyderabad
C4809,Client_Partner_4809,Consumer,Bengaluru
C4810,Client_Partner_4810,Consumer,Bengaluru
C4811,Client_Partner_4811,Home Office,Kolkata
C4812,Client_Partner_4812,Home Office,Bengaluru
C4813,Client_Partner_4813,Consumer,BLR
C4814,Client_Partner_4814,Consumer,Bangalore 
C4815,Client_Partner_4815,Corporate,Hyderabad
C4816,Client_Partner_4816,Consumer,Bengaluru
C4817,Client_Partner_4817,Home Office,Mumbai
C4818,Client_Partner_4818,Corporate,Chennai
C4819,Client_Partner_4819,Consumer,Mumbai
C4820,Client_Partner_4820,Home Office,Bengaluru
C4821,Client_Partner_4821,Consumer,Bangalore 
C4822,Client_Partner_4822,Corporate,Mumbai
C4823,Client_Partner_4823,Corporate,Kolkata
C4824,Client_Partner_4824,Corporate,Mumbai
C4825,Client_Partner_4825,Home Office,Kolkata
C4826,Client_Partner_4826,Consumer,Kolkata
C4827,Client_Partner_4827,Home Office,Hyderabad
C4828,Client_Partner_4828,Corporate,Chennai
C4829,Client_Partner_4829,Corporate,Delhi
C4830,Client_Partner_4830,Home Office,Bengaluru
C4831,Client_Partner_4831,Consumer,Kolkata
C4832,Client_Partner_4832,Corporate,Kolkata
C4833,Client_Partner_4833,Consumer,Bengaluru
C4834,Client_Partner_4834,Home Office,Chennai
C4835,Client_Partner_4835,Corporate,Mumbai
C4836,Client_Partner_4836,Corporate,Mumbai
C4837,Client_Partner_4837,Consumer,Bengaluru
C4838,Client_Partner_4838,Home Office,Chennai
C4839,Client_Partner_4839,Home Office,Kolkata
C4840,Client_Partner_4840,Corporate,Bengaluru
C4841,Client_Partner_4841,Corporate,Hyderabad
C4842,Client_Partner_4842,Home Office,Hyderabad
C4843,Client_Partner_4843,Corporate,Delhi
C4844,Client_Partner_4844,Corporate,Bengaluru
C4845,Client_Partner_4845,Home Office,Bengaluru
C4846,Client_Partner_4846,Corporate,Mumbai
C4847,Client_Partner_4847,Corporate,Mumbai
C4848,Client_Partner_4848,Consumer,Kolkata
C4849,Client_Partner_4849,Consumer,Delhi
C4850,Client_Partner_4850,Home Office,Hyderabad
C4851,Client_Partner_4851,Home Office,Kolkata
C4852,Client_Partner_4852,Consumer,Hyderabad
C4853,Client_Partner_4853,Home Office,Chennai
C4854,Client_Partner_4854,Corporate,Bengaluru
C4855,Client_Partner_4855,Consumer,Chennai
C4856,Client_Partner_4856,Home Office,Delhi
C4857,Client_Partner_4857,Consumer,Delhi
C4858,Client_Partner_4858,Consumer,Bengaluru
C4859,Client_Partner_4859,Consumer,Delhi
C4860,Client_Partner_4860,Home Office,Kolkata
C4861,Client_Partner_4861,Corporate,Kolkata
C4862,Client_Partner_4862,Corporate,Hyderabad
C4863,Client_Partner_4863,Corporate,
C4864,Client_Partner_4864,Consumer,Hyderabad
C4865,Client_Partner_4865,Consumer,Hyderabad
C4866,Client_Partner_4866,Consumer,Kolkata
C4867,Client_Partner_4867,Corporate,Chennai
C4868,Client_Partner_4868,Corporate,Chennai
C4869,Client_Partner_4869,Consumer,Bengaluru
C4870,Client_Partner_4870,Corporate,
C4871,Client_Partner_4871,Home Office,Bengaluru
C4872,Client_Partner_4872,Corporate,Kolkata
C4873,Client_Partner_4873,Home Office,Kolkata
C4874,Client_Partner_4874,Home Office,Mumbai
C4875,Client_Partner_4875,Corporate,Delhi
C4876,Client_Partner_4876,Home Office,Hyderabad
C4877,Client_Partner_4877,Consumer,Bengaluru
C4878,Client_Partner_4878,Home Office,Mumbai
C4879,Client_Partner_4879,Home Office,Hyderabad
C4880,Client_Partner_4880,Home Office,
C4881,Client_Partner_4881,Consumer,Mumbai
C4882,Client_Partner_4882,Consumer,Delhi
C4883,Client_Partner_4883,Consumer,Kolkata
C4884,Client_Partner_4884,Consumer,Kolkata
C4885,Client_Partner_4885,Corporate,Mumbai
C4886,Client_Partner_4886,Corporate,Bengaluru
C4887,Client_Partner_4887,Consumer,Kolkata
C4888,Client_Partner_4888,Consumer,Mumbai
C4889,Client_Partner_4889,Corporate,Bengaluru
C4890,Client_Partner_4890,Consumer,Chennai
C4891,Client_Partner_4891,Home Office,Chennai
C4892,Client_Partner_4892,Home Office,Bengaluru
C4893,Client_Partner_4893,Corporate,Chennai
C4894,Client_Partner_4894,Corporate,BLR
C4895,Client_Partner_4895,Consumer,Mumbai
C4896,Client_Partner_4896,Consumer,Chennai
C4897,Client_Partner_4897,Consumer,Kolkata
C4898,Client_Partner_4898,Consumer,Mumbai
C4899,Client_Partner_4899,Corporate,Chennai
C4900,Client_Partner_4900,Consumer,Hyderabad
C4901,Client_Partner_4901,Corporate,
C4902,Client_Partner_4902,Consumer,Kolkata
C4903,Client_Partner_4903,Corporate,Bengaluru
C4904,Client_Partner_4904,Home Office,Mumbai
C4905,Client_Partner_4905,Home Office,Chennai
C4906,Client_Partner_4906,Corporate,Hyderabad
C4907,Client_Partner_4907,Home Office,Mumbai
C4908,Client_Partner_4908,Home Office,Bengaluru
C4909,Client_Partner_4909,Corporate,Kolkata
C4910,Client_Partner_4910,Corporate,Delhi
C4911,Client_Partner_4911,Consumer,Chennai
C4912,Client_Partner_4912,Consumer,Chennai
C4913,Client_Partner_4913,Corporate,Kolkata
C4914,Client_Partner_4914,Consumer,Kolkata
C4915,Client_Partner_4915,Home Office,Bengaluru
C4916,Client_Partner_4916,Consumer,Bengaluru
C4917,Client_Partner_4917,Home Office,Mumbai
C4918,Client_Partner_4918,Corporate,Chennai
C4919,Client_Partner_4919,Home Office,Hyderabad
C4920,Client_Partner_4920,Corporate,Hyderabad
C4921,Client_Partner_4921,Home Office,Hyderabad
C4922,Client_Partner_4922,Consumer,Chennai
C4923,Client_Partner_4923,Home Office,Hyderabad
C4924,Client_Partner_4924,Corporate,Kolkata
C4925,Client_Partner_4925,Corporate,Mumbai
C4926,Client_Partner_4926,Corporate,Bengaluru
C4927,Client_Partner_4927,Home Office,Bengaluru
C4928,Client_Partner_4928,Corporate,Delhi
C4929,Client_Partner_4929,Home Office,Hyderabad
C4930,Client_Partner_4930,Home Office,Kolkata
C4931,Client_Partner_4931,Consumer,Kolkata
C4932,Client_Partner_4932,Consumer,Delhi
C4933,Client_Partner_4933,Consumer,Bengaluru
C4934,Client_Partner_4934,Home Office,Mumbai
C4935,Client_Partner_4935,Corporate,Chennai
C4936,Client_Partner_4936,Consumer,Kolkata
C4937,Client_Partner_4937,Corporate,Delhi
C4938,Client_Partner_4938,Home Office,Kolkata
C4939,Client_Partner_4939,Consumer,Bengaluru
C4940,Client_Partner_4940,Corporate,Chennai
C4941,Client_Partner_4941,Consumer,Bengaluru
C4942,Client_Partner_4942,Corporate,Chennai
C4943,Client_Partner_4943,Home Office,Mumbai
C4944,Client_Partner_4944,Consumer,Kolkata
C4945,Client_Partner_4945,Corporate,Kolkata
C4946,Client_Partner_4946,Consumer,Kolkata
C4947,Client_Partner_4947,Corporate,Mumbai
C4948,Client_Partner_4948,Home Office,
C4949,Client_Partner_4949,Corporate,Hyderabad
C4950,Client_Partner_4950,Corporate,Chennai
C4951,Client_Partner_4951,Corporate,Mumbai
C4952,Client_Partner_4952,Corporate,Chennai
C4953,Client_Partner_4953,Corporate,Kolkata
C4954,Client_Partner_4954,Corporate,Hyderabad
C4955,Client_Partner_4955,Consumer,Mumbai
C4956,Client_Partner_4956,Corporate,Chennai
C4957,Client_Partner_4957,Consumer,Bengaluru
C4958,Client_Partner_4958,Home Office,Mumbai
C4959,Client_Partner_4959,Consumer,Hyderabad
C4960,Client_Partner_4960,Corporate,Delhi
C4961,Client_Partner_4961,Home Office,Chennai
C4962,Client_Partner_4962,Home Office,Bengaluru
C4963,Client_Partner_4963,Corporate,Chennai
C4964,Client_Partner_4964,Consumer,Kolkata
C4965,Client_Partner_4965,Corporate,Chennai
C4966,Client_Partner_4966,Corporate,Mumbai
C4967,Client_Partner_4967,Consumer,Chennai
C4968,Client_Partner_4968,Corporate,Hyderabad
C4969,Client_Partner_4969,Consumer,Kolkata
C4970,Client_Partner_4970,Corporate,Bengaluru
C4971,Client_Partner_4971,Corporate,Kolkata
C4972,Client_Partner_4972,Home Office,Chennai
C4973,Client_Partner_4973,Corporate,Chennai
C4974,Client_Partner_4974,Consumer,Delhi
C4975,Client_Partner_4975,Corporate,Bengaluru
C4976,Client_Partner_4976,Home Office,Chennai
C4977,Client_Partner_4977,Corporate,Chennai
C4978,Client_Partner_4978,Corporate,Kolkata
C4979,Client_Partner_4979,Consumer,BLR
C4980,Client_Partner_4980,Corporate,Bengaluru
C4981,Client_Partner_4981,Home Office,Delhi
C4982,Client_Partner_4982,Home Office,Bengaluru
C4983,Client_Partner_4983,Consumer,Hyderabad
C4984,Client_Partner_4984,Corporate,Mumbai
C4985,Client_Partner_4985,Home Office,Chennai
C4986,Client_Partner_4986,Consumer,Kolkata
C4987,Client_Partner_4987,Consumer,BLR
C4988,Client_Partner_4988,Corporate,Chennai
C4989,Client_Partner_4989,Home Office,Hyderabad
C4990,Client_Partner_4990,Consumer,Chennai
C4991,Client_Partner_4991,Consumer,Kolkata
C4992,Client_Partner_4992,Consumer,Delhi
C4993,Client_Partner_4993,Corporate,Delhi
C4994,Client_Partner_4994,Corporate,Mumbai
C4995,Client_Partner_4995,Home Office,Hyderabad
C4996,Client_Partner_4996,Corporate,Mumbai
C4997,Client_Partner_4997,Consumer,Delhi
C4998,Client_Partner_4998,Home Office,Hyderabad
C4999,Client_Partner_4999,Home Office,Chennai
C5000,Client_Partner_5000,Corporate,Chennai
