return_id,order_id,return_reason
RET200001,ORD000010,Late Delivery
RET200002,ORD000036,Late Delivery
RET200003,ORD000044,Late Delivery
RET200004,ORD000062,Late Delivery
RET200005,ORD000083,Late Delivery
RET200006,ORD000090,Changed Mind
RET200007,ORD000092,Late Delivery
RET200008,ORD000098,Late Delivery
RET200009,ORD000099,Late Delivery
RET200010,ORD000101,Late Delivery
RET200011,ORD000111,Late Delivery
RET200012,ORD000112,Late Delivery
RET200013,ORD000119,Late Delivery
RET200014,ORD000120,Late Delivery
RET200015,ORD000123,Late Delivery
RET200016,ORD000124,Defective
RET200017,ORD000125,Late Delivery
RET200018,ORD000128,Late Delivery
RET200019,ORD000132,Late Delivery
RET200020,ORD000139,Late Delivery
RET200021,ORD000146,Late Delivery
RET200022,ORD000172,Late Delivery
RET200023,ORD000176,Late Delivery
RET200024,ORD000192,Late Delivery
RET200025,ORD000198,Late Delivery
RET200026,ORD000213,Late Delivery
RET200027,ORD000224,Changed Mind
RET200028,ORD000247,Late Delivery
RET200029,ORD000253,Wrong Item
RET200030,ORD000261,Late Delivery
RET200031,ORD000262,Changed Mind
RET200032,ORD000268,Late Delivery
RET200033,ORD000271,Late Delivery
RET200034,ORD000283,Late Delivery
RET200035,ORD000294,Late Delivery
RET200036,ORD000322,Late Delivery
RET200037,ORD000323,Defective
RET200038,ORD000328,Late Delivery
RET200039,ORD000329,Late Delivery
RET200040,ORD000337,Late Delivery
RET200041,ORD000339,Late Delivery
RET200042,ORD000340,Late Delivery
RET200043,ORD000341,Late Delivery
RET200044,ORD000347,Changed Mind
RET200045,ORD000349,Late Delivery
RET200046,ORD000361,Late Delivery
RET200047,ORD000362,Late Delivery
RET200048,ORD000367,Late Delivery
RET200049,ORD000371,Late Delivery
RET200050,ORD000373,Late Delivery
RET200051,ORD000379,Late Delivery
RET200052,ORD000380,Late Delivery
RET200053,ORD000383,Late Delivery
RET200054,ORD000390,Late Delivery
RET200055,ORD000396,Wrong Item
RET200056,ORD000416,Late Delivery
RET200057,ORD000424,Late Delivery
RET200058,ORD000425,Late Delivery
RET200059,ORD000432,Late Delivery
RET200060,ORD000439,Late Delivery
RET200061,ORD000441,Late Delivery
RET200062,ORD000453,Changed Mind
RET200063,ORD000454,Defective
RET200064,ORD000460,Late Delivery
RET200065,ORD000491,Late Delivery
RET200066,ORD000504,Late Delivery
RET200067,ORD000505,Late Delivery
RET200068,ORD000514,Late Delivery
RET200069,ORD000515,Late Delivery
RET200070,ORD000518,Late Delivery
RET200071,ORD000520,Late Delivery
RET200072,ORD000531,Late Delivery
RET200073,ORD000533,Late Delivery
RET200074,ORD000567,Wrong Item
RET200075,ORD000575,Late Delivery
RET200076,ORD000598,Late Delivery
RET200077,ORD000604,Defective
RET200078,ORD000608,Late Delivery
RET200079,ORD000610,Late Delivery
RET200080,ORD000615,Late Delivery
RET200081,ORD000616,Late Delivery
RET200082,ORD000632,Late Delivery
RET200083,ORD000651,Wrong Item
RET200084,ORD000654,Late Delivery
RET200085,ORD000657,Late Delivery
RET200086,ORD000660,Wrong Item
RET200087,ORD000664,Late Delivery
RET200088,ORD000665,Late Delivery
RET200089,ORD000666,Late Delivery
RET200090,ORD000679,Late Delivery
RET200091,ORD000697,Late Delivery
RET200092,ORD000699,Defective
RET200093,ORD000705,Defective
RET200094,ORD000707,Late Delivery
RET200095,ORD000715,Late Delivery
RET200096,ORD000716,Late Delivery
RET200097,ORD000723,Late Delivery
RET200098,ORD000762,Late Delivery
RET200099,ORD000764,Late Delivery
RET200100,ORD000777,Late Delivery
RET200101,ORD000786,Late Delivery
RET200102,ORD000802,Late Delivery
RET200103,ORD000808,Late Delivery
RET200104,ORD000810,Late Delivery
RET200105,ORD000819,Late Delivery
RET200106,ORD000848,Late Delivery
RET200107,ORD000852,Late Delivery
RET200108,ORD000866,Late Delivery
RET200109,ORD000875,Late Delivery
RET200110,ORD000882,Late Delivery
RET200111,ORD000884,Late Delivery
RET200112,ORD000896,Late Delivery
RET200113,ORD000902,Late Delivery
RET200114,ORD000905,Defective
RET200115,ORD000928,Late Delivery
RET200116,ORD000930,Late Delivery
RET200117,ORD000937,Late Delivery
RET200118,ORD000944,Changed Mind
RET200119,ORD000950,Late Delivery
RET200120,ORD000957,Late Delivery
RET200121,ORD000963,Late Delivery
RET200122,ORD000971,Changed Mind
RET200123,ORD000972,Late Delivery
RET200124,ORD000985,Late Delivery
RET200125,ORD000995,Changed Mind
RET200126,ORD000998,Late Delivery
RET200127,ORD001002,Late Delivery
RET200128,ORD001014,Changed Mind
RET200129,ORD001018,Late Delivery
RET200130,ORD001034,Late Delivery
RET200131,ORD001052,Late Delivery
RET200132,ORD001053,Late Delivery
RET200133,ORD001054,Defective
RET200134,ORD001067,Late Delivery
RET200135,ORD001071,Late Delivery
RET200136,ORD001087,Late Delivery
RET200137,ORD001091,Late Delivery
RET200138,ORD001093,Late Delivery
RET200139,ORD001099,Wrong Item
RET200140,ORD001108,Wrong Item
RET200141,ORD001117,Late Delivery
RET200142,ORD001120,Changed Mind
RET200143,ORD001121,Late Delivery
RET200144,ORD001125,Late Delivery
RET200145,ORD001131,Late Delivery
RET200146,ORD001140,Late Delivery
RET200147,ORD001168,Wrong Item
RET200148,ORD001175,Late Delivery
RET200149,ORD001191,Late Delivery
RET200150,ORD001192,Late Delivery
RET200151,ORD001193,Late Delivery
RET200152,ORD001194,Late Delivery
RET200153,ORD001196,Late Delivery
RET200154,ORD001201,Late Delivery
RET200155,ORD001215,Late Delivery
RET200156,ORD001250,Late Delivery
RET200157,ORD001258,Late Delivery
RET200158,ORD001261,Late Delivery
RET200159,ORD001272,Late Delivery
RET200160,ORD001276,Late Delivery
RET200161,ORD001277,Late Delivery
RET200162,ORD001278,Late Delivery
RET200163,ORD001284,Late Delivery
RET200164,ORD001288,Late Delivery
RET200165,ORD001295,Late Delivery
RET200166,ORD001305,Late Delivery
RET200167,ORD001306,Late Delivery
RET200168,ORD001318,Late Delivery
RET200169,ORD001319,Late Delivery
RET200170,ORD001330,Late Delivery
RET200171,ORD001338,Wrong Item
RET200172,ORD001340,Late Delivery
RET200173,ORD001346,Late Delivery
RET200174,ORD001349,Late Delivery
RET200175,ORD001355,Late Delivery
RET200176,ORD001366,Late Delivery
RET200177,ORD001386,Late Delivery
RET200178,ORD001388,Changed Mind
RET200179,ORD001396,Late Delivery
RET200180,ORD001406,Wrong Item
RET200181,ORD001423,Defective
RET200182,ORD001425,Late Delivery
RET200183,ORD001431,Defective
RET200184,ORD001441,Late Delivery
RET200185,ORD001442,Late Delivery
RET200186,ORD001444,Late Delivery
RET200187,ORD001450,Late Delivery
RET200188,ORD001452,Late Delivery
RET200189,ORD001459,Late Delivery
RET200190,ORD001463,Late Delivery
RET200191,ORD001471,Late Delivery
RET200192,ORD001478,Late Delivery
RET200193,ORD001479,Late Delivery
RET200194,ORD001488,Changed Mind
RET200195,ORD001503,Late Delivery
RET200196,ORD001506,Late Delivery
RET200197,ORD001509,Late Delivery
RET200198,ORD001519,Late Delivery
RET200199,ORD001555,Late Delivery
RET200200,ORD001571,Late Delivery
RET200201,ORD001582,Late Delivery
RET200202,ORD001586,Late Delivery
RET200203,ORD001592,Late Delivery
RET200204,ORD001595,Late Delivery
RET200205,ORD001600,Late Delivery
RET200206,ORD001602,Changed Mind
RET200207,ORD001619,Late Delivery
RET200208,ORD001629,Changed Mind
RET200209,ORD001634,Late Delivery
RET200210,ORD001646,Late Delivery
RET200211,ORD001655,Late Delivery
RET200212,ORD001668,Late Delivery
RET200213,ORD001670,Late Delivery
RET200214,ORD001692,Late Delivery
RET200215,ORD001695,Late Delivery
RET200216,ORD001718,Late Delivery
RET200217,ORD001728,Late Delivery
RET200218,ORD001739,Late Delivery
RET200219,ORD001741,Changed Mind
RET200220,ORD001754,Late Delivery
RET200221,ORD001758,Late Delivery
RET200222,ORD001768,Late Delivery
RET200223,ORD001771,Late Delivery
RET200224,ORD001780,Late Delivery
RET200225,ORD001782,Changed Mind
RET200226,ORD001786,Late Delivery
RET200227,ORD001829,Late Delivery
RET200228,ORD001833,Late Delivery
RET200229,ORD001841,Late Delivery
RET200230,ORD001846,Late Delivery
RET200231,ORD001850,Late Delivery
RET200232,ORD001871,Late Delivery
RET200233,ORD001879,Late Delivery
RET200234,ORD001885,Late Delivery
RET200235,ORD001889,Late Delivery
RET200236,ORD001890,Defective
RET200237,ORD001895,Late Delivery
RET200238,ORD001902,Late Delivery
RET200239,ORD001907,Late Delivery
RET200240,ORD001908,Late Delivery
RET200241,ORD001913,Late Delivery
RET200242,ORD001926,Late Delivery
RET200243,ORD001927,Late Delivery
RET200244,ORD001932,Late Delivery
RET200245,ORD001935,Late Delivery
RET200246,ORD001936,Late Delivery
RET200247,ORD001938,Late Delivery
RET200248,ORD001939,Defective
RET200249,ORD001944,Late Delivery
RET200250,ORD001945,Late Delivery
RET200251,ORD001948,Late Delivery
RET200252,ORD001952,Late Delivery
RET200253,ORD001953,Late Delivery
RET200254,ORD001959,Late Delivery
RET200255,ORD001963,Late Delivery
RET200256,ORD001965,Late Delivery
RET200257,ORD001966,Late Delivery
RET200258,ORD001978,Late Delivery
RET200259,ORD001979,Late Delivery
RET200260,ORD001983,Late Delivery
RET200261,ORD002022,Late Delivery
RET200262,ORD002024,Defective
RET200263,ORD002028,Wrong Item
RET200264,ORD002031,Changed Mind
RET200265,ORD002037,Late Delivery
RET200266,ORD002045,Late Delivery
RET200267,ORD002051,Late Delivery
RET200268,ORD002053,Late Delivery
RET200269,ORD002061,Late Delivery
RET200270,ORD002067,Late Delivery
RET200271,ORD002070,Late Delivery
RET200272,ORD002084,Late Delivery
RET200273,ORD002087,Late Delivery
RET200274,ORD002088,Late Delivery
RET200275,ORD002093,Late Delivery
RET200276,ORD002107,Late Delivery
RET200277,ORD002109,Late Delivery
RET200278,ORD002113,Changed Mind
RET200279,ORD002122,Late Delivery
RET200280,ORD002125,Late Delivery
RET200281,ORD002128,Late Delivery
RET200282,ORD002133,Late Delivery
RET200283,ORD002143,Changed Mind
RET200284,ORD002148,Late Delivery
RET200285,ORD002154,Late Delivery
RET200286,ORD002159,Wrong Item
RET200287,ORD002163,Late Delivery
RET200288,ORD002165,Late Delivery
RET200289,ORD002167,Defective
RET200290,ORD002170,Late Delivery
RET200291,ORD002189,Late Delivery
RET200292,ORD002191,Changed Mind
RET200293,ORD002207,Late Delivery
RET200294,ORD002208,Late Delivery
RET200295,ORD002209,Wrong Item
RET200296,ORD002212,Late Delivery
RET200297,ORD002217,Late Delivery
RET200298,ORD002219,Late Delivery
RET200299,ORD002220,Late Delivery
RET200300,ORD002231,Late Delivery
RET200301,ORD002233,Late Delivery
RET200302,ORD002248,Late Delivery
RET200303,ORD002249,Late Delivery
RET200304,ORD002250,Wrong Item
RET200305,ORD002254,Late Delivery
RET200306,ORD002255,Late Delivery
RET200307,ORD002257,Late Delivery
RET200308,ORD002258,Late Delivery
RET200309,ORD002279,Late Delivery
RET200310,ORD002283,Late Delivery
RET200311,ORD002298,Late Delivery
RET200312,ORD002318,Changed Mind
RET200313,ORD002345,Late Delivery
RET200314,ORD002347,Late Delivery
RET200315,ORD002360,Late Delivery
RET200316,ORD002364,Defective
RET200317,ORD002380,Late Delivery
RET200318,ORD002385,Late Delivery
RET200319,ORD002388,Defective
RET200320,ORD002397,Defective
RET200321,ORD002403,Late Delivery
RET200322,ORD002404,Late Delivery
RET200323,ORD002415,Late Delivery
RET200324,ORD002419,Late Delivery
RET200325,ORD002421,Defective
RET200326,ORD002429,Late Delivery
RET200327,ORD002436,Late Delivery
RET200328,ORD002438,Late Delivery
RET200329,ORD002446,Wrong Item
RET200330,ORD002450,Late Delivery
RET200331,ORD002461,Late Delivery
RET200332,ORD002462,Late Delivery
RET200333,ORD002473,Late Delivery
RET200334,ORD002475,Late Delivery
RET200335,ORD002494,Late Delivery
RET200336,ORD002507,Late Delivery
RET200337,ORD002512,Late Delivery
RET200338,ORD002515,Late Delivery
RET200339,ORD002520,Late Delivery
RET200340,ORD002522,Late Delivery
RET200341,ORD002524,Late Delivery
RET200342,ORD002525,Changed Mind
RET200343,ORD002527,Late Delivery
RET200344,ORD002531,Late Delivery
RET200345,ORD002543,Late Delivery
RET200346,ORD002545,Late Delivery
RET200347,ORD002583,Late Delivery
RET200348,ORD002610,Late Delivery
RET200349,ORD002613,Late Delivery
RET200350,ORD002614,Late Delivery
RET200351,ORD002617,Defective
RET200352,ORD002629,Late Delivery
RET200353,ORD002634,Changed Mind
RET200354,ORD002646,Late Delivery
RET200355,ORD002665,Late Delivery
RET200356,ORD002667,Late Delivery
RET200357,ORD002669,Late Delivery
RET200358,ORD002675,Late Delivery
RET200359,ORD002681,Late Delivery
RET200360,ORD002685,Late Delivery
RET200361,ORD002694,Late Delivery
RET200362,ORD002701,Late Delivery
RET200363,ORD002705,Late Delivery
RET200364,ORD002719,Late Delivery
RET200365,ORD002721,Late Delivery
RET200366,ORD002726,Late Delivery
RET200367,ORD002731,Late Delivery
RET200368,ORD002744,Late Delivery
RET200369,ORD002746,Late Delivery
RET200370,ORD002762,Late Delivery
RET200371,ORD002766,Late Delivery
RET200372,ORD002771,Late Delivery
RET200373,ORD002776,Late Delivery
RET200374,ORD002793,Defective
RET200375,ORD002798,Wrong Item
RET200376,ORD002799,Late Delivery
RET200377,ORD002806,Wrong Item
RET200378,ORD002811,Late Delivery
RET200379,ORD002812,Late Delivery
RET200380,ORD002816,Late Delivery
RET200381,ORD002818,Late Delivery
RET200382,ORD002820,Late Delivery
RET200383,ORD002830,Late Delivery
RET200384,ORD002832,Late Delivery
RET200385,ORD002842,Late Delivery
RET200386,ORD002844,Wrong Item
RET200387,ORD002846,Late Delivery
RET200388,ORD002861,Late Delivery
RET200389,ORD002868,Defective
RET200390,ORD002870,Late Delivery
RET200391,ORD002877,Late Delivery
RET200392,ORD002878,Defective
RET200393,ORD002899,Late Delivery
RET200394,ORD002901,Wrong Item
RET200395,ORD002907,Late Delivery
RET200396,ORD002910,Late Delivery
RET200397,ORD002919,Wrong Item
RET200398,ORD002926,Late Delivery
RET200399,ORD002928,Late Delivery
RET200400,ORD002937,Late Delivery
RET200401,ORD002939,Late Delivery
RET200402,ORD002944,Wrong Item
RET200403,ORD002971,Late Delivery
RET200404,ORD002975,Late Delivery
RET200405,ORD002976,Changed Mind
RET200406,ORD002984,Late Delivery
RET200407,ORD002986,Wrong Item
RET200408,ORD002994,Late Delivery
RET200409,ORD003017,Late Delivery
RET200410,ORD003028,Late Delivery
RET200411,ORD003035,Late Delivery
RET200412,ORD003044,Defective
RET200413,ORD003059,Late Delivery
RET200414,ORD003062,Late Delivery
RET200415,ORD003065,Late Delivery
RET200416,ORD003068,Late Delivery
RET200417,ORD003077,Wrong Item
RET200418,ORD003090,Late Delivery
RET200419,ORD003117,Late Delivery
RET200420,ORD003121,Late Delivery
RET200421,ORD003126,Defective
RET200422,ORD003131,Late Delivery
RET200423,ORD003132,Late Delivery
RET200424,ORD003156,Late Delivery
RET200425,ORD003158,Changed Mind
RET200426,ORD003169,Late Delivery
RET200427,ORD003176,Late Delivery
RET200428,ORD003180,Late Delivery
RET200429,ORD003182,Changed Mind
RET200430,ORD003188,Late Delivery
RET200431,ORD003198,Defective
RET200432,ORD003211,Late Delivery
RET200433,ORD003215,Late Delivery
RET200434,ORD003226,Defective
RET200435,ORD003231,Late Delivery
RET200436,ORD003236,Late Delivery
RET200437,ORD003242,Late Delivery
RET200438,ORD003243,Late Delivery
RET200439,ORD003252,Changed Mind
RET200440,ORD003260,Late Delivery
RET200441,ORD003261,Late Delivery
RET200442,ORD003264,Late Delivery
RET200443,ORD003265,Late Delivery
RET200444,ORD003267,Wrong Item
RET200445,ORD003283,Late Delivery
RET200446,ORD003288,Late Delivery
RET200447,ORD003301,Changed Mind
RET200448,ORD003303,Late Delivery
RET200449,ORD003305,Late Delivery
RET200450,ORD003306,Late Delivery
RET200451,ORD003311,Late Delivery
RET200452,ORD003317,Late Delivery
RET200453,ORD003319,Late Delivery
RET200454,ORD003323,Late Delivery
RET200455,ORD003329,Late Delivery
RET200456,ORD003342,Late Delivery
RET200457,ORD003347,Late Delivery
RET200458,ORD003354,Late Delivery
RET200459,ORD003374,Late Delivery
RET200460,ORD003382,Late Delivery
RET200461,ORD003385,Late Delivery
RET200462,ORD003388,Late Delivery
RET200463,ORD003405,Late Delivery
RET200464,ORD003408,Late Delivery
RET200465,ORD003413,Late Delivery
RET200466,ORD003433,Late Delivery
RET200467,ORD003440,Late Delivery
RET200468,ORD003457,Late Delivery
RET200469,ORD003464,Late Delivery
RET200470,ORD003469,Late Delivery
RET200471,ORD003479,Late Delivery
RET200472,ORD003493,Late Delivery
RET200473,ORD003495,Late Delivery
RET200474,ORD003498,Defective
RET200475,ORD003501,Late Delivery
RET200476,ORD003503,Late Delivery
RET200477,ORD003506,Late Delivery
RET200478,ORD003508,Late Delivery
RET200479,ORD003510,Late Delivery
RET200480,ORD003522,Late Delivery
RET200481,ORD003523,Late Delivery
RET200482,ORD003526,Wrong Item
RET200483,ORD003530,Late Delivery
RET200484,ORD003538,Late Delivery
RET200485,ORD003543,Wrong Item
RET200486,ORD003559,Late Delivery
RET200487,ORD003571,Late Delivery
RET200488,ORD003579,Late Delivery
RET200489,ORD003582,Late Delivery
RET200490,ORD003585,Late Delivery
RET200491,ORD003589,Late Delivery
RET200492,ORD003590,Late Delivery
RET200493,ORD003602,Late Delivery
RET200494,ORD003615,Late Delivery
RET200495,ORD003618,Late Delivery
RET200496,ORD003627,Late Delivery
RET200497,ORD003629,Late Delivery
RET200498,ORD003638,Defective
RET200499,ORD003643,Late Delivery
RET200500,ORD003650,Late Delivery
RET200501,ORD003656,Late Delivery
RET200502,ORD003659,Late Delivery
RET200503,ORD003663,Late Delivery
RET200504,ORD003671,Late Delivery
RET200505,ORD003686,Defective
RET200506,ORD003704,Late Delivery
RET200507,ORD003705,Late Delivery
RET200508,ORD003717,Late Delivery
RET200509,ORD003726,Late Delivery
RET200510,ORD003727,Late Delivery
RET200511,ORD003736,Defective
RET200512,ORD003750,Late Delivery
RET200513,ORD003758,Changed Mind
RET200514,ORD003775,Late Delivery
RET200515,ORD003792,Late Delivery
RET200516,ORD003800,Late Delivery
RET200517,ORD003806,Late Delivery
RET200518,ORD003809,Changed Mind
RET200519,ORD003812,Late Delivery
RET200520,ORD003818,Late Delivery
RET200521,ORD003822,Wrong Item
RET200522,ORD003824,Late Delivery
RET200523,ORD003853,Late Delivery
RET200524,ORD003872,Late Delivery
RET200525,ORD003882,Changed Mind
RET200526,ORD003908,Late Delivery
RET200527,ORD003918,Late Delivery
RET200528,ORD003922,Late Delivery
RET200529,ORD003933,Late Delivery
RET200530,ORD003954,Late Delivery
RET200531,ORD003960,Late Delivery
RET200532,ORD003965,Late Delivery
RET200533,ORD003980,Late Delivery
RET200534,ORD003986,Late Delivery
RET200535,ORD003988,Changed Mind
RET200536,ORD003994,Changed Mind
RET200537,ORD004001,Late Delivery
RET200538,ORD004004,Late Delivery
RET200539,ORD004006,Late Delivery
RET200540,ORD004008,Late Delivery
RET200541,ORD004016,Late Delivery
RET200542,ORD004036,Late Delivery
RET200543,ORD004042,Late Delivery
RET200544,ORD004044,Wrong Item
RET200545,ORD004045,Late Delivery
RET200546,ORD004050,Late Delivery
RET200547,ORD004053,Late Delivery
RET200548,ORD004055,Late Delivery
RET200549,ORD004061,Late Delivery
RET200550,ORD004091,Late Delivery
RET200551,ORD004092,Late Delivery
RET200552,ORD004093,Late Delivery
RET200553,ORD004096,Late Delivery
RET200554,ORD004098,Late Delivery
RET200555,ORD004108,Late Delivery
RET200556,ORD004110,Late Delivery
RET200557,ORD004111,Late Delivery
RET200558,ORD004119,Late Delivery
RET200559,ORD004129,Late Delivery
RET200560,ORD004131,Late Delivery
RET200561,ORD004140,Late Delivery
RET200562,ORD004173,Late Delivery
RET200563,ORD004179,Late Delivery
RET200564,ORD004199,Wrong Item
RET200565,ORD004204,Late Delivery
RET200566,ORD004221,Late Delivery
RET200567,ORD004231,Late Delivery
RET200568,ORD004240,Late Delivery
RET200569,ORD004242,Changed Mind
RET200570,ORD004243,Late Delivery
RET200571,ORD004255,Late Delivery
RET200572,ORD004257,Late Delivery
RET200573,ORD004274,Late Delivery
RET200574,ORD004277,Late Delivery
RET200575,ORD004286,Late Delivery
RET200576,ORD004293,Late Delivery
RET200577,ORD004296,Late Delivery
RET200578,ORD004312,Late Delivery
RET200579,ORD004313,Late Delivery
RET200580,ORD004319,Late Delivery
RET200581,ORD004325,Late Delivery
RET200582,ORD004327,Late Delivery
RET200583,ORD004337,Defective
RET200584,ORD004342,Late Delivery
RET200585,ORD004343,Late Delivery
RET200586,ORD004346,Late Delivery
RET200587,ORD004347,Changed Mind
RET200588,ORD004352,Defective
RET200589,ORD004354,Late Delivery
RET200590,ORD004355,Late Delivery
RET200591,ORD004365,Late Delivery
RET200592,ORD004366,Late Delivery
RET200593,ORD004373,Late Delivery
RET200594,ORD004374,Late Delivery
RET200595,ORD004377,Late Delivery
RET200596,ORD004378,Late Delivery
RET200597,ORD004380,Changed Mind
RET200598,ORD004398,Defective
RET200599,ORD004402,Late Delivery
RET200600,ORD004404,Late Delivery
RET200601,ORD004409,Late Delivery
RET200602,ORD004414,Late Delivery
RET200603,ORD004421,Late Delivery
RET200604,ORD004436,Late Delivery
RET200605,ORD004440,Late Delivery
RET200606,ORD004450,Late Delivery
RET200607,ORD004451,Late Delivery
RET200608,ORD004458,Late Delivery
RET200609,ORD004467,Late Delivery
RET200610,ORD004468,Wrong Item
RET200611,ORD004474,Late Delivery
RET200612,ORD004476,Late Delivery
RET200613,ORD004478,Late Delivery
RET200614,ORD004485,Late Delivery
RET200615,ORD004502,Defective
RET200616,ORD004530,Late Delivery
RET200617,ORD004531,Late Delivery
RET200618,ORD004533,Late Delivery
RET200619,ORD004536,Late Delivery
RET200620,ORD004538,Late Delivery
RET200621,ORD004539,Changed Mind
RET200622,ORD004541,Late Delivery
RET200623,ORD004542,Late Delivery
RET200624,ORD004552,Late Delivery
RET200625,ORD004562,Late Delivery
RET200626,ORD004571,Late Delivery
RET200627,ORD004577,Late Delivery
RET200628,ORD004589,Late Delivery
RET200629,ORD004591,Late Delivery
RET200630,ORD004593,Late Delivery
RET200631,ORD004599,Late Delivery
RET200632,ORD004611,Wrong Item
RET200633,ORD004615,Late Delivery
RET200634,ORD004621,Late Delivery
RET200635,ORD004622,Late Delivery
RET200636,ORD004633,Late Delivery
RET200637,ORD004635,Late Delivery
RET200638,ORD004637,Late Delivery
RET200639,ORD004638,Wrong Item
RET200640,ORD004640,Wrong Item
RET200641,ORD004662,Late Delivery
RET200642,ORD004663,Late Delivery
RET200643,ORD004676,Late Delivery
RET200644,ORD004683,Wrong Item
RET200645,ORD004692,Wrong Item
RET200646,ORD004698,Late Delivery
RET200647,ORD004700,Late Delivery
RET200648,ORD004728,Late Delivery
RET200649,ORD004738,Late Delivery
RET200650,ORD004753,Late Delivery
RET200651,ORD004760,Defective
RET200652,ORD004763,Late Delivery
RET200653,ORD004768,Late Delivery
RET200654,ORD004786,Late Delivery
RET200655,ORD004787,Late Delivery
RET200656,ORD004797,Late Delivery
RET200657,ORD004813,Late Delivery
RET200658,ORD004817,Late Delivery
RET200659,ORD004825,Late Delivery
RET200660,ORD004838,Late Delivery
RET200661,ORD004839,Defective
RET200662,ORD004846,Late Delivery
RET200663,ORD004857,Late Delivery
RET200664,ORD004864,Late Delivery
RET200665,ORD004886,Changed Mind
RET200666,ORD004898,Late Delivery
RET200667,ORD004917,Late Delivery
RET200668,ORD004928,Late Delivery
RET200669,ORD004950,Late Delivery
RET200670,ORD004962,Late Delivery
RET200671,ORD004972,Late Delivery
RET200672,ORD004974,Late Delivery
RET200673,ORD004975,Late Delivery
RET200674,ORD004987,Changed Mind
RET200675,ORD004988,Changed Mind
RET200676,ORD004990,Late Delivery
RET200677,ORD004991,Late Delivery
RET200678,ORD004994,Late Delivery
RET200679,ORD004997,Late Delivery
RET200680,ORD005007,Changed Mind
RET200681,ORD005008,Late Delivery
RET200682,ORD005013,Late Delivery
RET200683,ORD005031,Late Delivery
RET200684,ORD005032,Late Delivery
RET200685,ORD005035,Late Delivery
RET200686,ORD005041,Late Delivery
RET200687,ORD005047,Late Delivery
RET200688,ORD005059,Wrong Item
RET200689,ORD005066,Late Delivery
RET200690,ORD005080,Late Delivery
RET200691,ORD005098,Late Delivery
RET200692,ORD005100,Changed Mind
RET200693,ORD005127,Late Delivery
RET200694,ORD005136,Late Delivery
RET200695,ORD005137,Late Delivery
RET200696,ORD005140,Late Delivery
RET200697,ORD005141,Late Delivery
RET200698,ORD005144,Late Delivery
RET200699,ORD005155,Late Delivery
RET200700,ORD005160,Late Delivery
RET200701,ORD005173,Late Delivery
RET200702,ORD005182,Late Delivery
RET200703,ORD005194,Late Delivery
RET200704,ORD005203,Defective
RET200705,ORD005204,Late Delivery
RET200706,ORD005214,Late Delivery
RET200707,ORD005221,Late Delivery
RET200708,ORD005225,Wrong Item
RET200709,ORD005248,Defective
RET200710,ORD005272,Late Delivery
RET200711,ORD005276,Late Delivery
RET200712,ORD005288,Late Delivery
RET200713,ORD005290,Late Delivery
RET200714,ORD005306,Changed Mind
RET200715,ORD005324,Changed Mind
RET200716,ORD005325,Late Delivery
RET200717,ORD005327,Late Delivery
RET200718,ORD005336,Late Delivery
RET200719,ORD005348,Late Delivery
RET200720,ORD005350,Late Delivery
RET200721,ORD005356,Late Delivery
RET200722,ORD005363,Late Delivery
RET200723,ORD005371,Late Delivery
RET200724,ORD005372,Wrong Item
RET200725,ORD005389,Late Delivery
RET200726,ORD005397,Late Delivery
RET200727,ORD005402,Late Delivery
RET200728,ORD005409,Late Delivery
RET200729,ORD005418,Late Delivery
RET200730,ORD005421,Late Delivery
RET200731,ORD005432,Late Delivery
RET200732,ORD005437,Late Delivery
RET200733,ORD005442,Late Delivery
RET200734,ORD005448,Late Delivery
RET200735,ORD005449,Late Delivery
RET200736,ORD005461,Late Delivery
RET200737,ORD005464,Late Delivery
RET200738,ORD005466,Late Delivery
RET200739,ORD005468,Late Delivery
RET200740,ORD005471,Late Delivery
RET200741,ORD005472,Late Delivery
RET200742,ORD005485,Late Delivery
RET200743,ORD005493,Late Delivery
RET200744,ORD005497,Late Delivery
RET200745,ORD005507,Late Delivery
RET200746,ORD005508,Late Delivery
RET200747,ORD005521,Late Delivery
RET200748,ORD005526,Late Delivery
RET200749,ORD005531,Late Delivery
RET200750,ORD005535,Late Delivery
RET200751,ORD005539,Late Delivery
RET200752,ORD005540,Late Delivery
RET200753,ORD005556,Late Delivery
RET200754,ORD005567,Late Delivery
RET200755,ORD005571,Late Delivery
RET200756,ORD005577,Late Delivery
RET200757,ORD005589,Late Delivery
RET200758,ORD005595,Late Delivery
RET200759,ORD005602,Wrong Item
RET200760,ORD005608,Late Delivery
RET200761,ORD005610,Late Delivery
RET200762,ORD005622,Late Delivery
RET200763,ORD005636,Late Delivery
RET200764,ORD005651,Late Delivery
RET200765,ORD005666,Late Delivery
RET200766,ORD005673,Late Delivery
RET200767,ORD005683,Late Delivery
RET200768,ORD005685,Late Delivery
RET200769,ORD005687,Late Delivery
RET200770,ORD005706,Late Delivery
RET200771,ORD005717,Late Delivery
RET200772,ORD005732,Wrong Item
RET200773,ORD005736,Late Delivery
RET200774,ORD005745,Changed Mind
RET200775,ORD005747,Late Delivery
RET200776,ORD005762,Late Delivery
RET200777,ORD005785,Late Delivery
RET200778,ORD005786,Late Delivery
RET200779,ORD005788,Late Delivery
RET200780,ORD005791,Defective
RET200781,ORD005815,Late Delivery
RET200782,ORD005835,Late Delivery
RET200783,ORD005843,Late Delivery
RET200784,ORD005850,Late Delivery
RET200785,ORD005858,Wrong Item
RET200786,ORD005860,Late Delivery
RET200787,ORD005870,Late Delivery
RET200788,ORD005876,Late Delivery
RET200789,ORD005878,Changed Mind
RET200790,ORD005891,Late Delivery
RET200791,ORD005892,Late Delivery
RET200792,ORD005893,Late Delivery
RET200793,ORD005900,Late Delivery
RET200794,ORD005915,Late Delivery
RET200795,ORD005918,Late Delivery
RET200796,ORD005931,Late Delivery
RET200797,ORD005932,Late Delivery
RET200798,ORD005943,Defective
RET200799,ORD005950,Late Delivery
RET200800,ORD005958,Late Delivery
RET200801,ORD005963,Late Delivery
RET200802,ORD005965,Late Delivery
RET200803,ORD005973,Late Delivery
RET200804,ORD005976,Late Delivery
RET200805,ORD005984,Late Delivery
RET200806,ORD005985,Late Delivery
RET200807,ORD005998,Wrong Item
RET200808,ORD006001,Wrong Item
RET200809,ORD006006,Changed Mind
RET200810,ORD006014,Late Delivery
RET200811,ORD006028,Wrong Item
RET200812,ORD006060,Late Delivery
RET200813,ORD006063,Late Delivery
RET200814,ORD006074,Late Delivery
RET200815,ORD006085,Late Delivery
RET200816,ORD006088,Late Delivery
RET200817,ORD006104,Late Delivery
RET200818,ORD006108,Late Delivery
RET200819,ORD006121,Wrong Item
RET200820,ORD006124,Late Delivery
RET200821,ORD006127,Late Delivery
RET200822,ORD006135,Late Delivery
RET200823,ORD006147,Late Delivery
RET200824,ORD006170,Late Delivery
RET200825,ORD006200,Late Delivery
RET200826,ORD006209,Late Delivery
RET200827,ORD006220,Late Delivery
RET200828,ORD006224,Late Delivery
RET200829,ORD006225,Late Delivery
RET200830,ORD006228,Late Delivery
RET200831,ORD006233,Late Delivery
RET200832,ORD006244,Late Delivery
RET200833,ORD006256,Defective
RET200834,ORD006264,Late Delivery
RET200835,ORD006265,Late Delivery
RET200836,ORD006270,Late Delivery
RET200837,ORD006271,Late Delivery
RET200838,ORD006286,Late Delivery
RET200839,ORD006323,Late Delivery
RET200840,ORD006324,Late Delivery
RET200841,ORD006328,Changed Mind
RET200842,ORD006333,Late Delivery
RET200843,ORD006349,Late Delivery
RET200844,ORD006353,Late Delivery
RET200845,ORD006358,Late Delivery
RET200846,ORD006362,Defective
RET200847,ORD006383,Late Delivery
RET200848,ORD006384,Late Delivery
RET200849,ORD006399,Late Delivery
RET200850,ORD006406,Late Delivery
RET200851,ORD006409,Late Delivery
RET200852,ORD006412,Late Delivery
RET200853,ORD006441,Late Delivery
RET200854,ORD006447,Late Delivery
RET200855,ORD006462,Late Delivery
RET200856,ORD006475,Late Delivery
RET200857,ORD006485,Late Delivery
RET200858,ORD006492,Late Delivery
RET200859,ORD006494,Late Delivery
RET200860,ORD006500,Late Delivery
RET200861,ORD006523,Late Delivery
RET200862,ORD006529,Late Delivery
RET200863,ORD006534,Late Delivery
RET200864,ORD006535,Late Delivery
RET200865,ORD006539,Late Delivery
RET200866,ORD006540,Late Delivery
RET200867,ORD006555,Late Delivery
RET200868,ORD006559,Late Delivery
RET200869,ORD006563,Late Delivery
RET200870,ORD006566,Late Delivery
RET200871,ORD006571,Late Delivery
RET200872,ORD006572,Changed Mind
RET200873,ORD006576,Late Delivery
RET200874,ORD006581,Late Delivery
RET200875,ORD006592,Late Delivery
RET200876,ORD006603,Late Delivery
RET200877,ORD006612,Late Delivery
RET200878,ORD006617,Late Delivery
RET200879,ORD006625,Late Delivery
RET200880,ORD006629,Late Delivery
RET200881,ORD006630,Late Delivery
RET200882,ORD006633,Late Delivery
RET200883,ORD006635,Late Delivery
RET200884,ORD006639,Late Delivery
RET200885,ORD006651,Changed Mind
RET200886,ORD006657,Late Delivery
RET200887,ORD006676,Late Delivery
RET200888,ORD006680,Changed Mind
RET200889,ORD006686,Late Delivery
RET200890,ORD006697,Late Delivery
RET200891,ORD006698,Late Delivery
RET200892,ORD006703,Late Delivery
RET200893,ORD006712,Defective
RET200894,ORD006741,Late Delivery
RET200895,ORD006746,Late Delivery
RET200896,ORD006763,Late Delivery
RET200897,ORD006766,Late Delivery
RET200898,ORD006782,Late Delivery
RET200899,ORD006791,Late Delivery
RET200900,ORD006794,Late Delivery
RET200901,ORD006798,Late Delivery
RET200902,ORD006806,Late Delivery
RET200903,ORD006810,Late Delivery
RET200904,ORD006811,Late Delivery
RET200905,ORD006814,Wrong Item
RET200906,ORD006824,Late Delivery
RET200907,ORD006828,Late Delivery
RET200908,ORD006831,Wrong Item
RET200909,ORD006837,Late Delivery
RET200910,ORD006839,Late Delivery
RET200911,ORD006842,Late Delivery
RET200912,ORD006845,Late Delivery
RET200913,ORD006850,Late Delivery
RET200914,ORD006854,Late Delivery
RET200915,ORD006857,Late Delivery
RET200916,ORD006871,Late Delivery
RET200917,ORD006873,Late Delivery
RET200918,ORD006874,Late Delivery
RET200919,ORD006888,Late Delivery
RET200920,ORD006899,Late Delivery
RET200921,ORD006924,Late Delivery
RET200922,ORD006945,Defective
RET200923,ORD006948,Late Delivery
RET200924,ORD006951,Late Delivery
RET200925,ORD006957,Late Delivery
RET200926,ORD006959,Late Delivery
RET200927,ORD006969,Late Delivery
RET200928,ORD006987,Late Delivery
RET200929,ORD007007,Late Delivery
RET200930,ORD007021,Late Delivery
RET200931,ORD007023,Late Delivery
RET200932,ORD007029,Late Delivery
RET200933,ORD007035,Late Delivery
RET200934,ORD007036,Late Delivery
RET200935,ORD007037,Defective
RET200936,ORD007038,Changed Mind
RET200937,ORD007052,Late Delivery
RET200938,ORD007055,Late Delivery
RET200939,ORD007056,Late Delivery
RET200940,ORD007070,Late Delivery
RET200941,ORD007078,Late Delivery
RET200942,ORD007079,Defective
RET200943,ORD007083,Late Delivery
RET200944,ORD007086,Late Delivery
RET200945,ORD007088,Late Delivery
RET200946,ORD007089,Changed Mind
RET200947,ORD007098,Late Delivery
RET200948,ORD007118,Defective
RET200949,ORD007121,Late Delivery
RET200950,ORD007130,Late Delivery
RET200951,ORD007140,Changed Mind
RET200952,ORD007147,Late Delivery
RET200953,ORD007153,Late Delivery
RET200954,ORD007156,Wrong Item
RET200955,ORD007166,Wrong Item
RET200956,ORD007167,Late Delivery
RET200957,ORD007169,Defective
RET200958,ORD007176,Late Delivery
RET200959,ORD007191,Late Delivery
RET200960,ORD007207,Late Delivery
RET200961,ORD007215,Wrong Item
RET200962,ORD007226,Late Delivery
RET200963,ORD007241,Late Delivery
RET200964,ORD007254,Late Delivery
RET200965,ORD007288,Late Delivery
RET200966,ORD007289,Late Delivery
RET200967,ORD007291,Late Delivery
RET200968,ORD007294,Late Delivery
RET200969,ORD007345,Late Delivery
RET200970,ORD007357,Late Delivery
RET200971,ORD007376,Late Delivery
RET200972,ORD007389,Wrong Item
RET200973,ORD007402,Late Delivery
RET200974,ORD007434,Late Delivery
RET200975,ORD007435,Late Delivery
RET200976,ORD007455,Late Delivery
RET200977,ORD007458,Late Delivery
RET200978,ORD007470,Late Delivery
RET200979,ORD007472,Late Delivery
RET200980,ORD007477,Late Delivery
RET200981,ORD007485,Changed Mind
RET200982,ORD007512,Late Delivery
RET200983,ORD007519,Late Delivery
RET200984,ORD007527,Late Delivery
RET200985,ORD007531,Late Delivery
RET200986,ORD007533,Late Delivery
RET200987,ORD007539,Late Delivery
RET200988,ORD007548,Late Delivery
RET200989,ORD007554,Late Delivery
RET200990,ORD007560,Late Delivery
RET200991,ORD007562,Changed Mind
RET200992,ORD007565,Late Delivery
RET200993,ORD007572,Late Delivery
RET200994,ORD007574,Late Delivery
RET200995,ORD007575,Late Delivery
RET200996,ORD007578,Late Delivery
RET200997,ORD007586,Late Delivery
RET200998,ORD007594,Changed Mind
RET200999,ORD007615,Late Delivery
RET201000,ORD007643,Late Delivery
RET201001,ORD007655,Late Delivery
RET201002,ORD007658,Late Delivery
RET201003,ORD007668,Defective
RET201004,ORD007669,Wrong Item
RET201005,ORD007670,Late Delivery
RET201006,ORD007673,Late Delivery
RET201007,ORD007677,Wrong Item
RET201008,ORD007694,Changed Mind
RET201009,ORD007695,Changed Mind
RET201010,ORD007697,Wrong Item
RET201011,ORD007706,Late Delivery
RET201012,ORD007707,Late Delivery
RET201013,ORD007710,Late Delivery
RET201014,ORD007724,Late Delivery
RET201015,ORD007728,Late Delivery
RET201016,ORD007737,Late Delivery
RET201017,ORD007739,Late Delivery
RET201018,ORD007752,Late Delivery
RET201019,ORD007760,Changed Mind
RET201020,ORD007765,Late Delivery
RET201021,ORD007767,Late Delivery
RET201022,ORD007769,Late Delivery
RET201023,ORD007786,Late Delivery
RET201024,ORD007789,Late Delivery
RET201025,ORD007790,Late Delivery
RET201026,ORD007799,Defective
RET201027,ORD007815,Late Delivery
RET201028,ORD007819,Late Delivery
RET201029,ORD007825,Late Delivery
RET201030,ORD007828,Late Delivery
RET201031,ORD007837,Late Delivery
RET201032,ORD007848,Late Delivery
RET201033,ORD007850,Late Delivery
RET201034,ORD007851,Wrong Item
RET201035,ORD007853,Late Delivery
RET201036,ORD007860,Late Delivery
RET201037,ORD007868,Wrong Item
RET201038,ORD007869,Wrong Item
RET201039,ORD007879,Late Delivery
RET201040,ORD007882,Late Delivery
RET201041,ORD007892,Late Delivery
RET201042,ORD007903,Late Delivery
RET201043,ORD007910,Late Delivery
RET201044,ORD007924,Changed Mind
RET201045,ORD007932,Late Delivery
RET201046,ORD007938,Late Delivery
RET201047,ORD007947,Late Delivery
RET201048,ORD007949,Late Delivery
RET201049,ORD007961,Changed Mind
RET201050,ORD007962,Late Delivery
RET201051,ORD007974,Late Delivery
RET201052,ORD007978,Late Delivery
RET201053,ORD007993,Late Delivery
RET201054,ORD008000,Changed Mind
RET201055,ORD008002,Late Delivery
RET201056,ORD008005,Late Delivery
RET201057,ORD008014,Late Delivery
RET201058,ORD008015,Wrong Item
RET201059,ORD008016,Late Delivery
RET201060,ORD008017,Late Delivery
RET201061,ORD008022,Late Delivery
RET201062,ORD008045,Late Delivery
RET201063,ORD008047,Late Delivery
RET201064,ORD008064,Late Delivery
RET201065,ORD008072,Late Delivery
RET201066,ORD008075,Late Delivery
RET201067,ORD008076,Wrong Item
RET201068,ORD008079,Late Delivery
RET201069,ORD008090,Late Delivery
RET201070,ORD008095,Late Delivery
RET201071,ORD008128,Late Delivery
RET201072,ORD008132,Wrong Item
RET201073,ORD008144,Late Delivery
RET201074,ORD008151,Late Delivery
RET201075,ORD008153,Defective
RET201076,ORD008158,Late Delivery
RET201077,ORD008160,Late Delivery
RET201078,ORD008161,Defective
RET201079,ORD008171,Late Delivery
RET201080,ORD008182,Late Delivery
RET201081,ORD008185,Late Delivery
RET201082,ORD008186,Late Delivery
RET201083,ORD008190,Late Delivery
RET201084,ORD008192,Late Delivery
RET201085,ORD008194,Late Delivery
RET201086,ORD008200,Late Delivery
RET201087,ORD008202,Late Delivery
RET201088,ORD008216,Late Delivery
RET201089,ORD008218,Late Delivery
RET201090,ORD008224,Late Delivery
RET201091,ORD008232,Late Delivery
RET201092,ORD008234,Defective
RET201093,ORD008235,Late Delivery
RET201094,ORD008237,Late Delivery
RET201095,ORD008241,Late Delivery
RET201096,ORD008242,Late Delivery
RET201097,ORD008269,Late Delivery
RET201098,ORD008274,Late Delivery
RET201099,ORD008293,Late Delivery
RET201100,ORD008295,Defective
RET201101,ORD008298,Late Delivery
RET201102,ORD008306,Late Delivery
RET201103,ORD008312,Late Delivery
RET201104,ORD008316,Late Delivery
RET201105,ORD008317,Late Delivery
RET201106,ORD008319,Late Delivery
RET201107,ORD008322,Late Delivery
RET201108,ORD008326,Defective
RET201109,ORD008329,Late Delivery
RET201110,ORD008335,Late Delivery
RET201111,ORD008341,Late Delivery
RET201112,ORD008356,Late Delivery
RET201113,ORD008363,Late Delivery
RET201114,ORD008369,Late Delivery
RET201115,ORD008381,Late Delivery
RET201116,ORD008390,Late Delivery
RET201117,ORD008405,Late Delivery
RET201118,ORD008419,Defective
RET201119,ORD008424,Late Delivery
RET201120,ORD008432,Late Delivery
RET201121,ORD008435,Late Delivery
RET201122,ORD008437,Late Delivery
RET201123,ORD008452,Late Delivery
RET201124,ORD008461,Late Delivery
RET201125,ORD008463,Late Delivery
RET201126,ORD008501,Late Delivery
RET201127,ORD008504,Late Delivery
RET201128,ORD008506,Late Delivery
RET201129,ORD008513,Late Delivery
RET201130,ORD008522,Late Delivery
RET201131,ORD008527,Late Delivery
RET201132,ORD008528,Wrong Item
RET201133,ORD008537,Late Delivery
RET201134,ORD008539,Late Delivery
RET201135,ORD008549,Late Delivery
RET201136,ORD008552,Late Delivery
RET201137,ORD008569,Late Delivery
RET201138,ORD008580,Late Delivery
RET201139,ORD008591,Late Delivery
RET201140,ORD008621,Late Delivery
RET201141,ORD008623,Defective
RET201142,ORD008626,Late Delivery
RET201143,ORD008631,Late Delivery
RET201144,ORD008655,Late Delivery
RET201145,ORD008659,Late Delivery
RET201146,ORD008660,Late Delivery
RET201147,ORD008675,Late Delivery
RET201148,ORD008676,Late Delivery
RET201149,ORD008682,Late Delivery
RET201150,ORD008695,Late Delivery
RET201151,ORD008708,Late Delivery
RET201152,ORD008720,Changed Mind
RET201153,ORD008723,Late Delivery
RET201154,ORD008726,Late Delivery
RET201155,ORD008728,Late Delivery
RET201156,ORD008730,Late Delivery
RET201157,ORD008734,Late Delivery
RET201158,ORD008735,Late Delivery
RET201159,ORD008740,Wrong Item
RET201160,ORD008746,Late Delivery
RET201161,ORD008755,Late Delivery
RET201162,ORD008772,Late Delivery
RET201163,ORD008779,Late Delivery
RET201164,ORD008786,Late Delivery
RET201165,ORD008788,Defective
RET201166,ORD008792,Late Delivery
RET201167,ORD008799,Late Delivery
RET201168,ORD008804,Late Delivery
RET201169,ORD008806,Late Delivery
RET201170,ORD008807,Late Delivery
RET201171,ORD008810,Late Delivery
RET201172,ORD008812,Late Delivery
RET201173,ORD008814,Late Delivery
RET201174,ORD008818,Late Delivery
RET201175,ORD008824,Late Delivery
RET201176,ORD008851,Late Delivery
RET201177,ORD008854,Defective
RET201178,ORD008859,Late Delivery
RET201179,ORD008862,Late Delivery
RET201180,ORD008872,Late Delivery
RET201181,ORD008873,Late Delivery
RET201182,ORD008880,Late Delivery
RET201183,ORD008890,Late Delivery
RET201184,ORD008891,Late Delivery
RET201185,ORD008896,Late Delivery
RET201186,ORD008900,Defective
RET201187,ORD008909,Late Delivery
RET201188,ORD008915,Late Delivery
RET201189,ORD008917,Late Delivery
RET201190,ORD008957,Late Delivery
RET201191,ORD008975,Wrong Item
RET201192,ORD009004,Late Delivery
RET201193,ORD009013,Late Delivery
RET201194,ORD009015,Late Delivery
RET201195,ORD009018,Late Delivery
RET201196,ORD009019,Late Delivery
RET201197,ORD009030,Late Delivery
RET201198,ORD009040,Late Delivery
RET201199,ORD009041,Late Delivery
RET201200,ORD009043,Late Delivery
RET201201,ORD009045,Late Delivery
RET201202,ORD009057,Wrong Item
RET201203,ORD009068,Late Delivery
RET201204,ORD009077,Late Delivery
RET201205,ORD009084,Late Delivery
RET201206,ORD009085,Late Delivery
RET201207,ORD009098,Late Delivery
RET201208,ORD009104,Changed Mind
RET201209,ORD009117,Late Delivery
RET201210,ORD009156,Late Delivery
RET201211,ORD009160,Late Delivery
RET201212,ORD009161,Late Delivery
RET201213,ORD009163,Wrong Item
RET201214,ORD009168,Late Delivery
RET201215,ORD009169,Late Delivery
RET201216,ORD009170,Late Delivery
RET201217,ORD009174,Late Delivery
RET201218,ORD009175,Wrong Item
RET201219,ORD009182,Wrong Item
RET201220,ORD009196,Late Delivery
RET201221,ORD009202,Late Delivery
RET201222,ORD009207,Late Delivery
RET201223,ORD009215,Changed Mind
RET201224,ORD009218,Late Delivery
RET201225,ORD009221,Late Delivery
RET201226,ORD009224,Changed Mind
RET201227,ORD009225,Wrong Item
RET201228,ORD009233,Late Delivery
RET201229,ORD009235,Late Delivery
RET201230,ORD009253,Late Delivery
RET201231,ORD009262,Late Delivery
RET201232,ORD009267,Late Delivery
RET201233,ORD009268,Late Delivery
RET201234,ORD009283,Late Delivery
RET201235,ORD009287,Wrong Item
RET201236,ORD009288,Late Delivery
RET201237,ORD009289,Late Delivery
RET201238,ORD009290,Late Delivery
RET201239,ORD009310,Late Delivery
RET201240,ORD009311,Late Delivery
RET201241,ORD009313,Late Delivery
RET201242,ORD009316,Late Delivery
RET201243,ORD009321,Late Delivery
RET201244,ORD009328,Changed Mind
RET201245,ORD009331,Late Delivery
RET201246,ORD009347,Late Delivery
RET201247,ORD009362,Late Delivery
RET201248,ORD009364,Defective
RET201249,ORD009369,Late Delivery
RET201250,ORD009374,Late Delivery
RET201251,ORD009376,Late Delivery
RET201252,ORD009383,Late Delivery
RET201253,ORD009390,Late Delivery
RET201254,ORD009392,Late Delivery
RET201255,ORD009400,Late Delivery
RET201256,ORD009415,Late Delivery
RET201257,ORD009436,Late Delivery
RET201258,ORD009437,Late Delivery
RET201259,ORD009456,Late Delivery
RET201260,ORD009463,Late Delivery
RET201261,ORD009476,Late Delivery
RET201262,ORD009480,Late Delivery
RET201263,ORD009491,Late Delivery
RET201264,ORD009497,Wrong Item
RET201265,ORD009502,Late Delivery
RET201266,ORD009512,Late Delivery
RET201267,ORD009514,Late Delivery
RET201268,ORD009529,Late Delivery
RET201269,ORD009540,Late Delivery
RET201270,ORD009541,Late Delivery
RET201271,ORD009556,Late Delivery
RET201272,ORD009558,Late Delivery
RET201273,ORD009566,Late Delivery
RET201274,ORD009567,Late Delivery
RET201275,ORD009586,Defective
RET201276,ORD009588,Late Delivery
RET201277,ORD009621,Late Delivery
RET201278,ORD009624,Late Delivery
RET201279,ORD009626,Late Delivery
RET201280,ORD009643,Late Delivery
RET201281,ORD009648,Late Delivery
RET201282,ORD009654,Changed Mind
RET201283,ORD009659,Late Delivery
RET201284,ORD009661,Late Delivery
RET201285,ORD009663,Late Delivery
RET201286,ORD009675,Late Delivery
RET201287,ORD009686,Late Delivery
RET201288,ORD009705,Late Delivery
RET201289,ORD009728,Wrong Item
RET201290,ORD009732,Wrong Item
RET201291,ORD009734,Late Delivery
RET201292,ORD009746,Late Delivery
RET201293,ORD009753,Late Delivery
RET201294,ORD009754,Late Delivery
RET201295,ORD009777,Wrong Item
RET201296,ORD009781,Late Delivery
RET201297,ORD009797,Late Delivery
RET201298,ORD009799,Defective
RET201299,ORD009804,Late Delivery
RET201300,ORD009811,Late Delivery
RET201301,ORD009813,Late Delivery
RET201302,ORD009818,Late Delivery
RET201303,ORD009830,Late Delivery
RET201304,ORD009838,Late Delivery
RET201305,ORD009840,Late Delivery
RET201306,ORD009847,Late Delivery
RET201307,ORD009851,Defective
RET201308,ORD009852,Late Delivery
RET201309,ORD009853,Late Delivery
RET201310,ORD009858,Late Delivery
RET201311,ORD009859,Late Delivery
RET201312,ORD009867,Late Delivery
RET201313,ORD009869,Late Delivery
RET201314,ORD009873,Defective
RET201315,ORD009887,Late Delivery
RET201316,ORD009921,Late Delivery
RET201317,ORD009928,Late Delivery
RET201318,ORD009929,Late Delivery
RET201319,ORD009950,Late Delivery
RET201320,ORD009953,Late Delivery
RET201321,ORD009956,Late Delivery
RET201322,ORD009960,Late Delivery
RET201323,ORD009965,Late Delivery
RET201324,ORD009974,Changed Mind
RET201325,ORD009978,Defective
RET201326,ORD009987,Late Delivery
RET201327,ORD009997,Late Delivery
RET201328,ORD010006,Wrong Item
RET201329,ORD010009,Late Delivery
RET201330,ORD010014,Late Delivery
RET201331,ORD010017,Wrong Item
RET201332,ORD010019,Late Delivery
RET201333,ORD010047,Late Delivery
RET201334,ORD010056,Late Delivery
RET201335,ORD010074,Late Delivery
RET201336,ORD010080,Late Delivery
RET201337,ORD010093,Late Delivery
RET201338,ORD010122,Late Delivery
RET201339,ORD010133,Wrong Item
RET201340,ORD010147,Late Delivery
RET201341,ORD010149,Wrong Item
RET201342,ORD010151,Late Delivery
RET201343,ORD010155,Late Delivery
RET201344,ORD010156,Late Delivery
RET201345,ORD010160,Late Delivery
RET201346,ORD010172,Wrong Item
RET201347,ORD010178,Late Delivery
RET201348,ORD010180,Late Delivery
RET201349,ORD010181,Defective
RET201350,ORD010182,Late Delivery
RET201351,ORD010186,Changed Mind
RET201352,ORD010192,Late Delivery
RET201353,ORD010197,Late Delivery
RET201354,ORD010203,Late Delivery
RET201355,ORD010205,Late Delivery
RET201356,ORD010212,Late Delivery
RET201357,ORD010220,Late Delivery
RET201358,ORD010229,Late Delivery
RET201359,ORD010230,Defective
RET201360,ORD010231,Late Delivery
RET201361,ORD010233,Late Delivery
RET201362,ORD010239,Late Delivery
RET201363,ORD010247,Late Delivery
RET201364,ORD010248,Late Delivery
RET201365,ORD010255,Late Delivery
RET201366,ORD010262,Late Delivery
RET201367,ORD010271,Late Delivery
RET201368,ORD010297,Late Delivery
RET201369,ORD010313,Late Delivery
RET201370,ORD010314,Defective
RET201371,ORD010326,Late Delivery
RET201372,ORD010327,Late Delivery
RET201373,ORD010351,Late Delivery
RET201374,ORD010363,Late Delivery
RET201375,ORD010365,Changed Mind
RET201376,ORD010369,Late Delivery
RET201377,ORD010375,Late Delivery
RET201378,ORD010376,Late Delivery
RET201379,ORD010377,Late Delivery
RET201380,ORD010380,Late Delivery
RET201381,ORD010381,Late Delivery
RET201382,ORD010387,Late Delivery
RET201383,ORD010398,Late Delivery
RET201384,ORD010411,Defective
RET201385,ORD010412,Late Delivery
RET201386,ORD010418,Late Delivery
RET201387,ORD010451,Late Delivery
RET201388,ORD010453,Late Delivery
RET201389,ORD010462,Late Delivery
RET201390,ORD010468,Late Delivery
RET201391,ORD010469,Late Delivery
RET201392,ORD010485,Late Delivery
RET201393,ORD010487,Late Delivery
RET201394,ORD010501,Late Delivery
RET201395,ORD010510,Late Delivery
RET201396,ORD010515,Late Delivery
RET201397,ORD010517,Late Delivery
RET201398,ORD010530,Late Delivery
RET201399,ORD010535,Late Delivery
RET201400,ORD010538,Late Delivery
RET201401,ORD010539,Late Delivery
RET201402,ORD010550,Late Delivery
RET201403,ORD010552,Late Delivery
RET201404,ORD010553,Late Delivery
RET201405,ORD010555,Wrong Item
RET201406,ORD010557,Late Delivery
RET201407,ORD010561,Late Delivery
RET201408,ORD010570,Late Delivery
RET201409,ORD010571,Late Delivery
RET201410,ORD010581,Late Delivery
RET201411,ORD010586,Changed Mind
RET201412,ORD010602,Late Delivery
RET201413,ORD010611,Late Delivery
RET201414,ORD010621,Wrong Item
RET201415,ORD010624,Late Delivery
RET201416,ORD010627,Late Delivery
RET201417,ORD010643,Defective
RET201418,ORD010652,Late Delivery
RET201419,ORD010680,Late Delivery
RET201420,ORD010693,Late Delivery
RET201421,ORD010702,Late Delivery
RET201422,ORD010714,Late Delivery
RET201423,ORD010731,Late Delivery
RET201424,ORD010732,Defective
RET201425,ORD010744,Late Delivery
RET201426,ORD010747,Late Delivery
RET201427,ORD010770,Wrong Item
RET201428,ORD010792,Late Delivery
RET201429,ORD010796,Late Delivery
RET201430,ORD010797,Late Delivery
RET201431,ORD010815,Late Delivery
RET201432,ORD010819,Late Delivery
RET201433,ORD010833,Wrong Item
RET201434,ORD010835,Late Delivery
RET201435,ORD010864,Late Delivery
RET201436,ORD010876,Late Delivery
RET201437,ORD010885,Late Delivery
RET201438,ORD010889,Defective
RET201439,ORD010897,Late Delivery
RET201440,ORD010902,Late Delivery
RET201441,ORD010914,Late Delivery
RET201442,ORD010916,Late Delivery
RET201443,ORD010924,Late Delivery
RET201444,ORD010935,Late Delivery
RET201445,ORD010940,Late Delivery
RET201446,ORD010943,Late Delivery
RET201447,ORD010948,Late Delivery
RET201448,ORD010949,Late Delivery
RET201449,ORD010958,Late Delivery
RET201450,ORD010962,Late Delivery
RET201451,ORD010972,Late Delivery
RET201452,ORD011000,Late Delivery
RET201453,ORD011004,Late Delivery
RET201454,ORD011006,Late Delivery
RET201455,ORD011017,Late Delivery
RET201456,ORD011020,Late Delivery
RET201457,ORD011024,Late Delivery
RET201458,ORD011027,Late Delivery
RET201459,ORD011030,Late Delivery
RET201460,ORD011036,Late Delivery
RET201461,ORD011038,Late Delivery
RET201462,ORD011043,Late Delivery
RET201463,ORD011054,Late Delivery
RET201464,ORD011070,Late Delivery
RET201465,ORD011071,Defective
RET201466,ORD011076,Late Delivery
RET201467,ORD011126,Late Delivery
RET201468,ORD011128,Late Delivery
RET201469,ORD011143,Late Delivery
RET201470,ORD011154,Late Delivery
RET201471,ORD011167,Late Delivery
RET201472,ORD011172,Late Delivery
RET201473,ORD011176,Late Delivery
RET201474,ORD011178,Late Delivery
RET201475,ORD011185,Late Delivery
RET201476,ORD011191,Late Delivery
RET201477,ORD011197,Defective
RET201478,ORD011204,Late Delivery
RET201479,ORD011205,Late Delivery
RET201480,ORD011221,Late Delivery
RET201481,ORD011229,Late Delivery
RET201482,ORD011254,Late Delivery
RET201483,ORD011257,Late Delivery
RET201484,ORD011273,Late Delivery
RET201485,ORD011274,Late Delivery
RET201486,ORD011275,Late Delivery
RET201487,ORD011285,Late Delivery
RET201488,ORD011296,Late Delivery
RET201489,ORD011302,Late Delivery
RET201490,ORD011303,Changed Mind
RET201491,ORD011325,Defective
RET201492,ORD011327,Late Delivery
RET201493,ORD011329,Late Delivery
RET201494,ORD011332,Late Delivery
RET201495,ORD011355,Late Delivery
RET201496,ORD011373,Late Delivery
RET201497,ORD011375,Late Delivery
RET201498,ORD011384,Late Delivery
RET201499,ORD011428,Late Delivery
RET201500,ORD011442,Late Delivery
RET201501,ORD011447,Changed Mind
RET201502,ORD011451,Wrong Item
RET201503,ORD011455,Late Delivery
RET201504,ORD011467,Late Delivery
RET201505,ORD011472,Defective
RET201506,ORD011517,Late Delivery
RET201507,ORD011536,Wrong Item
RET201508,ORD011547,Late Delivery
RET201509,ORD011550,Defective
RET201510,ORD011564,Late Delivery
RET201511,ORD011579,Late Delivery
RET201512,ORD011607,Late Delivery
RET201513,ORD011611,Late Delivery
RET201514,ORD011613,Late Delivery
RET201515,ORD011614,Late Delivery
RET201516,ORD011618,Late Delivery
RET201517,ORD011621,Late Delivery
RET201518,ORD011626,Late Delivery
RET201519,ORD011647,Late Delivery
RET201520,ORD011658,Defective
RET201521,ORD011667,Late Delivery
RET201522,ORD011669,Late Delivery
RET201523,ORD011675,Late Delivery
RET201524,ORD011678,Late Delivery
RET201525,ORD011681,Late Delivery
RET201526,ORD011691,Late Delivery
RET201527,ORD011708,Late Delivery
RET201528,ORD011711,Late Delivery
RET201529,ORD011713,Late Delivery
RET201530,ORD011721,Late Delivery
RET201531,ORD011738,Changed Mind
RET201532,ORD011741,Late Delivery
RET201533,ORD011750,Late Delivery
RET201534,ORD011751,Late Delivery
RET201535,ORD011764,Late Delivery
RET201536,ORD011767,Late Delivery
RET201537,ORD011775,Late Delivery
RET201538,ORD011777,Defective
RET201539,ORD011789,Changed Mind
RET201540,ORD011794,Defective
RET201541,ORD011795,Late Delivery
RET201542,ORD011811,Late Delivery
RET201543,ORD011820,Late Delivery
RET201544,ORD011836,Late Delivery
RET201545,ORD011838,Late Delivery
RET201546,ORD011846,Changed Mind
RET201547,ORD011851,Late Delivery
RET201548,ORD011881,Late Delivery
RET201549,ORD011887,Late Delivery
RET201550,ORD011888,Late Delivery
RET201551,ORD011890,Late Delivery
RET201552,ORD011895,Late Delivery
RET201553,ORD011899,Late Delivery
RET201554,ORD011912,Late Delivery
RET201555,ORD011913,Late Delivery
RET201556,ORD011919,Late Delivery
RET201557,ORD011921,Late Delivery
RET201558,ORD011924,Late Delivery
RET201559,ORD011930,Late Delivery
RET201560,ORD011954,Late Delivery
RET201561,ORD011958,Late Delivery
RET201562,ORD011973,Late Delivery
RET201563,ORD011979,Late Delivery
RET201564,ORD011980,Late Delivery
RET201565,ORD011983,Late Delivery
RET201566,ORD011996,Late Delivery
RET201567,ORD012005,Late Delivery
RET201568,ORD012011,Late Delivery
RET201569,ORD012016,Changed Mind
RET201570,ORD012017,Changed Mind
RET201571,ORD012019,Late Delivery
RET201572,ORD012023,Late Delivery
RET201573,ORD012029,Late Delivery
RET201574,ORD012037,Late Delivery
RET201575,ORD012047,Late Delivery
RET201576,ORD012048,Late Delivery
RET201577,ORD012059,Late Delivery
RET201578,ORD012060,Late Delivery
RET201579,ORD012063,Late Delivery
RET201580,ORD012075,Late Delivery
RET201581,ORD012077,Late Delivery
RET201582,ORD012090,Late Delivery
RET201583,ORD012103,Late Delivery
RET201584,ORD012114,Late Delivery
RET201585,ORD012133,Late Delivery
RET201586,ORD012136,Late Delivery
RET201587,ORD012138,Late Delivery
RET201588,ORD012139,Late Delivery
RET201589,ORD012153,Defective
RET201590,ORD012193,Late Delivery
RET201591,ORD012205,Late Delivery
RET201592,ORD012221,Late Delivery
RET201593,ORD012234,Late Delivery
RET201594,ORD012239,Late Delivery
RET201595,ORD012253,Late Delivery
RET201596,ORD012271,Late Delivery
RET201597,ORD012273,Late Delivery
RET201598,ORD012278,Late Delivery
RET201599,ORD012279,Late Delivery
RET201600,ORD012285,Late Delivery
RET201601,ORD012298,Late Delivery
RET201602,ORD012308,Late Delivery
RET201603,ORD012315,Wrong Item
RET201604,ORD012316,Changed Mind
RET201605,ORD012321,Late Delivery
RET201606,ORD012324,Late Delivery
RET201607,ORD012328,Defective
RET201608,ORD012334,Late Delivery
RET201609,ORD012341,Late Delivery
RET201610,ORD012351,Late Delivery
RET201611,ORD012354,Late Delivery
RET201612,ORD012372,Late Delivery
RET201613,ORD012381,Late Delivery
RET201614,ORD012384,Defective
RET201615,ORD012391,Wrong Item
RET201616,ORD012395,Late Delivery
RET201617,ORD012397,Late Delivery
RET201618,ORD012406,Late Delivery
RET201619,ORD012408,Late Delivery
RET201620,ORD012425,Late Delivery
RET201621,ORD012431,Late Delivery
RET201622,ORD012441,Defective
RET201623,ORD012443,Late Delivery
RET201624,ORD012446,Late Delivery
RET201625,ORD012450,Late Delivery
RET201626,ORD012463,Late Delivery
RET201627,ORD012472,Late Delivery
RET201628,ORD012492,Late Delivery
RET201629,ORD012494,Late Delivery
RET201630,ORD012506,Late Delivery
RET201631,ORD012519,Late Delivery
RET201632,ORD012527,Late Delivery
RET201633,ORD012530,Late Delivery
RET201634,ORD012540,Late Delivery
RET201635,ORD012545,Late Delivery
RET201636,ORD012546,Late Delivery
RET201637,ORD012559,Late Delivery
RET201638,ORD012567,Late Delivery
RET201639,ORD012574,Late Delivery
RET201640,ORD012578,Changed Mind
RET201641,ORD012582,Wrong Item
RET201642,ORD012591,Late Delivery
RET201643,ORD012594,Late Delivery
RET201644,ORD012608,Late Delivery
RET201645,ORD012621,Defective
RET201646,ORD012627,Late Delivery
RET201647,ORD012632,Late Delivery
RET201648,ORD012636,Defective
RET201649,ORD012639,Late Delivery
RET201650,ORD012642,Late Delivery
RET201651,ORD012647,Late Delivery
RET201652,ORD012650,Late Delivery
RET201653,ORD012655,Defective
RET201654,ORD012656,Late Delivery
RET201655,ORD012672,Late Delivery
RET201656,ORD012683,Late Delivery
RET201657,ORD012709,Late Delivery
RET201658,ORD012724,Late Delivery
RET201659,ORD012726,Late Delivery
RET201660,ORD012728,Late Delivery
RET201661,ORD012734,Late Delivery
RET201662,ORD012737,Late Delivery
RET201663,ORD012739,Late Delivery
RET201664,ORD012775,Changed Mind
RET201665,ORD012781,Late Delivery
RET201666,ORD012789,Wrong Item
RET201667,ORD012807,Late Delivery
RET201668,ORD012812,Late Delivery
RET201669,ORD012813,Defective
RET201670,ORD012820,Changed Mind
RET201671,ORD012826,Late Delivery
RET201672,ORD012849,Defective
RET201673,ORD012858,Late Delivery
RET201674,ORD012873,Late Delivery
RET201675,ORD012874,Late Delivery
RET201676,ORD012881,Late Delivery
RET201677,ORD012882,Late Delivery
RET201678,ORD012888,Late Delivery
RET201679,ORD012890,Wrong Item
RET201680,ORD012891,Late Delivery
RET201681,ORD012893,Late Delivery
RET201682,ORD012895,Late Delivery
RET201683,ORD012899,Late Delivery
RET201684,ORD012905,Late Delivery
RET201685,ORD012910,Late Delivery
RET201686,ORD012912,Defective
RET201687,ORD012933,Late Delivery
RET201688,ORD012940,Late Delivery
RET201689,ORD012945,Late Delivery
RET201690,ORD012954,Late Delivery
RET201691,ORD012978,Late Delivery
RET201692,ORD012993,Late Delivery
RET201693,ORD012998,Changed Mind
RET201694,ORD013000,Late Delivery
RET201695,ORD013004,Late Delivery
RET201696,ORD013008,Late Delivery
RET201697,ORD013009,Late Delivery
RET201698,ORD013010,Wrong Item
RET201699,ORD013012,Late Delivery
RET201700,ORD013034,Late Delivery
RET201701,ORD013039,Late Delivery
RET201702,ORD013041,Late Delivery
RET201703,ORD013045,Late Delivery
RET201704,ORD013055,Late Delivery
RET201705,ORD013057,Late Delivery
RET201706,ORD013063,Late Delivery
RET201707,ORD013066,Late Delivery
RET201708,ORD013072,Late Delivery
RET201709,ORD013084,Late Delivery
RET201710,ORD013094,Late Delivery
RET201711,ORD013110,Late Delivery
RET201712,ORD013111,Late Delivery
RET201713,ORD013116,Late Delivery
RET201714,ORD013130,Late Delivery
RET201715,ORD013139,Late Delivery
RET201716,ORD013141,Late Delivery
RET201717,ORD013144,Late Delivery
RET201718,ORD013147,Late Delivery
RET201719,ORD013158,Late Delivery
RET201720,ORD013159,Late Delivery
RET201721,ORD013160,Late Delivery
RET201722,ORD013161,Changed Mind
RET201723,ORD013163,Late Delivery
RET201724,ORD013189,Late Delivery
RET201725,ORD013199,Late Delivery
RET201726,ORD013217,Late Delivery
RET201727,ORD013221,Wrong Item
RET201728,ORD013226,Late Delivery
RET201729,ORD013235,Late Delivery
RET201730,ORD013246,Late Delivery
RET201731,ORD013292,Late Delivery
RET201732,ORD013304,Late Delivery
RET201733,ORD013341,Late Delivery
RET201734,ORD013342,Late Delivery
RET201735,ORD013344,Late Delivery
RET201736,ORD013351,Late Delivery
RET201737,ORD013357,Late Delivery
RET201738,ORD013360,Late Delivery
RET201739,ORD013361,Wrong Item
RET201740,ORD013364,Late Delivery
RET201741,ORD013369,Defective
RET201742,ORD013373,Late Delivery
RET201743,ORD013398,Late Delivery
RET201744,ORD013400,Late Delivery
RET201745,ORD013413,Late Delivery
RET201746,ORD013425,Wrong Item
RET201747,ORD013434,Defective
RET201748,ORD013437,Late Delivery
RET201749,ORD013441,Changed Mind
RET201750,ORD013443,Late Delivery
RET201751,ORD013445,Changed Mind
RET201752,ORD013458,Late Delivery
RET201753,ORD013459,Late Delivery
RET201754,ORD013466,Late Delivery
RET201755,ORD013484,Late Delivery
RET201756,ORD013493,Late Delivery
RET201757,ORD013510,Defective
RET201758,ORD013511,Late Delivery
RET201759,ORD013512,Late Delivery
RET201760,ORD013513,Late Delivery
RET201761,ORD013516,Wrong Item
RET201762,ORD013519,Late Delivery
RET201763,ORD013521,Late Delivery
RET201764,ORD013525,Late Delivery
RET201765,ORD013539,Late Delivery
RET201766,ORD013540,Late Delivery
RET201767,ORD013544,Late Delivery
RET201768,ORD013548,Late Delivery
RET201769,ORD013553,Late Delivery
RET201770,ORD013555,Late Delivery
RET201771,ORD013562,Late Delivery
RET201772,ORD013563,Late Delivery
RET201773,ORD013566,Late Delivery
RET201774,ORD013571,Late Delivery
RET201775,ORD013580,Late Delivery
RET201776,ORD013582,Late Delivery
RET201777,ORD013584,Late Delivery
RET201778,ORD013586,Late Delivery
RET201779,ORD013611,Defective
RET201780,ORD013615,Late Delivery
RET201781,ORD013639,Late Delivery
RET201782,ORD013645,Defective
RET201783,ORD013652,Late Delivery
RET201784,ORD013674,Late Delivery
RET201785,ORD013679,Late Delivery
RET201786,ORD013683,Late Delivery
RET201787,ORD013705,Late Delivery
RET201788,ORD013724,Late Delivery
RET201789,ORD013738,Late Delivery
RET201790,ORD013756,Late Delivery
RET201791,ORD013764,Late Delivery
RET201792,ORD013768,Changed Mind
RET201793,ORD013776,Late Delivery
RET201794,ORD013781,Late Delivery
RET201795,ORD013784,Late Delivery
RET201796,ORD013821,Late Delivery
RET201797,ORD013841,Late Delivery
RET201798,ORD013845,Late Delivery
RET201799,ORD013846,Changed Mind
RET201800,ORD013847,Wrong Item
RET201801,ORD013859,Defective
RET201802,ORD013880,Late Delivery
RET201803,ORD013895,Defective
RET201804,ORD013900,Late Delivery
RET201805,ORD013903,Late Delivery
RET201806,ORD013913,Changed Mind
RET201807,ORD013933,Late Delivery
RET201808,ORD013934,Late Delivery
RET201809,ORD013942,Late Delivery
RET201810,ORD013953,Late Delivery
RET201811,ORD013963,Late Delivery
RET201812,ORD013964,Late Delivery
RET201813,ORD013972,Late Delivery
RET201814,ORD013992,Late Delivery
RET201815,ORD013994,Defective
RET201816,ORD014002,Defective
RET201817,ORD014013,Late Delivery
RET201818,ORD014021,Late Delivery
RET201819,ORD014030,Late Delivery
RET201820,ORD014033,Late Delivery
RET201821,ORD014037,Late Delivery
RET201822,ORD014039,Late Delivery
RET201823,ORD014049,Defective
RET201824,ORD014051,Late Delivery
RET201825,ORD014054,Late Delivery
RET201826,ORD014055,Late Delivery
RET201827,ORD014063,Defective
RET201828,ORD014070,Defective
RET201829,ORD014082,Late Delivery
RET201830,ORD014109,Late Delivery
RET201831,ORD014112,Changed Mind
RET201832,ORD014118,Late Delivery
RET201833,ORD014121,Late Delivery
RET201834,ORD014128,Defective
RET201835,ORD014140,Late Delivery
RET201836,ORD014144,Late Delivery
RET201837,ORD014154,Late Delivery
RET201838,ORD014162,Late Delivery
RET201839,ORD014169,Late Delivery
RET201840,ORD014176,Late Delivery
RET201841,ORD014186,Late Delivery
RET201842,ORD014190,Late Delivery
RET201843,ORD014196,Late Delivery
RET201844,ORD014205,Late Delivery
RET201845,ORD014224,Late Delivery
RET201846,ORD014236,Late Delivery
RET201847,ORD014273,Late Delivery
RET201848,ORD014281,Late Delivery
RET201849,ORD014285,Wrong Item
RET201850,ORD014286,Late Delivery
RET201851,ORD014306,Late Delivery
RET201852,ORD014321,Defective
RET201853,ORD014323,Late Delivery
RET201854,ORD014328,Late Delivery
RET201855,ORD014330,Late Delivery
RET201856,ORD014334,Late Delivery
RET201857,ORD014343,Late Delivery
RET201858,ORD014344,Late Delivery
RET201859,ORD014351,Late Delivery
RET201860,ORD014354,Late Delivery
RET201861,ORD014373,Late Delivery
RET201862,ORD014378,Late Delivery
RET201863,ORD014388,Late Delivery
RET201864,ORD014404,Late Delivery
RET201865,ORD014410,Late Delivery
RET201866,ORD014416,Late Delivery
RET201867,ORD014425,Late Delivery
RET201868,ORD014430,Late Delivery
RET201869,ORD014440,Late Delivery
RET201870,ORD014441,Defective
RET201871,ORD014443,Late Delivery
RET201872,ORD014456,Late Delivery
RET201873,ORD014463,Defective
RET201874,ORD014467,Defective
RET201875,ORD014468,Wrong Item
RET201876,ORD014476,Late Delivery
RET201877,ORD014497,Late Delivery
RET201878,ORD014504,Changed Mind
RET201879,ORD014508,Late Delivery
RET201880,ORD014510,Late Delivery
RET201881,ORD014512,Late Delivery
RET201882,ORD014526,Late Delivery
RET201883,ORD014528,Late Delivery
RET201884,ORD014531,Wrong Item
RET201885,ORD014533,Late Delivery
RET201886,ORD014535,Late Delivery
RET201887,ORD014547,Late Delivery
RET201888,ORD014549,Late Delivery
RET201889,ORD014552,Late Delivery
RET201890,ORD014555,Changed Mind
RET201891,ORD014567,Late Delivery
RET201892,ORD014574,Late Delivery
RET201893,ORD014575,Late Delivery
RET201894,ORD014576,Late Delivery
RET201895,ORD014580,Late Delivery
RET201896,ORD014591,Late Delivery
RET201897,ORD014603,Late Delivery
RET201898,ORD014605,Late Delivery
RET201899,ORD014616,Late Delivery
RET201900,ORD014618,Late Delivery
RET201901,ORD014621,Late Delivery
RET201902,ORD014630,Late Delivery
RET201903,ORD014633,Late Delivery
RET201904,ORD014643,Late Delivery
RET201905,ORD014644,Changed Mind
RET201906,ORD014656,Late Delivery
RET201907,ORD014663,Late Delivery
RET201908,ORD014683,Late Delivery
RET201909,ORD014684,Late Delivery
RET201910,ORD014708,Late Delivery
RET201911,ORD014713,Late Delivery
RET201912,ORD014728,Late Delivery
RET201913,ORD014730,Late Delivery
RET201914,ORD014734,Late Delivery
RET201915,ORD014741,Late Delivery
RET201916,ORD014743,Late Delivery
RET201917,ORD014764,Late Delivery
RET201918,ORD014772,Late Delivery
RET201919,ORD014776,Late Delivery
RET201920,ORD014784,Late Delivery
RET201921,ORD014798,Wrong Item
RET201922,ORD014802,Defective
RET201923,ORD014805,Late Delivery
RET201924,ORD014809,Late Delivery
RET201925,ORD014817,Late Delivery
RET201926,ORD014819,Defective
RET201927,ORD014831,Late Delivery
RET201928,ORD014837,Late Delivery
RET201929,ORD014839,Late Delivery
RET201930,ORD014842,Late Delivery
RET201931,ORD014849,Late Delivery
RET201932,ORD014858,Late Delivery
RET201933,ORD014863,Late Delivery
RET201934,ORD014871,Changed Mind
RET201935,ORD014906,Defective
RET201936,ORD014933,Late Delivery
RET201937,ORD014943,Late Delivery
RET201938,ORD014951,Late Delivery
RET201939,ORD014969,Late Delivery
RET201940,ORD014975,Late Delivery
RET201941,ORD014983,Late Delivery
RET201942,ORD014989,Late Delivery
RET201943,ORD014994,Late Delivery
RET201944,ORD015002,Late Delivery
RET201945,ORD015003,Late Delivery
RET201946,ORD015005,Late Delivery
RET201947,ORD015009,Late Delivery
RET201948,ORD015019,Late Delivery
RET201949,ORD015023,Late Delivery
RET201950,ORD015027,Late Delivery
RET201951,ORD015030,Changed Mind
RET201952,ORD015041,Late Delivery
RET201953,ORD015046,Late Delivery
RET201954,ORD015047,Late Delivery
RET201955,ORD015049,Late Delivery
RET201956,ORD015053,Late Delivery
RET201957,ORD015075,Late Delivery
RET201958,ORD015076,Late Delivery
RET201959,ORD015088,Late Delivery
RET201960,ORD015091,Late Delivery
RET201961,ORD015093,Changed Mind
RET201962,ORD015094,Defective
RET201963,ORD015101,Changed Mind
RET201964,ORD015102,Late Delivery
RET201965,ORD015109,Late Delivery
RET201966,ORD015118,Late Delivery
RET201967,ORD015123,Late Delivery
RET201968,ORD015125,Defective
RET201969,ORD015129,Late Delivery
RET201970,ORD015136,Late Delivery
RET201971,ORD015147,Defective
RET201972,ORD015159,Late Delivery
RET201973,ORD015163,Late Delivery
RET201974,ORD015178,Late Delivery
RET201975,ORD015181,Late Delivery
RET201976,ORD015196,Defective
RET201977,ORD015199,Late Delivery
RET201978,ORD015225,Defective
RET201979,ORD015237,Late Delivery
RET201980,ORD015240,Wrong Item
RET201981,ORD015241,Late Delivery
RET201982,ORD015254,Late Delivery
RET201983,ORD015261,Late Delivery
RET201984,ORD015265,Late Delivery
RET201985,ORD015271,Late Delivery
RET201986,ORD015275,Late Delivery
RET201987,ORD015276,Late Delivery
RET201988,ORD015279,Late Delivery
RET201989,ORD015286,Late Delivery
RET201990,ORD015287,Late Delivery
RET201991,ORD015289,Late Delivery
RET201992,ORD015297,Late Delivery
RET201993,ORD015298,Late Delivery
RET201994,ORD015306,Late Delivery
RET201995,ORD015315,Late Delivery
RET201996,ORD015321,Changed Mind
RET201997,ORD015332,Late Delivery
RET201998,ORD015346,Late Delivery
RET201999,ORD015348,Late Delivery
RET202000,ORD015351,Late Delivery
RET202001,ORD015356,Late Delivery
RET202002,ORD015362,Late Delivery
RET202003,ORD015376,Late Delivery
RET202004,ORD015387,Late Delivery
RET202005,ORD015388,Late Delivery
RET202006,ORD015390,Late Delivery
RET202007,ORD015396,Late Delivery
RET202008,ORD015402,Late Delivery
RET202009,ORD015405,Late Delivery
RET202010,ORD015413,Late Delivery
RET202011,ORD015418,Late Delivery
RET202012,ORD015423,Late Delivery
RET202013,ORD015470,Late Delivery
RET202014,ORD015473,Late Delivery
RET202015,ORD015493,Late Delivery
RET202016,ORD015503,Late Delivery
RET202017,ORD015513,Defective
RET202018,ORD015517,Late Delivery
RET202019,ORD015528,Late Delivery
RET202020,ORD015537,Wrong Item
RET202021,ORD015538,Late Delivery
RET202022,ORD015556,Late Delivery
RET202023,ORD015558,Late Delivery
RET202024,ORD015566,Late Delivery
RET202025,ORD015574,Late Delivery
RET202026,ORD015576,Changed Mind
RET202027,ORD015581,Late Delivery
RET202028,ORD015585,Late Delivery
RET202029,ORD015586,Late Delivery
RET202030,ORD015600,Late Delivery
RET202031,ORD015602,Late Delivery
RET202032,ORD015608,Late Delivery
RET202033,ORD015612,Late Delivery
RET202034,ORD015613,Wrong Item
RET202035,ORD015656,Late Delivery
RET202036,ORD015661,Late Delivery
RET202037,ORD015663,Defective
RET202038,ORD015690,Late Delivery
RET202039,ORD015696,Late Delivery
RET202040,ORD015705,Late Delivery
RET202041,ORD015722,Wrong Item
RET202042,ORD015752,Late Delivery
RET202043,ORD015756,Late Delivery
RET202044,ORD015762,Late Delivery
RET202045,ORD015764,Late Delivery
RET202046,ORD015769,Late Delivery
RET202047,ORD015771,Defective
RET202048,ORD015772,Late Delivery
RET202049,ORD015778,Late Delivery
RET202050,ORD015796,Late Delivery
RET202051,ORD015809,Late Delivery
RET202052,ORD015827,Late Delivery
RET202053,ORD015835,Late Delivery
RET202054,ORD015840,Late Delivery
RET202055,ORD015842,Late Delivery
RET202056,ORD015845,Late Delivery
RET202057,ORD015846,Late Delivery
RET202058,ORD015853,Late Delivery
RET202059,ORD015864,Late Delivery
RET202060,ORD015868,Wrong Item
RET202061,ORD015876,Late Delivery
RET202062,ORD015886,Late Delivery
RET202063,ORD015895,Wrong Item
RET202064,ORD015902,Late Delivery
RET202065,ORD015927,Late Delivery
RET202066,ORD015933,Late Delivery
RET202067,ORD015942,Wrong Item
RET202068,ORD015958,Defective
RET202069,ORD015961,Wrong Item
RET202070,ORD015962,Late Delivery
RET202071,ORD015963,Late Delivery
RET202072,ORD015985,Late Delivery
RET202073,ORD015991,Late Delivery
RET202074,ORD015996,Late Delivery
RET202075,ORD016002,Wrong Item
RET202076,ORD016005,Late Delivery
RET202077,ORD016007,Late Delivery
RET202078,ORD016027,Late Delivery
RET202079,ORD016030,Late Delivery
RET202080,ORD016040,Wrong Item
RET202081,ORD016041,Late Delivery
RET202082,ORD016044,Late Delivery
RET202083,ORD016048,Late Delivery
RET202084,ORD016055,Late Delivery
RET202085,ORD016056,Late Delivery
RET202086,ORD016063,Late Delivery
RET202087,ORD016064,Late Delivery
RET202088,ORD016068,Late Delivery
RET202089,ORD016076,Late Delivery
RET202090,ORD016077,Late Delivery
RET202091,ORD016085,Late Delivery
RET202092,ORD016101,Late Delivery
RET202093,ORD016102,Late Delivery
RET202094,ORD016105,Late Delivery
RET202095,ORD016112,Late Delivery
RET202096,ORD016115,Late Delivery
RET202097,ORD016124,Late Delivery
RET202098,ORD016148,Late Delivery
RET202099,ORD016156,Late Delivery
RET202100,ORD016167,Late Delivery
RET202101,ORD016170,Late Delivery
RET202102,ORD016172,Late Delivery
RET202103,ORD016203,Late Delivery
RET202104,ORD016216,Changed Mind
RET202105,ORD016222,Late Delivery
RET202106,ORD016223,Late Delivery
RET202107,ORD016224,Late Delivery
RET202108,ORD016229,Late Delivery
RET202109,ORD016239,Late Delivery
RET202110,ORD016252,Late Delivery
RET202111,ORD016263,Late Delivery
RET202112,ORD016265,Late Delivery
RET202113,ORD016271,Late Delivery
RET202114,ORD016281,Late Delivery
RET202115,ORD016283,Late Delivery
RET202116,ORD016299,Late Delivery
RET202117,ORD016308,Late Delivery
RET202118,ORD016323,Late Delivery
RET202119,ORD016327,Late Delivery
RET202120,ORD016332,Late Delivery
RET202121,ORD016340,Late Delivery
RET202122,ORD016342,Late Delivery
RET202123,ORD016344,Late Delivery
RET202124,ORD016347,Late Delivery
RET202125,ORD016351,Late Delivery
RET202126,ORD016372,Late Delivery
RET202127,ORD016379,Late Delivery
RET202128,ORD016388,Late Delivery
RET202129,ORD016390,Changed Mind
RET202130,ORD016398,Late Delivery
RET202131,ORD016399,Late Delivery
RET202132,ORD016402,Wrong Item
RET202133,ORD016405,Late Delivery
RET202134,ORD016426,Late Delivery
RET202135,ORD016429,Late Delivery
RET202136,ORD016438,Late Delivery
RET202137,ORD016447,Late Delivery
RET202138,ORD016451,Late Delivery
RET202139,ORD016465,Late Delivery
RET202140,ORD016467,Late Delivery
RET202141,ORD016468,Late Delivery
RET202142,ORD016489,Late Delivery
RET202143,ORD016499,Late Delivery
RET202144,ORD016502,Late Delivery
RET202145,ORD016510,Late Delivery
RET202146,ORD016512,Late Delivery
RET202147,ORD016514,Late Delivery
RET202148,ORD016530,Changed Mind
RET202149,ORD016537,Late Delivery
RET202150,ORD016545,Late Delivery
RET202151,ORD016546,Late Delivery
RET202152,ORD016550,Late Delivery
RET202153,ORD016558,Wrong Item
RET202154,ORD016582,Late Delivery
RET202155,ORD016590,Late Delivery
RET202156,ORD016593,Defective
RET202157,ORD016635,Late Delivery
RET202158,ORD016657,Late Delivery
RET202159,ORD016661,Wrong Item
RET202160,ORD016688,Late Delivery
RET202161,ORD016692,Late Delivery
RET202162,ORD016693,Late Delivery
RET202163,ORD016694,Late Delivery
RET202164,ORD016700,Late Delivery
RET202165,ORD016705,Defective
RET202166,ORD016709,Late Delivery
RET202167,ORD016717,Late Delivery
RET202168,ORD016723,Changed Mind
RET202169,ORD016729,Late Delivery
RET202170,ORD016731,Late Delivery
RET202171,ORD016763,Late Delivery
RET202172,ORD016765,Late Delivery
RET202173,ORD016773,Wrong Item
RET202174,ORD016791,Late Delivery
RET202175,ORD016817,Late Delivery
RET202176,ORD016822,Late Delivery
RET202177,ORD016834,Late Delivery
RET202178,ORD016840,Late Delivery
RET202179,ORD016841,Late Delivery
RET202180,ORD016845,Late Delivery
RET202181,ORD016849,Late Delivery
RET202182,ORD016853,Late Delivery
RET202183,ORD016861,Late Delivery
RET202184,ORD016862,Defective
RET202185,ORD016867,Late Delivery
RET202186,ORD016874,Defective
RET202187,ORD016899,Late Delivery
RET202188,ORD016900,Late Delivery
RET202189,ORD016903,Late Delivery
RET202190,ORD016904,Late Delivery
RET202191,ORD016908,Late Delivery
RET202192,ORD016923,Late Delivery
RET202193,ORD016925,Late Delivery
RET202194,ORD016943,Late Delivery
RET202195,ORD016946,Late Delivery
RET202196,ORD016947,Late Delivery
RET202197,ORD016956,Changed Mind
RET202198,ORD016962,Late Delivery
RET202199,ORD016969,Late Delivery
RET202200,ORD016973,Late Delivery
RET202201,ORD016977,Late Delivery
RET202202,ORD016980,Late Delivery
RET202203,ORD016981,Wrong Item
RET202204,ORD016999,Late Delivery
RET202205,ORD017007,Late Delivery
RET202206,ORD017009,Late Delivery
RET202207,ORD017010,Late Delivery
RET202208,ORD017027,Wrong Item
RET202209,ORD017041,Late Delivery
RET202210,ORD017052,Late Delivery
RET202211,ORD017065,Late Delivery
RET202212,ORD017075,Late Delivery
RET202213,ORD017077,Late Delivery
RET202214,ORD017078,Late Delivery
RET202215,ORD017080,Late Delivery
RET202216,ORD017085,Late Delivery
RET202217,ORD017091,Late Delivery
RET202218,ORD017098,Defective
RET202219,ORD017109,Late Delivery
RET202220,ORD017112,Late Delivery
RET202221,ORD017125,Late Delivery
RET202222,ORD017127,Defective
RET202223,ORD017143,Late Delivery
RET202224,ORD017149,Late Delivery
RET202225,ORD017180,Late Delivery
RET202226,ORD017193,Late Delivery
RET202227,ORD017194,Late Delivery
RET202228,ORD017195,Late Delivery
RET202229,ORD017196,Late Delivery
RET202230,ORD017204,Late Delivery
RET202231,ORD017206,Late Delivery
RET202232,ORD017208,Late Delivery
RET202233,ORD017220,Late Delivery
RET202234,ORD017225,Late Delivery
RET202235,ORD017248,Late Delivery
RET202236,ORD017268,Wrong Item
RET202237,ORD017269,Late Delivery
RET202238,ORD017271,Wrong Item
RET202239,ORD017279,Late Delivery
RET202240,ORD017280,Late Delivery
RET202241,ORD017286,Wrong Item
RET202242,ORD017301,Defective
RET202243,ORD017304,Late Delivery
RET202244,ORD017310,Late Delivery
RET202245,ORD017313,Late Delivery
RET202246,ORD017331,Late Delivery
RET202247,ORD017347,Late Delivery
RET202248,ORD017355,Late Delivery
RET202249,ORD017364,Late Delivery
RET202250,ORD017371,Wrong Item
RET202251,ORD017374,Late Delivery
RET202252,ORD017375,Late Delivery
RET202253,ORD017380,Late Delivery
RET202254,ORD017381,Late Delivery
RET202255,ORD017389,Late Delivery
RET202256,ORD017390,Late Delivery
RET202257,ORD017411,Late Delivery
RET202258,ORD017416,Late Delivery
RET202259,ORD017417,Late Delivery
RET202260,ORD017424,Late Delivery
RET202261,ORD017432,Late Delivery
RET202262,ORD017436,Late Delivery
RET202263,ORD017440,Late Delivery
RET202264,ORD017451,Late Delivery
RET202265,ORD017463,Late Delivery
RET202266,ORD017465,Late Delivery
RET202267,ORD017484,Defective
RET202268,ORD017490,Late Delivery
RET202269,ORD017495,Late Delivery
RET202270,ORD017501,Late Delivery
RET202271,ORD017502,Late Delivery
RET202272,ORD017510,Changed Mind
RET202273,ORD017511,Wrong Item
RET202274,ORD017520,Late Delivery
RET202275,ORD017530,Late Delivery
RET202276,ORD017542,Late Delivery
RET202277,ORD017546,Defective
RET202278,ORD017556,Late Delivery
RET202279,ORD017560,Late Delivery
RET202280,ORD017568,Late Delivery
RET202281,ORD017575,Late Delivery
RET202282,ORD017577,Late Delivery
RET202283,ORD017578,Wrong Item
RET202284,ORD017596,Late Delivery
RET202285,ORD017613,Late Delivery
RET202286,ORD017614,Late Delivery
RET202287,ORD017616,Late Delivery
RET202288,ORD017636,Late Delivery
RET202289,ORD017641,Late Delivery
RET202290,ORD017643,Late Delivery
RET202291,ORD017646,Late Delivery
RET202292,ORD017668,Late Delivery
RET202293,ORD017669,Late Delivery
RET202294,ORD017671,Late Delivery
RET202295,ORD017673,Late Delivery
RET202296,ORD017683,Changed Mind
RET202297,ORD017686,Changed Mind
RET202298,ORD017687,Late Delivery
RET202299,ORD017688,Late Delivery
RET202300,ORD017695,Changed Mind
RET202301,ORD017702,Wrong Item
RET202302,ORD017707,Wrong Item
RET202303,ORD017742,Late Delivery
RET202304,ORD017750,Late Delivery
RET202305,ORD017758,Late Delivery
RET202306,ORD017764,Late Delivery
RET202307,ORD017768,Late Delivery
RET202308,ORD017784,Late Delivery
RET202309,ORD017787,Late Delivery
RET202310,ORD017798,Late Delivery
RET202311,ORD017833,Late Delivery
RET202312,ORD017836,Late Delivery
RET202313,ORD017840,Changed Mind
RET202314,ORD017841,Late Delivery
RET202315,ORD017843,Late Delivery
RET202316,ORD017850,Late Delivery
RET202317,ORD017858,Late Delivery
RET202318,ORD017877,Late Delivery
RET202319,ORD017882,Late Delivery
RET202320,ORD017891,Late Delivery
RET202321,ORD017892,Late Delivery
RET202322,ORD017893,Late Delivery
RET202323,ORD017911,Late Delivery
RET202324,ORD017912,Late Delivery
RET202325,ORD017924,Late Delivery
RET202326,ORD017930,Late Delivery
RET202327,ORD017952,Late Delivery
RET202328,ORD017957,Late Delivery
RET202329,ORD017962,Wrong Item
RET202330,ORD017975,Late Delivery
RET202331,ORD017988,Late Delivery
RET202332,ORD017999,Late Delivery
RET202333,ORD018018,Late Delivery
RET202334,ORD018023,Late Delivery
RET202335,ORD018029,Late Delivery
RET202336,ORD018030,Late Delivery
RET202337,ORD018045,Late Delivery
RET202338,ORD018048,Late Delivery
RET202339,ORD018075,Late Delivery
RET202340,ORD018101,Late Delivery
RET202341,ORD018105,Late Delivery
RET202342,ORD018107,Late Delivery
RET202343,ORD018110,Late Delivery
RET202344,ORD018112,Late Delivery
RET202345,ORD018114,Late Delivery
RET202346,ORD018116,Late Delivery
RET202347,ORD018136,Late Delivery
RET202348,ORD018143,Late Delivery
RET202349,ORD018146,Late Delivery
RET202350,ORD018152,Late Delivery
RET202351,ORD018154,Late Delivery
RET202352,ORD018188,Late Delivery
RET202353,ORD018190,Late Delivery
RET202354,ORD018218,Late Delivery
RET202355,ORD018232,Late Delivery
RET202356,ORD018238,Late Delivery
RET202357,ORD018239,Late Delivery
RET202358,ORD018247,Late Delivery
RET202359,ORD018276,Late Delivery
RET202360,ORD018295,Late Delivery
RET202361,ORD018304,Late Delivery
RET202362,ORD018306,Late Delivery
RET202363,ORD018308,Late Delivery
RET202364,ORD018322,Late Delivery
RET202365,ORD018325,Late Delivery
RET202366,ORD018333,Late Delivery
RET202367,ORD018347,Late Delivery
RET202368,ORD018355,Late Delivery
RET202369,ORD018365,Late Delivery
RET202370,ORD018389,Defective
RET202371,ORD018403,Late Delivery
RET202372,ORD018404,Late Delivery
RET202373,ORD018411,Late Delivery
RET202374,ORD018418,Late Delivery
RET202375,ORD018424,Late Delivery
RET202376,ORD018430,Wrong Item
RET202377,ORD018434,Late Delivery
RET202378,ORD018448,Late Delivery
RET202379,ORD018452,Late Delivery
RET202380,ORD018456,Late Delivery
RET202381,ORD018458,Changed Mind
RET202382,ORD018482,Late Delivery
RET202383,ORD018484,Late Delivery
RET202384,ORD018494,Wrong Item
RET202385,ORD018498,Changed Mind
RET202386,ORD018502,Late Delivery
RET202387,ORD018504,Late Delivery
RET202388,ORD018521,Late Delivery
RET202389,ORD018532,Late Delivery
RET202390,ORD018535,Defective
RET202391,ORD018560,Late Delivery
RET202392,ORD018577,Changed Mind
RET202393,ORD018581,Late Delivery
RET202394,ORD018583,Late Delivery
RET202395,ORD018604,Late Delivery
RET202396,ORD018609,Late Delivery
RET202397,ORD018622,Late Delivery
RET202398,ORD018633,Late Delivery
RET202399,ORD018684,Late Delivery
RET202400,ORD018687,Late Delivery
RET202401,ORD018688,Late Delivery
RET202402,ORD018703,Late Delivery
RET202403,ORD018707,Late Delivery
RET202404,ORD018709,Late Delivery
RET202405,ORD018726,Late Delivery
RET202406,ORD018728,Late Delivery
RET202407,ORD018732,Late Delivery
RET202408,ORD018735,Late Delivery
RET202409,ORD018742,Late Delivery
RET202410,ORD018744,Changed Mind
RET202411,ORD018745,Changed Mind
RET202412,ORD018752,Late Delivery
RET202413,ORD018774,Late Delivery
RET202414,ORD018784,Wrong Item
RET202415,ORD018821,Late Delivery
RET202416,ORD018822,Late Delivery
RET202417,ORD018838,Late Delivery
RET202418,ORD018841,Late Delivery
RET202419,ORD018843,Late Delivery
RET202420,ORD018847,Late Delivery
RET202421,ORD018859,Late Delivery
RET202422,ORD018869,Late Delivery
RET202423,ORD018873,Late Delivery
RET202424,ORD018886,Late Delivery
RET202425,ORD018899,Late Delivery
RET202426,ORD018915,Late Delivery
RET202427,ORD018922,Late Delivery
RET202428,ORD018929,Late Delivery
RET202429,ORD018946,Late Delivery
RET202430,ORD018950,Late Delivery
RET202431,ORD018954,Late Delivery
RET202432,ORD018957,Late Delivery
RET202433,ORD018968,Late Delivery
RET202434,ORD018970,Wrong Item
RET202435,ORD018972,Late Delivery
RET202436,ORD018980,Late Delivery
RET202437,ORD018991,Late Delivery
RET202438,ORD019009,Late Delivery
RET202439,ORD019027,Late Delivery
RET202440,ORD019038,Late Delivery
RET202441,ORD019044,Late Delivery
RET202442,ORD019049,Late Delivery
RET202443,ORD019053,Late Delivery
RET202444,ORD019054,Late Delivery
RET202445,ORD019072,Late Delivery
RET202446,ORD019082,Late Delivery
RET202447,ORD019099,Defective
RET202448,ORD019113,Late Delivery
RET202449,ORD019118,Late Delivery
RET202450,ORD019119,Late Delivery
RET202451,ORD019133,Late Delivery
RET202452,ORD019136,Late Delivery
RET202453,ORD019137,Late Delivery
RET202454,ORD019145,Late Delivery
RET202455,ORD019146,Late Delivery
RET202456,ORD019157,Late Delivery
RET202457,ORD019165,Late Delivery
RET202458,ORD019189,Late Delivery
RET202459,ORD019190,Late Delivery
RET202460,ORD019193,Late Delivery
RET202461,ORD019200,Late Delivery
RET202462,ORD019205,Late Delivery
RET202463,ORD019219,Late Delivery
RET202464,ORD019220,Late Delivery
RET202465,ORD019224,Late Delivery
RET202466,ORD019250,Changed Mind
RET202467,ORD019251,Late Delivery
RET202468,ORD019258,Late Delivery
RET202469,ORD019265,Late Delivery
RET202470,ORD019300,Late Delivery
RET202471,ORD019312,Late Delivery
RET202472,ORD019318,Late Delivery
RET202473,ORD019323,Changed Mind
RET202474,ORD019339,Late Delivery
RET202475,ORD019341,Late Delivery
RET202476,ORD019343,Late Delivery
RET202477,ORD019344,Late Delivery
RET202478,ORD019350,Late Delivery
RET202479,ORD019362,Late Delivery
RET202480,ORD019367,Late Delivery
RET202481,ORD019369,Late Delivery
RET202482,ORD019374,Late Delivery
RET202483,ORD019382,Late Delivery
RET202484,ORD019389,Late Delivery
RET202485,ORD019413,Late Delivery
RET202486,ORD019419,Changed Mind
RET202487,ORD019424,Late Delivery
RET202488,ORD019428,Late Delivery
RET202489,ORD019433,Late Delivery
RET202490,ORD019439,Late Delivery
RET202491,ORD019442,Late Delivery
RET202492,ORD019446,Late Delivery
RET202493,ORD019469,Late Delivery
RET202494,ORD019473,Late Delivery
RET202495,ORD019477,Late Delivery
RET202496,ORD019486,Defective
RET202497,ORD019490,Defective
RET202498,ORD019502,Changed Mind
RET202499,ORD019509,Late Delivery
RET202500,ORD019524,Late Delivery
RET202501,ORD019525,Late Delivery
RET202502,ORD019537,Late Delivery
RET202503,ORD019539,Late Delivery
RET202504,ORD019541,Changed Mind
RET202505,ORD019551,Defective
RET202506,ORD019552,Defective
RET202507,ORD019558,Late Delivery
RET202508,ORD019560,Late Delivery
RET202509,ORD019567,Late Delivery
RET202510,ORD019569,Late Delivery
RET202511,ORD019579,Late Delivery
RET202512,ORD019580,Late Delivery
RET202513,ORD019601,Late Delivery
RET202514,ORD019616,Late Delivery
RET202515,ORD019622,Changed Mind
RET202516,ORD019633,Wrong Item
RET202517,ORD019652,Late Delivery
RET202518,ORD019657,Wrong Item
RET202519,ORD019659,Late Delivery
RET202520,ORD019663,Late Delivery
RET202521,ORD019672,Late Delivery
RET202522,ORD019675,Late Delivery
RET202523,ORD019677,Late Delivery
RET202524,ORD019678,Late Delivery
RET202525,ORD019691,Late Delivery
RET202526,ORD019701,Late Delivery
RET202527,ORD019703,Late Delivery
RET202528,ORD019704,Late Delivery
RET202529,ORD019713,Late Delivery
RET202530,ORD019727,Late Delivery
RET202531,ORD019728,Late Delivery
RET202532,ORD019738,Late Delivery
RET202533,ORD019749,Late Delivery
RET202534,ORD019754,Late Delivery
RET202535,ORD019756,Late Delivery
RET202536,ORD019757,Late Delivery
RET202537,ORD019762,Late Delivery
RET202538,ORD019775,Late Delivery
RET202539,ORD019799,Late Delivery
RET202540,ORD019802,Late Delivery
RET202541,ORD019806,Wrong Item
RET202542,ORD019828,Late Delivery
RET202543,ORD019832,Late Delivery
RET202544,ORD019841,Late Delivery
RET202545,ORD019844,Late Delivery
RET202546,ORD019871,Late Delivery
RET202547,ORD019877,Late Delivery
RET202548,ORD019887,Late Delivery
RET202549,ORD019891,Defective
RET202550,ORD019892,Late Delivery
RET202551,ORD019897,Late Delivery
RET202552,ORD019898,Late Delivery
RET202553,ORD019908,Late Delivery
RET202554,ORD019909,Late Delivery
RET202555,ORD019916,Late Delivery
RET202556,ORD019918,Defective
RET202557,ORD019921,Late Delivery
RET202558,ORD019922,Late Delivery
RET202559,ORD019946,Late Delivery
RET202560,ORD019949,Defective
RET202561,ORD019950,Late Delivery
RET202562,ORD019957,Late Delivery
RET202563,ORD019989,Late Delivery
RET202564,ORD019995,Wrong Item
RET202565,ORD019997,Late Delivery
RET202566,ORD019999,Late Delivery
RET202567,ORD020002,Late Delivery
RET202568,ORD020005,Late Delivery
RET202569,ORD020018,Late Delivery
RET202570,ORD020042,Late Delivery
RET202571,ORD020053,Late Delivery
RET202572,ORD020069,Late Delivery
RET202573,ORD020070,Late Delivery
RET202574,ORD020073,Late Delivery
RET202575,ORD020080,Late Delivery
RET202576,ORD020101,Late Delivery
RET202577,ORD020114,Late Delivery
RET202578,ORD020118,Late Delivery
RET202579,ORD020132,Late Delivery
RET202580,ORD020155,Defective
RET202581,ORD020160,Late Delivery
RET202582,ORD020161,Late Delivery
RET202583,ORD020167,Late Delivery
RET202584,ORD020168,Late Delivery
RET202585,ORD020170,Late Delivery
RET202586,ORD020172,Late Delivery
RET202587,ORD020196,Late Delivery
RET202588,ORD020201,Defective
RET202589,ORD020202,Changed Mind
RET202590,ORD020203,Late Delivery
RET202591,ORD020208,Late Delivery
RET202592,ORD020209,Late Delivery
RET202593,ORD020218,Late Delivery
RET202594,ORD020225,Late Delivery
RET202595,ORD020229,Late Delivery
RET202596,ORD020239,Late Delivery
RET202597,ORD020241,Late Delivery
RET202598,ORD020250,Late Delivery
RET202599,ORD020263,Late Delivery
RET202600,ORD020266,Late Delivery
RET202601,ORD020275,Late Delivery
RET202602,ORD020295,Late Delivery
RET202603,ORD020296,Late Delivery
RET202604,ORD020319,Late Delivery
RET202605,ORD020336,Late Delivery
RET202606,ORD020353,Late Delivery
RET202607,ORD020356,Late Delivery
RET202608,ORD020373,Late Delivery
RET202609,ORD020378,Late Delivery
RET202610,ORD020382,Late Delivery
RET202611,ORD020387,Late Delivery
RET202612,ORD020395,Late Delivery
RET202613,ORD020398,Late Delivery
RET202614,ORD020413,Late Delivery
RET202615,ORD020422,Late Delivery
RET202616,ORD020423,Defective
RET202617,ORD020446,Late Delivery
RET202618,ORD020452,Late Delivery
RET202619,ORD020466,Late Delivery
RET202620,ORD020470,Late Delivery
RET202621,ORD020489,Late Delivery
RET202622,ORD020518,Late Delivery
RET202623,ORD020520,Late Delivery
RET202624,ORD020525,Defective
RET202625,ORD020530,Wrong Item
RET202626,ORD020538,Late Delivery
RET202627,ORD020545,Late Delivery
RET202628,ORD020554,Late Delivery
RET202629,ORD020560,Late Delivery
RET202630,ORD020565,Late Delivery
RET202631,ORD020568,Late Delivery
RET202632,ORD020576,Late Delivery
RET202633,ORD020591,Late Delivery
RET202634,ORD020594,Late Delivery
RET202635,ORD020599,Late Delivery
RET202636,ORD020622,Late Delivery
RET202637,ORD020623,Changed Mind
RET202638,ORD020639,Late Delivery
RET202639,ORD020640,Late Delivery
RET202640,ORD020655,Changed Mind
RET202641,ORD020671,Late Delivery
RET202642,ORD020682,Late Delivery
RET202643,ORD020687,Late Delivery
RET202644,ORD020688,Late Delivery
RET202645,ORD020690,Late Delivery
RET202646,ORD020714,Late Delivery
RET202647,ORD020718,Defective
RET202648,ORD020722,Late Delivery
RET202649,ORD020727,Defective
RET202650,ORD020732,Late Delivery
RET202651,ORD020760,Late Delivery
RET202652,ORD020776,Late Delivery
RET202653,ORD020779,Late Delivery
RET202654,ORD020780,Late Delivery
RET202655,ORD020781,Late Delivery
RET202656,ORD020786,Late Delivery
RET202657,ORD020789,Late Delivery
RET202658,ORD020816,Late Delivery
RET202659,ORD020817,Late Delivery
RET202660,ORD020818,Late Delivery
RET202661,ORD020829,Late Delivery
RET202662,ORD020836,Late Delivery
RET202663,ORD020845,Late Delivery
RET202664,ORD020852,Wrong Item
RET202665,ORD020858,Late Delivery
RET202666,ORD020859,Late Delivery
RET202667,ORD020862,Late Delivery
RET202668,ORD020872,Late Delivery
RET202669,ORD020880,Late Delivery
RET202670,ORD020884,Late Delivery
RET202671,ORD020915,Late Delivery
RET202672,ORD020916,Late Delivery
RET202673,ORD020920,Late Delivery
RET202674,ORD020921,Late Delivery
RET202675,ORD020922,Late Delivery
RET202676,ORD020926,Late Delivery
RET202677,ORD020930,Wrong Item
RET202678,ORD020932,Late Delivery
RET202679,ORD020935,Late Delivery
RET202680,ORD020937,Wrong Item
RET202681,ORD020943,Late Delivery
RET202682,ORD020964,Late Delivery
RET202683,ORD020968,Late Delivery
RET202684,ORD020977,Late Delivery
RET202685,ORD020978,Late Delivery
RET202686,ORD021008,Late Delivery
RET202687,ORD021015,Late Delivery
RET202688,ORD021025,Late Delivery
RET202689,ORD021029,Wrong Item
RET202690,ORD021044,Late Delivery
RET202691,ORD021047,Wrong Item
RET202692,ORD021053,Late Delivery
RET202693,ORD021057,Late Delivery
RET202694,ORD021058,Late Delivery
RET202695,ORD021063,Late Delivery
RET202696,ORD021072,Late Delivery
RET202697,ORD021077,Late Delivery
RET202698,ORD021090,Late Delivery
RET202699,ORD021093,Late Delivery
RET202700,ORD021095,Wrong Item
RET202701,ORD021103,Late Delivery
RET202702,ORD021104,Changed Mind
RET202703,ORD021116,Late Delivery
RET202704,ORD021118,Late Delivery
RET202705,ORD021128,Wrong Item
RET202706,ORD021139,Late Delivery
RET202707,ORD021142,Late Delivery
RET202708,ORD021151,Wrong Item
RET202709,ORD021154,Wrong Item
RET202710,ORD021156,Late Delivery
RET202711,ORD021160,Late Delivery
RET202712,ORD021163,Late Delivery
RET202713,ORD021165,Wrong Item
RET202714,ORD021182,Late Delivery
RET202715,ORD021185,Late Delivery
RET202716,ORD021203,Late Delivery
RET202717,ORD021213,Late Delivery
RET202718,ORD021218,Late Delivery
RET202719,ORD021222,Late Delivery
RET202720,ORD021237,Late Delivery
RET202721,ORD021238,Changed Mind
RET202722,ORD021240,Late Delivery
RET202723,ORD021241,Late Delivery
RET202724,ORD021256,Late Delivery
RET202725,ORD021269,Late Delivery
RET202726,ORD021279,Late Delivery
RET202727,ORD021289,Late Delivery
RET202728,ORD021293,Late Delivery
RET202729,ORD021296,Late Delivery
RET202730,ORD021300,Changed Mind
RET202731,ORD021315,Late Delivery
RET202732,ORD021316,Late Delivery
RET202733,ORD021322,Late Delivery
RET202734,ORD021330,Defective
RET202735,ORD021344,Late Delivery
RET202736,ORD021345,Late Delivery
RET202737,ORD021347,Late Delivery
RET202738,ORD021355,Late Delivery
RET202739,ORD021361,Late Delivery
RET202740,ORD021379,Changed Mind
RET202741,ORD021388,Late Delivery
RET202742,ORD021390,Changed Mind
RET202743,ORD021430,Late Delivery
RET202744,ORD021434,Late Delivery
RET202745,ORD021438,Late Delivery
RET202746,ORD021443,Late Delivery
RET202747,ORD021457,Late Delivery
RET202748,ORD021475,Late Delivery
RET202749,ORD021485,Late Delivery
RET202750,ORD021487,Late Delivery
RET202751,ORD021491,Late Delivery
RET202752,ORD021499,Late Delivery
RET202753,ORD021500,Wrong Item
RET202754,ORD021502,Late Delivery
RET202755,ORD021509,Late Delivery
RET202756,ORD021518,Late Delivery
RET202757,ORD021529,Late Delivery
RET202758,ORD021539,Late Delivery
RET202759,ORD021543,Late Delivery
RET202760,ORD021549,Wrong Item
RET202761,ORD021552,Late Delivery
RET202762,ORD021569,Late Delivery
RET202763,ORD021572,Late Delivery
RET202764,ORD021586,Late Delivery
RET202765,ORD021601,Late Delivery
RET202766,ORD021602,Late Delivery
RET202767,ORD021609,Late Delivery
RET202768,ORD021621,Late Delivery
RET202769,ORD021626,Late Delivery
RET202770,ORD021643,Late Delivery
RET202771,ORD021644,Late Delivery
RET202772,ORD021645,Late Delivery
RET202773,ORD021672,Late Delivery
RET202774,ORD021673,Late Delivery
RET202775,ORD021674,Late Delivery
RET202776,ORD021675,Late Delivery
RET202777,ORD021685,Late Delivery
RET202778,ORD021690,Changed Mind
RET202779,ORD021699,Late Delivery
RET202780,ORD021719,Late Delivery
RET202781,ORD021736,Defective
RET202782,ORD021759,Late Delivery
RET202783,ORD021764,Late Delivery
RET202784,ORD021765,Defective
RET202785,ORD021766,Late Delivery
RET202786,ORD021767,Late Delivery
RET202787,ORD021769,Late Delivery
RET202788,ORD021775,Late Delivery
RET202789,ORD021783,Late Delivery
RET202790,ORD021784,Late Delivery
RET202791,ORD021786,Late Delivery
RET202792,ORD021790,Late Delivery
RET202793,ORD021797,Late Delivery
RET202794,ORD021808,Late Delivery
RET202795,ORD021817,Late Delivery
RET202796,ORD021818,Late Delivery
RET202797,ORD021828,Late Delivery
RET202798,ORD021834,Late Delivery
RET202799,ORD021839,Late Delivery
RET202800,ORD021847,Late Delivery
RET202801,ORD021853,Late Delivery
RET202802,ORD021857,Late Delivery
RET202803,ORD021863,Wrong Item
RET202804,ORD021877,Late Delivery
RET202805,ORD021881,Late Delivery
RET202806,ORD021901,Wrong Item
RET202807,ORD021903,Late Delivery
RET202808,ORD021910,Late Delivery
RET202809,ORD021919,Late Delivery
RET202810,ORD021933,Wrong Item
RET202811,ORD021938,Wrong Item
RET202812,ORD021950,Late Delivery
RET202813,ORD021955,Late Delivery
RET202814,ORD021973,Late Delivery
RET202815,ORD021976,Late Delivery
RET202816,ORD021977,Late Delivery
RET202817,ORD021978,Late Delivery
RET202818,ORD021992,Changed Mind
RET202819,ORD022005,Late Delivery
RET202820,ORD022006,Changed Mind
RET202821,ORD022008,Late Delivery
RET202822,ORD022016,Late Delivery
RET202823,ORD022018,Late Delivery
RET202824,ORD022024,Late Delivery
RET202825,ORD022047,Changed Mind
RET202826,ORD022074,Late Delivery
RET202827,ORD022079,Late Delivery
RET202828,ORD022083,Late Delivery
RET202829,ORD022094,Late Delivery
RET202830,ORD022105,Late Delivery
RET202831,ORD022113,Late Delivery
RET202832,ORD022130,Late Delivery
RET202833,ORD022141,Late Delivery
RET202834,ORD022148,Late Delivery
RET202835,ORD022150,Late Delivery
RET202836,ORD022152,Late Delivery
RET202837,ORD022163,Wrong Item
RET202838,ORD022166,Changed Mind
RET202839,ORD022180,Late Delivery
RET202840,ORD022195,Late Delivery
RET202841,ORD022242,Late Delivery
RET202842,ORD022243,Late Delivery
RET202843,ORD022244,Late Delivery
RET202844,ORD022246,Late Delivery
RET202845,ORD022254,Late Delivery
RET202846,ORD022266,Late Delivery
RET202847,ORD022270,Late Delivery
RET202848,ORD022284,Late Delivery
RET202849,ORD022291,Late Delivery
RET202850,ORD022294,Late Delivery
RET202851,ORD022306,Late Delivery
RET202852,ORD022314,Late Delivery
RET202853,ORD022319,Late Delivery
RET202854,ORD022324,Late Delivery
RET202855,ORD022333,Late Delivery
RET202856,ORD022353,Wrong Item
RET202857,ORD022357,Defective
RET202858,ORD022359,Late Delivery
RET202859,ORD022364,Late Delivery
RET202860,ORD022366,Late Delivery
RET202861,ORD022368,Late Delivery
RET202862,ORD022370,Defective
RET202863,ORD022401,Late Delivery
RET202864,ORD022408,Late Delivery
RET202865,ORD022428,Late Delivery
RET202866,ORD022442,Late Delivery
RET202867,ORD022444,Wrong Item
RET202868,ORD022445,Late Delivery
RET202869,ORD022450,Late Delivery
RET202870,ORD022473,Defective
RET202871,ORD022526,Late Delivery
RET202872,ORD022540,Late Delivery
RET202873,ORD022553,Changed Mind
RET202874,ORD022562,Late Delivery
RET202875,ORD022570,Late Delivery
RET202876,ORD022579,Wrong Item
RET202877,ORD022580,Late Delivery
RET202878,ORD022588,Late Delivery
RET202879,ORD022591,Late Delivery
RET202880,ORD022597,Late Delivery
RET202881,ORD022598,Late Delivery
RET202882,ORD022608,Late Delivery
RET202883,ORD022610,Late Delivery
RET202884,ORD022615,Late Delivery
RET202885,ORD022624,Late Delivery
RET202886,ORD022625,Late Delivery
RET202887,ORD022631,Late Delivery
RET202888,ORD022632,Late Delivery
RET202889,ORD022633,Late Delivery
RET202890,ORD022646,Late Delivery
RET202891,ORD022648,Late Delivery
RET202892,ORD022649,Late Delivery
RET202893,ORD022661,Late Delivery
RET202894,ORD022665,Late Delivery
RET202895,ORD022681,Late Delivery
RET202896,ORD022685,Late Delivery
RET202897,ORD022688,Late Delivery
RET202898,ORD022725,Late Delivery
RET202899,ORD022727,Late Delivery
RET202900,ORD022737,Late Delivery
RET202901,ORD022749,Late Delivery
RET202902,ORD022750,Late Delivery
RET202903,ORD022765,Late Delivery
RET202904,ORD022766,Late Delivery
RET202905,ORD022767,Late Delivery
RET202906,ORD022779,Changed Mind
RET202907,ORD022797,Late Delivery
RET202908,ORD022816,Late Delivery
RET202909,ORD022826,Late Delivery
RET202910,ORD022830,Late Delivery
RET202911,ORD022831,Late Delivery
RET202912,ORD022833,Wrong Item
RET202913,ORD022834,Late Delivery
RET202914,ORD022846,Late Delivery
RET202915,ORD022852,Late Delivery
RET202916,ORD022859,Late Delivery
RET202917,ORD022862,Late Delivery
RET202918,ORD022866,Late Delivery
RET202919,ORD022872,Wrong Item
RET202920,ORD022874,Late Delivery
RET202921,ORD022876,Wrong Item
RET202922,ORD022882,Late Delivery
RET202923,ORD022885,Late Delivery
RET202924,ORD022886,Defective
RET202925,ORD022888,Late Delivery
RET202926,ORD022905,Late Delivery
RET202927,ORD022909,Late Delivery
RET202928,ORD022910,Late Delivery
RET202929,ORD022916,Late Delivery
RET202930,ORD022924,Changed Mind
RET202931,ORD022944,Late Delivery
RET202932,ORD022956,Late Delivery
RET202933,ORD022957,Late Delivery
RET202934,ORD022964,Late Delivery
RET202935,ORD022971,Late Delivery
RET202936,ORD022974,Late Delivery
RET202937,ORD022976,Late Delivery
RET202938,ORD022981,Late Delivery
RET202939,ORD022987,Changed Mind
RET202940,ORD023015,Late Delivery
RET202941,ORD023016,Late Delivery
RET202942,ORD023022,Late Delivery
RET202943,ORD023025,Late Delivery
RET202944,ORD023035,Late Delivery
RET202945,ORD023043,Late Delivery
RET202946,ORD023052,Late Delivery
RET202947,ORD023053,Late Delivery
RET202948,ORD023063,Wrong Item
RET202949,ORD023073,Late Delivery
RET202950,ORD023093,Late Delivery
RET202951,ORD023108,Late Delivery
RET202952,ORD023134,Defective
RET202953,ORD023137,Late Delivery
RET202954,ORD023140,Late Delivery
RET202955,ORD023146,Late Delivery
RET202956,ORD023149,Late Delivery
RET202957,ORD023159,Late Delivery
RET202958,ORD023165,Late Delivery
RET202959,ORD023170,Wrong Item
RET202960,ORD023172,Defective
RET202961,ORD023175,Late Delivery
RET202962,ORD023182,Late Delivery
RET202963,ORD023184,Late Delivery
RET202964,ORD023192,Late Delivery
RET202965,ORD023197,Late Delivery
RET202966,ORD023198,Late Delivery
RET202967,ORD023217,Late Delivery
RET202968,ORD023232,Late Delivery
RET202969,ORD023236,Defective
RET202970,ORD023243,Late Delivery
RET202971,ORD023247,Late Delivery
RET202972,ORD023268,Late Delivery
RET202973,ORD023278,Late Delivery
RET202974,ORD023286,Late Delivery
RET202975,ORD023295,Late Delivery
RET202976,ORD023301,Late Delivery
RET202977,ORD023312,Late Delivery
RET202978,ORD023317,Late Delivery
RET202979,ORD023320,Late Delivery
RET202980,ORD023324,Late Delivery
RET202981,ORD023336,Late Delivery
RET202982,ORD023355,Defective
RET202983,ORD023366,Late Delivery
RET202984,ORD023371,Late Delivery
RET202985,ORD023377,Late Delivery
RET202986,ORD023382,Late Delivery
RET202987,ORD023384,Late Delivery
RET202988,ORD023389,Late Delivery
RET202989,ORD023393,Late Delivery
RET202990,ORD023398,Late Delivery
RET202991,ORD023412,Late Delivery
RET202992,ORD023428,Late Delivery
RET202993,ORD023447,Defective
RET202994,ORD023453,Late Delivery
RET202995,ORD023455,Late Delivery
RET202996,ORD023456,Late Delivery
RET202997,ORD023458,Late Delivery
RET202998,ORD023459,Late Delivery
RET202999,ORD023462,Late Delivery
RET203000,ORD023465,Changed Mind
RET203001,ORD023468,Late Delivery
RET203002,ORD023477,Late Delivery
RET203003,ORD023483,Late Delivery
RET203004,ORD023496,Late Delivery
RET203005,ORD023511,Late Delivery
RET203006,ORD023512,Defective
RET203007,ORD023519,Late Delivery
RET203008,ORD023520,Defective
RET203009,ORD023522,Late Delivery
RET203010,ORD023527,Defective
RET203011,ORD023534,Late Delivery
RET203012,ORD023536,Late Delivery
RET203013,ORD023538,Late Delivery
RET203014,ORD023539,Late Delivery
RET203015,ORD023563,Late Delivery
RET203016,ORD023572,Late Delivery
RET203017,ORD023577,Late Delivery
RET203018,ORD023598,Wrong Item
RET203019,ORD023603,Defective
RET203020,ORD023606,Late Delivery
RET203021,ORD023617,Late Delivery
RET203022,ORD023630,Late Delivery
RET203023,ORD023632,Late Delivery
RET203024,ORD023641,Late Delivery
RET203025,ORD023655,Wrong Item
RET203026,ORD023660,Late Delivery
RET203027,ORD023661,Late Delivery
RET203028,ORD023665,Late Delivery
RET203029,ORD023670,Late Delivery
RET203030,ORD023676,Late Delivery
RET203031,ORD023683,Late Delivery
RET203032,ORD023687,Late Delivery
RET203033,ORD023690,Late Delivery
RET203034,ORD023691,Wrong Item
RET203035,ORD023693,Defective
RET203036,ORD023711,Late Delivery
RET203037,ORD023714,Late Delivery
RET203038,ORD023715,Late Delivery
RET203039,ORD023716,Late Delivery
RET203040,ORD023724,Late Delivery
RET203041,ORD023725,Late Delivery
RET203042,ORD023729,Late Delivery
RET203043,ORD023733,Late Delivery
RET203044,ORD023735,Late Delivery
RET203045,ORD023740,Late Delivery
RET203046,ORD023745,Late Delivery
RET203047,ORD023758,Late Delivery
RET203048,ORD023762,Wrong Item
RET203049,ORD023764,Late Delivery
RET203050,ORD023778,Late Delivery
RET203051,ORD023806,Late Delivery
RET203052,ORD023821,Late Delivery
RET203053,ORD023828,Late Delivery
RET203054,ORD023837,Defective
RET203055,ORD023840,Late Delivery
RET203056,ORD023857,Late Delivery
RET203057,ORD023858,Late Delivery
RET203058,ORD023861,Late Delivery
RET203059,ORD023869,Late Delivery
RET203060,ORD023896,Late Delivery
RET203061,ORD023914,Late Delivery
RET203062,ORD023938,Changed Mind
RET203063,ORD023942,Late Delivery
RET203064,ORD023945,Late Delivery
RET203065,ORD023951,Late Delivery
RET203066,ORD023958,Late Delivery
RET203067,ORD023959,Late Delivery
RET203068,ORD023961,Late Delivery
RET203069,ORD023963,Late Delivery
RET203070,ORD023965,Late Delivery
RET203071,ORD023967,Late Delivery
RET203072,ORD023976,Late Delivery
RET203073,ORD023987,Late Delivery
RET203074,ORD023991,Late Delivery
RET203075,ORD023992,Late Delivery
RET203076,ORD024000,Defective
RET203077,ORD024006,Late Delivery
RET203078,ORD024009,Late Delivery
RET203079,ORD024021,Late Delivery
RET203080,ORD024030,Late Delivery
RET203081,ORD024042,Late Delivery
RET203082,ORD024095,Changed Mind
RET203083,ORD024096,Defective
RET203084,ORD024103,Late Delivery
RET203085,ORD024104,Late Delivery
RET203086,ORD024108,Wrong Item
RET203087,ORD024126,Changed Mind
RET203088,ORD024127,Late Delivery
RET203089,ORD024128,Wrong Item
RET203090,ORD024139,Late Delivery
RET203091,ORD024145,Late Delivery
RET203092,ORD024146,Late Delivery
RET203093,ORD024148,Defective
RET203094,ORD024168,Late Delivery
RET203095,ORD024186,Late Delivery
RET203096,ORD024188,Late Delivery
RET203097,ORD024191,Late Delivery
RET203098,ORD024198,Late Delivery
RET203099,ORD024200,Late Delivery
RET203100,ORD024207,Late Delivery
RET203101,ORD024223,Late Delivery
RET203102,ORD024224,Late Delivery
RET203103,ORD024250,Late Delivery
RET203104,ORD024257,Late Delivery
RET203105,ORD024275,Late Delivery
RET203106,ORD024278,Late Delivery
RET203107,ORD024284,Late Delivery
RET203108,ORD024290,Late Delivery
RET203109,ORD024301,Late Delivery
RET203110,ORD024302,Late Delivery
RET203111,ORD024312,Late Delivery
RET203112,ORD024316,Late Delivery
RET203113,ORD024317,Late Delivery
RET203114,ORD024319,Late Delivery
RET203115,ORD024330,Late Delivery
RET203116,ORD024341,Late Delivery
RET203117,ORD024346,Late Delivery
RET203118,ORD024366,Late Delivery
RET203119,ORD024380,Late Delivery
RET203120,ORD024392,Late Delivery
RET203121,ORD024395,Late Delivery
RET203122,ORD024398,Late Delivery
RET203123,ORD024402,Late Delivery
RET203124,ORD024405,Late Delivery
RET203125,ORD024408,Late Delivery
RET203126,ORD024414,Late Delivery
RET203127,ORD024426,Late Delivery
RET203128,ORD024427,Late Delivery
RET203129,ORD024433,Late Delivery
RET203130,ORD024434,Late Delivery
RET203131,ORD024452,Late Delivery
RET203132,ORD024453,Late Delivery
RET203133,ORD024455,Defective
RET203134,ORD024464,Late Delivery
RET203135,ORD024476,Late Delivery
RET203136,ORD024488,Late Delivery
RET203137,ORD024489,Late Delivery
RET203138,ORD024497,Late Delivery
RET203139,ORD024506,Late Delivery
RET203140,ORD024513,Late Delivery
RET203141,ORD024520,Late Delivery
RET203142,ORD024533,Late Delivery
RET203143,ORD024539,Late Delivery
RET203144,ORD024570,Late Delivery
RET203145,ORD024571,Changed Mind
RET203146,ORD024574,Late Delivery
RET203147,ORD024575,Late Delivery
RET203148,ORD024580,Late Delivery
RET203149,ORD024584,Wrong Item
RET203150,ORD024585,Late Delivery
RET203151,ORD024594,Defective
RET203152,ORD024598,Late Delivery
RET203153,ORD024601,Late Delivery
RET203154,ORD024612,Late Delivery
RET203155,ORD024613,Defective
RET203156,ORD024632,Late Delivery
RET203157,ORD024650,Changed Mind
RET203158,ORD024655,Late Delivery
RET203159,ORD024662,Late Delivery
RET203160,ORD024671,Late Delivery
RET203161,ORD024678,Late Delivery
RET203162,ORD024682,Late Delivery
RET203163,ORD024692,Late Delivery
RET203164,ORD024693,Late Delivery
RET203165,ORD024697,Late Delivery
RET203166,ORD024709,Late Delivery
RET203167,ORD024715,Changed Mind
RET203168,ORD024771,Late Delivery
RET203169,ORD024774,Late Delivery
RET203170,ORD024787,Late Delivery
RET203171,ORD024793,Late Delivery
RET203172,ORD024794,Late Delivery
RET203173,ORD024798,Late Delivery
RET203174,ORD024806,Late Delivery
RET203175,ORD024816,Late Delivery
RET203176,ORD024832,Late Delivery
RET203177,ORD024834,Late Delivery
RET203178,ORD024841,Late Delivery
RET203179,ORD024844,Late Delivery
RET203180,ORD024845,Late Delivery
RET203181,ORD024853,Late Delivery
RET203182,ORD024855,Changed Mind
RET203183,ORD024856,Late Delivery
RET203184,ORD024886,Defective
RET203185,ORD024896,Late Delivery
RET203186,ORD024916,Late Delivery
RET203187,ORD024938,Late Delivery
RET203188,ORD024942,Late Delivery
RET203189,ORD024956,Late Delivery
RET203190,ORD024959,Late Delivery
RET203191,ORD024966,Late Delivery
RET203192,ORD025005,Late Delivery
RET203193,ORD025010,Late Delivery
RET203194,ORD025043,Late Delivery
RET203195,ORD025047,Late Delivery
RET203196,ORD025078,Late Delivery
RET203197,ORD025084,Late Delivery
RET203198,ORD025088,Late Delivery
RET203199,ORD025107,Late Delivery
RET203200,ORD025112,Late Delivery
RET203201,ORD025116,Late Delivery
RET203202,ORD025118,Late Delivery
RET203203,ORD025134,Late Delivery
RET203204,ORD025146,Late Delivery
RET203205,ORD025153,Late Delivery
RET203206,ORD025160,Late Delivery
RET203207,ORD025162,Late Delivery
RET203208,ORD025170,Late Delivery
RET203209,ORD025185,Late Delivery
RET203210,ORD025196,Late Delivery
RET203211,ORD025201,Late Delivery
RET203212,ORD025210,Late Delivery
RET203213,ORD025228,Late Delivery
RET203214,ORD025237,Late Delivery
RET203215,ORD025239,Late Delivery
RET203216,ORD025276,Late Delivery
RET203217,ORD025286,Late Delivery
RET203218,ORD025293,Late Delivery
RET203219,ORD025299,Late Delivery
RET203220,ORD025300,Late Delivery
RET203221,ORD025301,Defective
RET203222,ORD025307,Late Delivery
RET203223,ORD025308,Defective
RET203224,ORD025309,Late Delivery
RET203225,ORD025321,Late Delivery
RET203226,ORD025340,Late Delivery
RET203227,ORD025349,Late Delivery
RET203228,ORD025363,Changed Mind
RET203229,ORD025364,Late Delivery
RET203230,ORD025375,Late Delivery
RET203231,ORD025376,Late Delivery
RET203232,ORD025381,Late Delivery
RET203233,ORD025388,Late Delivery
RET203234,ORD025390,Late Delivery
RET203235,ORD025408,Late Delivery
RET203236,ORD025415,Late Delivery
RET203237,ORD025449,Late Delivery
RET203238,ORD025452,Late Delivery
RET203239,ORD025475,Wrong Item
RET203240,ORD025478,Late Delivery
RET203241,ORD025485,Late Delivery
RET203242,ORD025497,Late Delivery
RET203243,ORD025503,Late Delivery
RET203244,ORD025505,Late Delivery
RET203245,ORD025514,Late Delivery
RET203246,ORD025515,Late Delivery
RET203247,ORD025518,Late Delivery
RET203248,ORD025525,Defective
RET203249,ORD025530,Late Delivery
RET203250,ORD025548,Late Delivery
RET203251,ORD025549,Late Delivery
RET203252,ORD025551,Late Delivery
RET203253,ORD025552,Late Delivery
RET203254,ORD025555,Late Delivery
RET203255,ORD025560,Late Delivery
RET203256,ORD025566,Late Delivery
RET203257,ORD025567,Late Delivery
RET203258,ORD025575,Late Delivery
RET203259,ORD025576,Late Delivery
RET203260,ORD025583,Late Delivery
RET203261,ORD025600,Late Delivery
RET203262,ORD025611,Late Delivery
RET203263,ORD025615,Late Delivery
RET203264,ORD025638,Late Delivery
RET203265,ORD025641,Defective
RET203266,ORD025642,Late Delivery
RET203267,ORD025645,Late Delivery
RET203268,ORD025646,Late Delivery
RET203269,ORD025650,Late Delivery
RET203270,ORD025667,Late Delivery
RET203271,ORD025672,Late Delivery
RET203272,ORD025675,Late Delivery
RET203273,ORD025679,Late Delivery
RET203274,ORD025680,Late Delivery
RET203275,ORD025688,Late Delivery
RET203276,ORD025707,Wrong Item
RET203277,ORD025712,Late Delivery
RET203278,ORD025716,Late Delivery
RET203279,ORD025720,Late Delivery
RET203280,ORD025729,Late Delivery
RET203281,ORD025736,Late Delivery
RET203282,ORD025737,Defective
RET203283,ORD025740,Late Delivery
RET203284,ORD025742,Late Delivery
RET203285,ORD025745,Late Delivery
RET203286,ORD025750,Late Delivery
RET203287,ORD025755,Late Delivery
RET203288,ORD025758,Late Delivery
RET203289,ORD025765,Wrong Item
RET203290,ORD025768,Late Delivery
RET203291,ORD025772,Late Delivery
RET203292,ORD025783,Late Delivery
RET203293,ORD025787,Late Delivery
RET203294,ORD025791,Late Delivery
RET203295,ORD025797,Wrong Item
RET203296,ORD025801,Late Delivery
RET203297,ORD025815,Late Delivery
RET203298,ORD025829,Late Delivery
RET203299,ORD025830,Late Delivery
RET203300,ORD025835,Late Delivery
RET203301,ORD025838,Late Delivery
RET203302,ORD025841,Late Delivery
RET203303,ORD025842,Late Delivery
RET203304,ORD025846,Late Delivery
RET203305,ORD025856,Late Delivery
RET203306,ORD025864,Late Delivery
RET203307,ORD025865,Late Delivery
RET203308,ORD025882,Late Delivery
RET203309,ORD025884,Late Delivery
RET203310,ORD025899,Late Delivery
RET203311,ORD025900,Late Delivery
RET203312,ORD025904,Late Delivery
RET203313,ORD025936,Late Delivery
RET203314,ORD025937,Late Delivery
RET203315,ORD025943,Late Delivery
RET203316,ORD025953,Late Delivery
RET203317,ORD025957,Late Delivery
RET203318,ORD025962,Late Delivery
RET203319,ORD025977,Late Delivery
RET203320,ORD025986,Late Delivery
RET203321,ORD026006,Wrong Item
RET203322,ORD026033,Late Delivery
RET203323,ORD026046,Late Delivery
RET203324,ORD026048,Late Delivery
RET203325,ORD026054,Late Delivery
RET203326,ORD026063,Late Delivery
RET203327,ORD026064,Late Delivery
RET203328,ORD026072,Late Delivery
RET203329,ORD026077,Late Delivery
RET203330,ORD026094,Late Delivery
RET203331,ORD026111,Late Delivery
RET203332,ORD026119,Late Delivery
RET203333,ORD026132,Late Delivery
RET203334,ORD026133,Late Delivery
RET203335,ORD026144,Late Delivery
RET203336,ORD026181,Late Delivery
RET203337,ORD026188,Late Delivery
RET203338,ORD026195,Late Delivery
RET203339,ORD026202,Late Delivery
RET203340,ORD026203,Late Delivery
RET203341,ORD026206,Late Delivery
RET203342,ORD026223,Changed Mind
RET203343,ORD026224,Late Delivery
RET203344,ORD026241,Late Delivery
RET203345,ORD026251,Late Delivery
RET203346,ORD026260,Wrong Item
RET203347,ORD026261,Late Delivery
RET203348,ORD026287,Late Delivery
RET203349,ORD026289,Late Delivery
RET203350,ORD026300,Late Delivery
RET203351,ORD026304,Late Delivery
RET203352,ORD026318,Late Delivery
RET203353,ORD026331,Late Delivery
RET203354,ORD026333,Late Delivery
RET203355,ORD026348,Late Delivery
RET203356,ORD026349,Late Delivery
RET203357,ORD026351,Late Delivery
RET203358,ORD026356,Late Delivery
RET203359,ORD026364,Late Delivery
RET203360,ORD026370,Late Delivery
RET203361,ORD026371,Late Delivery
RET203362,ORD026376,Late Delivery
RET203363,ORD026418,Late Delivery
RET203364,ORD026428,Late Delivery
RET203365,ORD026429,Late Delivery
RET203366,ORD026461,Late Delivery
RET203367,ORD026474,Late Delivery
RET203368,ORD026480,Late Delivery
RET203369,ORD026503,Wrong Item
RET203370,ORD026508,Late Delivery
RET203371,ORD026510,Late Delivery
RET203372,ORD026515,Late Delivery
RET203373,ORD026518,Late Delivery
RET203374,ORD026532,Defective
RET203375,ORD026533,Late Delivery
RET203376,ORD026536,Late Delivery
RET203377,ORD026537,Wrong Item
RET203378,ORD026551,Late Delivery
RET203379,ORD026585,Late Delivery
RET203380,ORD026586,Late Delivery
RET203381,ORD026597,Late Delivery
RET203382,ORD026602,Late Delivery
RET203383,ORD026606,Late Delivery
RET203384,ORD026610,Late Delivery
RET203385,ORD026621,Late Delivery
RET203386,ORD026625,Defective
RET203387,ORD026639,Late Delivery
RET203388,ORD026640,Late Delivery
RET203389,ORD026658,Late Delivery
RET203390,ORD026659,Late Delivery
RET203391,ORD026669,Late Delivery
RET203392,ORD026672,Wrong Item
RET203393,ORD026676,Late Delivery
RET203394,ORD026679,Late Delivery
RET203395,ORD026704,Late Delivery
RET203396,ORD026707,Late Delivery
RET203397,ORD026717,Late Delivery
RET203398,ORD026747,Late Delivery
RET203399,ORD026772,Late Delivery
RET203400,ORD026776,Changed Mind
RET203401,ORD026779,Late Delivery
RET203402,ORD026783,Late Delivery
RET203403,ORD026787,Changed Mind
RET203404,ORD026801,Defective
RET203405,ORD026802,Late Delivery
RET203406,ORD026804,Wrong Item
RET203407,ORD026826,Late Delivery
RET203408,ORD026828,Late Delivery
RET203409,ORD026834,Wrong Item
RET203410,ORD026836,Late Delivery
RET203411,ORD026837,Late Delivery
RET203412,ORD026858,Late Delivery
RET203413,ORD026868,Late Delivery
RET203414,ORD026869,Late Delivery
RET203415,ORD026870,Late Delivery
RET203416,ORD026879,Late Delivery
RET203417,ORD026888,Late Delivery
RET203418,ORD026905,Late Delivery
RET203419,ORD026907,Late Delivery
RET203420,ORD026910,Late Delivery
RET203421,ORD026912,Late Delivery
RET203422,ORD026914,Changed Mind
RET203423,ORD026923,Late Delivery
RET203424,ORD026926,Late Delivery
RET203425,ORD026929,Changed Mind
RET203426,ORD026945,Late Delivery
RET203427,ORD026946,Late Delivery
RET203428,ORD026963,Late Delivery
RET203429,ORD026970,Defective
RET203430,ORD026984,Late Delivery
RET203431,ORD026994,Wrong Item
RET203432,ORD027000,Late Delivery
RET203433,ORD027003,Late Delivery
RET203434,ORD027017,Late Delivery
RET203435,ORD027031,Late Delivery
RET203436,ORD027039,Late Delivery
RET203437,ORD027053,Late Delivery
RET203438,ORD027067,Defective
RET203439,ORD027073,Wrong Item
RET203440,ORD027075,Late Delivery
RET203441,ORD027078,Late Delivery
RET203442,ORD027079,Late Delivery
RET203443,ORD027083,Late Delivery
RET203444,ORD027096,Late Delivery
RET203445,ORD027102,Late Delivery
RET203446,ORD027105,Late Delivery
RET203447,ORD027106,Late Delivery
RET203448,ORD027143,Wrong Item
RET203449,ORD027146,Late Delivery
RET203450,ORD027151,Late Delivery
RET203451,ORD027154,Late Delivery
RET203452,ORD027155,Late Delivery
RET203453,ORD027158,Late Delivery
RET203454,ORD027179,Late Delivery
RET203455,ORD027197,Late Delivery
RET203456,ORD027201,Late Delivery
RET203457,ORD027209,Late Delivery
RET203458,ORD027218,Late Delivery
RET203459,ORD027233,Late Delivery
RET203460,ORD027237,Late Delivery
RET203461,ORD027238,Late Delivery
RET203462,ORD027245,Late Delivery
RET203463,ORD027253,Late Delivery
RET203464,ORD027263,Late Delivery
RET203465,ORD027278,Late Delivery
RET203466,ORD027281,Late Delivery
RET203467,ORD027282,Late Delivery
RET203468,ORD027284,Late Delivery
RET203469,ORD027296,Late Delivery
RET203470,ORD027310,Late Delivery
RET203471,ORD027323,Late Delivery
RET203472,ORD027327,Late Delivery
RET203473,ORD027330,Wrong Item
RET203474,ORD027333,Wrong Item
RET203475,ORD027338,Late Delivery
RET203476,ORD027346,Late Delivery
RET203477,ORD027349,Late Delivery
RET203478,ORD027353,Late Delivery
RET203479,ORD027357,Late Delivery
RET203480,ORD027374,Late Delivery
RET203481,ORD027376,Late Delivery
RET203482,ORD027385,Late Delivery
RET203483,ORD027386,Late Delivery
RET203484,ORD027394,Late Delivery
RET203485,ORD027400,Late Delivery
RET203486,ORD027401,Changed Mind
RET203487,ORD027407,Late Delivery
RET203488,ORD027415,Late Delivery
RET203489,ORD027421,Late Delivery
RET203490,ORD027422,Late Delivery
RET203491,ORD027429,Late Delivery
RET203492,ORD027433,Late Delivery
RET203493,ORD027439,Late Delivery
RET203494,ORD027462,Late Delivery
RET203495,ORD027464,Late Delivery
RET203496,ORD027469,Late Delivery
RET203497,ORD027470,Late Delivery
RET203498,ORD027472,Late Delivery
RET203499,ORD027512,Late Delivery
RET203500,ORD027515,Late Delivery
RET203501,ORD027516,Late Delivery
RET203502,ORD027519,Late Delivery
RET203503,ORD027529,Late Delivery
RET203504,ORD027546,Late Delivery
RET203505,ORD027550,Late Delivery
RET203506,ORD027567,Late Delivery
RET203507,ORD027570,Defective
RET203508,ORD027573,Late Delivery
RET203509,ORD027575,Changed Mind
RET203510,ORD027577,Late Delivery
RET203511,ORD027590,Late Delivery
RET203512,ORD027594,Wrong Item
RET203513,ORD027597,Late Delivery
RET203514,ORD027602,Defective
RET203515,ORD027604,Late Delivery
RET203516,ORD027613,Late Delivery
RET203517,ORD027616,Late Delivery
RET203518,ORD027621,Changed Mind
RET203519,ORD027646,Changed Mind
RET203520,ORD027650,Wrong Item
RET203521,ORD027653,Late Delivery
RET203522,ORD027654,Late Delivery
RET203523,ORD027660,Late Delivery
RET203524,ORD027664,Late Delivery
RET203525,ORD027665,Late Delivery
RET203526,ORD027667,Late Delivery
RET203527,ORD027679,Late Delivery
RET203528,ORD027686,Late Delivery
RET203529,ORD027692,Late Delivery
RET203530,ORD027694,Late Delivery
RET203531,ORD027707,Late Delivery
RET203532,ORD027708,Late Delivery
RET203533,ORD027724,Late Delivery
RET203534,ORD027726,Late Delivery
RET203535,ORD027740,Late Delivery
RET203536,ORD027751,Late Delivery
RET203537,ORD027758,Late Delivery
RET203538,ORD027759,Late Delivery
RET203539,ORD027764,Late Delivery
RET203540,ORD027782,Late Delivery
RET203541,ORD027807,Late Delivery
RET203542,ORD027816,Late Delivery
RET203543,ORD027834,Changed Mind
RET203544,ORD027837,Late Delivery
RET203545,ORD027852,Late Delivery
RET203546,ORD027860,Late Delivery
RET203547,ORD027882,Late Delivery
RET203548,ORD027883,Late Delivery
RET203549,ORD027906,Late Delivery
RET203550,ORD027920,Late Delivery
RET203551,ORD027923,Late Delivery
RET203552,ORD027945,Late Delivery
RET203553,ORD027949,Late Delivery
RET203554,ORD027956,Late Delivery
RET203555,ORD027964,Late Delivery
RET203556,ORD027969,Late Delivery
RET203557,ORD027971,Defective
RET203558,ORD027974,Late Delivery
RET203559,ORD027985,Late Delivery
RET203560,ORD027996,Late Delivery
RET203561,ORD028007,Late Delivery
RET203562,ORD028018,Wrong Item
RET203563,ORD028022,Late Delivery
RET203564,ORD028046,Late Delivery
RET203565,ORD028047,Late Delivery
RET203566,ORD028050,Defective
RET203567,ORD028058,Late Delivery
RET203568,ORD028078,Late Delivery
RET203569,ORD028085,Late Delivery
RET203570,ORD028090,Late Delivery
RET203571,ORD028092,Late Delivery
RET203572,ORD028099,Wrong Item
RET203573,ORD028100,Late Delivery
RET203574,ORD028118,Late Delivery
RET203575,ORD028121,Wrong Item
RET203576,ORD028123,Late Delivery
RET203577,ORD028127,Late Delivery
RET203578,ORD028130,Late Delivery
RET203579,ORD028144,Late Delivery
RET203580,ORD028149,Late Delivery
RET203581,ORD028153,Late Delivery
RET203582,ORD028156,Late Delivery
RET203583,ORD028166,Late Delivery
RET203584,ORD028178,Wrong Item
RET203585,ORD028199,Late Delivery
RET203586,ORD028201,Late Delivery
RET203587,ORD028215,Wrong Item
RET203588,ORD028216,Late Delivery
RET203589,ORD028220,Late Delivery
RET203590,ORD028223,Late Delivery
RET203591,ORD028232,Late Delivery
RET203592,ORD028236,Late Delivery
RET203593,ORD028246,Late Delivery
RET203594,ORD028249,Late Delivery
RET203595,ORD028267,Late Delivery
RET203596,ORD028268,Late Delivery
RET203597,ORD028271,Late Delivery
RET203598,ORD028274,Late Delivery
RET203599,ORD028293,Late Delivery
RET203600,ORD028300,Late Delivery
RET203601,ORD028312,Late Delivery
RET203602,ORD028319,Late Delivery
RET203603,ORD028337,Late Delivery
RET203604,ORD028352,Defective
RET203605,ORD028360,Changed Mind
RET203606,ORD028362,Late Delivery
RET203607,ORD028375,Late Delivery
RET203608,ORD028379,Late Delivery
RET203609,ORD028382,Wrong Item
RET203610,ORD028392,Late Delivery
RET203611,ORD028397,Late Delivery
RET203612,ORD028398,Late Delivery
RET203613,ORD028417,Late Delivery
RET203614,ORD028425,Late Delivery
RET203615,ORD028432,Late Delivery
RET203616,ORD028436,Late Delivery
RET203617,ORD028439,Late Delivery
RET203618,ORD028442,Wrong Item
RET203619,ORD028451,Late Delivery
RET203620,ORD028457,Defective
RET203621,ORD028463,Wrong Item
RET203622,ORD028464,Late Delivery
RET203623,ORD028469,Late Delivery
RET203624,ORD028486,Late Delivery
RET203625,ORD028492,Defective
RET203626,ORD028499,Late Delivery
RET203627,ORD028506,Late Delivery
RET203628,ORD028509,Late Delivery
RET203629,ORD028516,Late Delivery
RET203630,ORD028528,Late Delivery
RET203631,ORD028547,Late Delivery
RET203632,ORD028551,Late Delivery
RET203633,ORD028555,Late Delivery
RET203634,ORD028560,Late Delivery
RET203635,ORD028571,Wrong Item
RET203636,ORD028578,Late Delivery
RET203637,ORD028579,Late Delivery
RET203638,ORD028604,Late Delivery
RET203639,ORD028633,Defective
RET203640,ORD028635,Late Delivery
RET203641,ORD028646,Defective
RET203642,ORD028647,Late Delivery
RET203643,ORD028650,Late Delivery
RET203644,ORD028654,Late Delivery
RET203645,ORD028657,Late Delivery
RET203646,ORD028659,Late Delivery
RET203647,ORD028667,Changed Mind
RET203648,ORD028677,Late Delivery
RET203649,ORD028700,Late Delivery
RET203650,ORD028701,Late Delivery
RET203651,ORD028706,Late Delivery
RET203652,ORD028710,Changed Mind
RET203653,ORD028713,Late Delivery
RET203654,ORD028719,Late Delivery
RET203655,ORD028727,Late Delivery
RET203656,ORD028730,Late Delivery
RET203657,ORD028733,Late Delivery
RET203658,ORD028745,Late Delivery
RET203659,ORD028753,Late Delivery
RET203660,ORD028754,Late Delivery
RET203661,ORD028764,Late Delivery
RET203662,ORD028777,Late Delivery
RET203663,ORD028788,Late Delivery
RET203664,ORD028796,Late Delivery
RET203665,ORD028801,Late Delivery
RET203666,ORD028824,Late Delivery
RET203667,ORD028827,Late Delivery
RET203668,ORD028834,Late Delivery
RET203669,ORD028840,Late Delivery
RET203670,ORD028841,Late Delivery
RET203671,ORD028842,Late Delivery
RET203672,ORD028843,Late Delivery
RET203673,ORD028851,Late Delivery
RET203674,ORD028856,Late Delivery
RET203675,ORD028864,Late Delivery
RET203676,ORD028876,Changed Mind
RET203677,ORD028897,Late Delivery
RET203678,ORD028898,Late Delivery
RET203679,ORD028912,Late Delivery
RET203680,ORD028913,Late Delivery
RET203681,ORD028922,Wrong Item
RET203682,ORD028937,Late Delivery
RET203683,ORD028939,Late Delivery
RET203684,ORD028943,Late Delivery
RET203685,ORD028967,Late Delivery
RET203686,ORD028973,Late Delivery
RET203687,ORD028974,Late Delivery
RET203688,ORD028978,Late Delivery
RET203689,ORD028988,Late Delivery
RET203690,ORD029012,Late Delivery
RET203691,ORD029013,Late Delivery
RET203692,ORD029020,Late Delivery
RET203693,ORD029029,Changed Mind
RET203694,ORD029043,Late Delivery
RET203695,ORD029044,Late Delivery
RET203696,ORD029052,Late Delivery
RET203697,ORD029092,Late Delivery
RET203698,ORD029097,Late Delivery
RET203699,ORD029103,Late Delivery
RET203700,ORD029110,Late Delivery
RET203701,ORD029119,Late Delivery
RET203702,ORD029124,Late Delivery
RET203703,ORD029133,Late Delivery
RET203704,ORD029137,Late Delivery
RET203705,ORD029139,Late Delivery
RET203706,ORD029166,Late Delivery
RET203707,ORD029180,Defective
RET203708,ORD029183,Late Delivery
RET203709,ORD029185,Late Delivery
RET203710,ORD029187,Late Delivery
RET203711,ORD029197,Late Delivery
RET203712,ORD029201,Late Delivery
RET203713,ORD029203,Late Delivery
RET203714,ORD029204,Late Delivery
RET203715,ORD029209,Late Delivery
RET203716,ORD029210,Late Delivery
RET203717,ORD029231,Late Delivery
RET203718,ORD029243,Late Delivery
RET203719,ORD029245,Late Delivery
RET203720,ORD029259,Late Delivery
RET203721,ORD029266,Late Delivery
RET203722,ORD029267,Late Delivery
RET203723,ORD029275,Late Delivery
RET203724,ORD029277,Late Delivery
RET203725,ORD029294,Late Delivery
RET203726,ORD029299,Late Delivery
RET203727,ORD029306,Late Delivery
RET203728,ORD029307,Late Delivery
RET203729,ORD029326,Late Delivery
RET203730,ORD029330,Late Delivery
RET203731,ORD029337,Late Delivery
RET203732,ORD029348,Changed Mind
RET203733,ORD029358,Defective
RET203734,ORD029362,Late Delivery
RET203735,ORD029363,Late Delivery
RET203736,ORD029389,Late Delivery
RET203737,ORD029391,Late Delivery
RET203738,ORD029394,Late Delivery
RET203739,ORD029418,Late Delivery
RET203740,ORD029448,Changed Mind
RET203741,ORD029449,Late Delivery
RET203742,ORD029464,Late Delivery
RET203743,ORD029474,Late Delivery
RET203744,ORD029480,Late Delivery
RET203745,ORD029489,Late Delivery
RET203746,ORD029497,Late Delivery
RET203747,ORD029500,Late Delivery
RET203748,ORD029510,Late Delivery
RET203749,ORD029512,Late Delivery
RET203750,ORD029517,Late Delivery
RET203751,ORD029543,Defective
RET203752,ORD029550,Late Delivery
RET203753,ORD029552,Late Delivery
RET203754,ORD029571,Late Delivery
RET203755,ORD029573,Late Delivery
RET203756,ORD029592,Late Delivery
RET203757,ORD029609,Late Delivery
RET203758,ORD029615,Late Delivery
RET203759,ORD029623,Late Delivery
RET203760,ORD029625,Late Delivery
RET203761,ORD029630,Late Delivery
RET203762,ORD029652,Late Delivery
RET203763,ORD029653,Late Delivery
RET203764,ORD029670,Late Delivery
RET203765,ORD029671,Late Delivery
RET203766,ORD029689,Late Delivery
RET203767,ORD029701,Late Delivery
RET203768,ORD029704,Late Delivery
RET203769,ORD029706,Late Delivery
RET203770,ORD029708,Late Delivery
RET203771,ORD029716,Wrong Item
RET203772,ORD029723,Late Delivery
RET203773,ORD029725,Late Delivery
RET203774,ORD029737,Late Delivery
RET203775,ORD029746,Late Delivery
RET203776,ORD029748,Late Delivery
RET203777,ORD029755,Late Delivery
RET203778,ORD029765,Late Delivery
RET203779,ORD029766,Changed Mind
RET203780,ORD029767,Late Delivery
RET203781,ORD029770,Late Delivery
RET203782,ORD029780,Defective
RET203783,ORD029787,Late Delivery
RET203784,ORD029789,Late Delivery
RET203785,ORD029791,Late Delivery
RET203786,ORD029796,Late Delivery
RET203787,ORD029797,Late Delivery
RET203788,ORD029807,Late Delivery
RET203789,ORD029808,Late Delivery
RET203790,ORD029812,Late Delivery
RET203791,ORD029817,Late Delivery
RET203792,ORD029826,Late Delivery
RET203793,ORD029829,Late Delivery
RET203794,ORD029846,Late Delivery
RET203795,ORD029852,Late Delivery
RET203796,ORD029858,Late Delivery
RET203797,ORD029881,Late Delivery
RET203798,ORD029892,Late Delivery
RET203799,ORD029893,Late Delivery
RET203800,ORD029896,Late Delivery
RET203801,ORD029900,Late Delivery
RET203802,ORD029911,Changed Mind
RET203803,ORD029917,Defective
RET203804,ORD029919,Late Delivery
RET203805,ORD029926,Late Delivery
RET203806,ORD029941,Late Delivery
RET203807,ORD029945,Late Delivery
RET203808,ORD029949,Late Delivery
RET203809,ORD029951,Late Delivery
RET203810,ORD029961,Late Delivery
RET203811,ORD029965,Late Delivery
RET203812,ORD029977,Late Delivery
RET203813,ORD029984,Late Delivery
RET203814,ORD029999,Defective
RET203815,ORD030005,Late Delivery
RET203816,ORD030007,Late Delivery
RET203817,ORD030030,Late Delivery
RET203818,ORD030035,Late Delivery
RET203819,ORD030037,Late Delivery
RET203820,ORD030041,Late Delivery
RET203821,ORD030044,Late Delivery
RET203822,ORD030045,Late Delivery
RET203823,ORD030046,Late Delivery
RET203824,ORD030057,Late Delivery
RET203825,ORD030058,Late Delivery
RET203826,ORD030059,Late Delivery
RET203827,ORD030061,Wrong Item
RET203828,ORD030066,Late Delivery
RET203829,ORD030070,Late Delivery
RET203830,ORD030074,Late Delivery
RET203831,ORD030100,Wrong Item
RET203832,ORD030118,Late Delivery
RET203833,ORD030125,Late Delivery
RET203834,ORD030126,Defective
RET203835,ORD030142,Late Delivery
RET203836,ORD030146,Late Delivery
RET203837,ORD030154,Late Delivery
RET203838,ORD030169,Late Delivery
RET203839,ORD030179,Late Delivery
RET203840,ORD030180,Late Delivery
RET203841,ORD030183,Late Delivery
RET203842,ORD030190,Late Delivery
RET203843,ORD030193,Late Delivery
RET203844,ORD030194,Late Delivery
RET203845,ORD030201,Late Delivery
RET203846,ORD030205,Late Delivery
RET203847,ORD030214,Late Delivery
RET203848,ORD030215,Late Delivery
RET203849,ORD030223,Late Delivery
RET203850,ORD030225,Late Delivery
RET203851,ORD030266,Late Delivery
RET203852,ORD030282,Defective
RET203853,ORD030284,Late Delivery
RET203854,ORD030290,Late Delivery
RET203855,ORD030297,Late Delivery
RET203856,ORD030306,Late Delivery
RET203857,ORD030308,Late Delivery
RET203858,ORD030318,Late Delivery
RET203859,ORD030323,Late Delivery
RET203860,ORD030325,Late Delivery
RET203861,ORD030338,Changed Mind
RET203862,ORD030342,Late Delivery
RET203863,ORD030348,Defective
RET203864,ORD030352,Late Delivery
RET203865,ORD030362,Late Delivery
RET203866,ORD030363,Late Delivery
RET203867,ORD030367,Late Delivery
RET203868,ORD030375,Late Delivery
RET203869,ORD030387,Late Delivery
RET203870,ORD030393,Late Delivery
RET203871,ORD030401,Late Delivery
RET203872,ORD030407,Late Delivery
RET203873,ORD030418,Late Delivery
RET203874,ORD030419,Late Delivery
RET203875,ORD030427,Late Delivery
RET203876,ORD030449,Late Delivery
RET203877,ORD030450,Late Delivery
RET203878,ORD030453,Late Delivery
RET203879,ORD030463,Late Delivery
RET203880,ORD030469,Late Delivery
RET203881,ORD030474,Late Delivery
RET203882,ORD030475,Late Delivery
RET203883,ORD030482,Late Delivery
RET203884,ORD030484,Late Delivery
RET203885,ORD030492,Late Delivery
RET203886,ORD030493,Late Delivery
RET203887,ORD030501,Late Delivery
RET203888,ORD030533,Late Delivery
RET203889,ORD030534,Late Delivery
RET203890,ORD030539,Late Delivery
RET203891,ORD030549,Late Delivery
RET203892,ORD030557,Wrong Item
RET203893,ORD030566,Late Delivery
RET203894,ORD030568,Late Delivery
RET203895,ORD030571,Changed Mind
RET203896,ORD030578,Late Delivery
RET203897,ORD030591,Late Delivery
RET203898,ORD030596,Late Delivery
RET203899,ORD030604,Late Delivery
RET203900,ORD030626,Late Delivery
RET203901,ORD030646,Late Delivery
RET203902,ORD030668,Late Delivery
RET203903,ORD030692,Late Delivery
RET203904,ORD030696,Late Delivery
RET203905,ORD030698,Late Delivery
RET203906,ORD030700,Late Delivery
RET203907,ORD030706,Late Delivery
RET203908,ORD030713,Late Delivery
RET203909,ORD030724,Late Delivery
RET203910,ORD030732,Late Delivery
RET203911,ORD030737,Late Delivery
RET203912,ORD030746,Late Delivery
RET203913,ORD030747,Late Delivery
RET203914,ORD030753,Late Delivery
RET203915,ORD030766,Late Delivery
RET203916,ORD030768,Late Delivery
RET203917,ORD030774,Late Delivery
RET203918,ORD030788,Late Delivery
RET203919,ORD030789,Late Delivery
RET203920,ORD030799,Wrong Item
RET203921,ORD030801,Late Delivery
RET203922,ORD030805,Late Delivery
RET203923,ORD030818,Late Delivery
RET203924,ORD030825,Late Delivery
RET203925,ORD030826,Late Delivery
RET203926,ORD030827,Late Delivery
RET203927,ORD030830,Late Delivery
RET203928,ORD030837,Late Delivery
RET203929,ORD030852,Late Delivery
RET203930,ORD030855,Late Delivery
RET203931,ORD030858,Late Delivery
RET203932,ORD030885,Wrong Item
RET203933,ORD030892,Late Delivery
RET203934,ORD030898,Late Delivery
RET203935,ORD030904,Late Delivery
RET203936,ORD030908,Late Delivery
RET203937,ORD030911,Late Delivery
RET203938,ORD030922,Defective
RET203939,ORD030923,Wrong Item
RET203940,ORD030938,Late Delivery
RET203941,ORD030943,Late Delivery
RET203942,ORD030957,Late Delivery
RET203943,ORD030965,Late Delivery
RET203944,ORD031005,Late Delivery
RET203945,ORD031006,Late Delivery
RET203946,ORD031007,Late Delivery
RET203947,ORD031042,Late Delivery
RET203948,ORD031050,Late Delivery
RET203949,ORD031060,Late Delivery
RET203950,ORD031068,Defective
RET203951,ORD031072,Late Delivery
RET203952,ORD031073,Late Delivery
RET203953,ORD031079,Late Delivery
RET203954,ORD031081,Late Delivery
RET203955,ORD031089,Defective
RET203956,ORD031094,Defective
RET203957,ORD031099,Late Delivery
RET203958,ORD031113,Late Delivery
RET203959,ORD031128,Late Delivery
RET203960,ORD031132,Changed Mind
RET203961,ORD031133,Late Delivery
RET203962,ORD031136,Late Delivery
RET203963,ORD031139,Defective
RET203964,ORD031147,Defective
RET203965,ORD031155,Late Delivery
RET203966,ORD031156,Late Delivery
RET203967,ORD031175,Late Delivery
RET203968,ORD031178,Changed Mind
RET203969,ORD031183,Late Delivery
RET203970,ORD031184,Late Delivery
RET203971,ORD031198,Late Delivery
RET203972,ORD031200,Late Delivery
RET203973,ORD031217,Late Delivery
RET203974,ORD031218,Late Delivery
RET203975,ORD031227,Late Delivery
RET203976,ORD031237,Late Delivery
RET203977,ORD031260,Late Delivery
RET203978,ORD031262,Late Delivery
RET203979,ORD031267,Late Delivery
RET203980,ORD031270,Late Delivery
RET203981,ORD031273,Late Delivery
RET203982,ORD031283,Late Delivery
RET203983,ORD031318,Late Delivery
RET203984,ORD031328,Late Delivery
RET203985,ORD031345,Late Delivery
RET203986,ORD031350,Late Delivery
RET203987,ORD031351,Late Delivery
RET203988,ORD031354,Late Delivery
RET203989,ORD031357,Late Delivery
RET203990,ORD031364,Late Delivery
RET203991,ORD031369,Late Delivery
RET203992,ORD031374,Late Delivery
RET203993,ORD031401,Late Delivery
RET203994,ORD031415,Late Delivery
RET203995,ORD031417,Late Delivery
RET203996,ORD031422,Late Delivery
RET203997,ORD031434,Wrong Item
RET203998,ORD031439,Late Delivery
RET203999,ORD031452,Late Delivery
RET204000,ORD031464,Late Delivery
RET204001,ORD031470,Late Delivery
RET204002,ORD031476,Late Delivery
RET204003,ORD031489,Late Delivery
RET204004,ORD031510,Late Delivery
RET204005,ORD031513,Late Delivery
RET204006,ORD031547,Changed Mind
RET204007,ORD031565,Late Delivery
RET204008,ORD031567,Late Delivery
RET204009,ORD031572,Late Delivery
RET204010,ORD031578,Late Delivery
RET204011,ORD031586,Late Delivery
RET204012,ORD031587,Late Delivery
RET204013,ORD031591,Late Delivery
RET204014,ORD031604,Late Delivery
RET204015,ORD031612,Late Delivery
RET204016,ORD031615,Late Delivery
RET204017,ORD031617,Defective
RET204018,ORD031619,Late Delivery
RET204019,ORD031623,Late Delivery
RET204020,ORD031628,Wrong Item
RET204021,ORD031631,Late Delivery
RET204022,ORD031650,Late Delivery
RET204023,ORD031655,Late Delivery
RET204024,ORD031670,Late Delivery
RET204025,ORD031679,Late Delivery
RET204026,ORD031680,Defective
RET204027,ORD031707,Late Delivery
RET204028,ORD031739,Late Delivery
RET204029,ORD031753,Late Delivery
RET204030,ORD031755,Late Delivery
RET204031,ORD031760,Late Delivery
RET204032,ORD031776,Late Delivery
RET204033,ORD031781,Late Delivery
RET204034,ORD031788,Late Delivery
RET204035,ORD031800,Late Delivery
RET204036,ORD031817,Late Delivery
RET204037,ORD031826,Late Delivery
RET204038,ORD031827,Late Delivery
RET204039,ORD031830,Late Delivery
RET204040,ORD031836,Late Delivery
RET204041,ORD031852,Defective
RET204042,ORD031854,Wrong Item
RET204043,ORD031866,Late Delivery
RET204044,ORD031872,Late Delivery
RET204045,ORD031875,Late Delivery
RET204046,ORD031876,Changed Mind
RET204047,ORD031878,Late Delivery
RET204048,ORD031879,Late Delivery
RET204049,ORD031880,Late Delivery
RET204050,ORD031883,Late Delivery
RET204051,ORD031884,Changed Mind
RET204052,ORD031892,Late Delivery
RET204053,ORD031897,Late Delivery
RET204054,ORD031908,Late Delivery
RET204055,ORD031912,Late Delivery
RET204056,ORD031922,Late Delivery
RET204057,ORD031925,Late Delivery
RET204058,ORD031926,Late Delivery
RET204059,ORD031944,Late Delivery
RET204060,ORD031949,Late Delivery
RET204061,ORD031963,Late Delivery
RET204062,ORD031984,Late Delivery
RET204063,ORD031988,Late Delivery
RET204064,ORD032005,Defective
RET204065,ORD032010,Late Delivery
RET204066,ORD032018,Late Delivery
RET204067,ORD032031,Late Delivery
RET204068,ORD032047,Late Delivery
RET204069,ORD032054,Defective
RET204070,ORD032072,Late Delivery
RET204071,ORD032123,Wrong Item
RET204072,ORD032128,Late Delivery
RET204073,ORD032140,Late Delivery
RET204074,ORD032141,Late Delivery
RET204075,ORD032148,Late Delivery
RET204076,ORD032152,Late Delivery
RET204077,ORD032173,Late Delivery
RET204078,ORD032181,Late Delivery
RET204079,ORD032183,Late Delivery
RET204080,ORD032190,Late Delivery
RET204081,ORD032191,Defective
RET204082,ORD032193,Late Delivery
RET204083,ORD032199,Late Delivery
RET204084,ORD032212,Changed Mind
RET204085,ORD032221,Late Delivery
RET204086,ORD032234,Late Delivery
RET204087,ORD032255,Late Delivery
RET204088,ORD032259,Defective
RET204089,ORD032264,Late Delivery
RET204090,ORD032274,Late Delivery
RET204091,ORD032275,Late Delivery
RET204092,ORD032279,Late Delivery
RET204093,ORD032280,Wrong Item
RET204094,ORD032282,Defective
RET204095,ORD032287,Late Delivery
RET204096,ORD032293,Late Delivery
RET204097,ORD032299,Late Delivery
RET204098,ORD032301,Late Delivery
RET204099,ORD032319,Late Delivery
RET204100,ORD032323,Late Delivery
RET204101,ORD032340,Late Delivery
RET204102,ORD032361,Late Delivery
RET204103,ORD032367,Late Delivery
RET204104,ORD032373,Late Delivery
RET204105,ORD032384,Late Delivery
RET204106,ORD032391,Late Delivery
RET204107,ORD032395,Late Delivery
RET204108,ORD032398,Late Delivery
RET204109,ORD032410,Late Delivery
RET204110,ORD032419,Late Delivery
RET204111,ORD032451,Late Delivery
RET204112,ORD032458,Late Delivery
RET204113,ORD032461,Late Delivery
RET204114,ORD032462,Late Delivery
RET204115,ORD032466,Late Delivery
RET204116,ORD032467,Late Delivery
RET204117,ORD032472,Changed Mind
RET204118,ORD032474,Late Delivery
RET204119,ORD032481,Late Delivery
RET204120,ORD032490,Late Delivery
RET204121,ORD032492,Late Delivery
RET204122,ORD032494,Late Delivery
RET204123,ORD032499,Late Delivery
RET204124,ORD032501,Late Delivery
RET204125,ORD032506,Late Delivery
RET204126,ORD032508,Late Delivery
RET204127,ORD032548,Late Delivery
RET204128,ORD032562,Late Delivery
RET204129,ORD032564,Late Delivery
RET204130,ORD032565,Late Delivery
RET204131,ORD032566,Changed Mind
RET204132,ORD032573,Defective
RET204133,ORD032581,Late Delivery
RET204134,ORD032582,Late Delivery
RET204135,ORD032590,Late Delivery
RET204136,ORD032616,Late Delivery
RET204137,ORD032624,Late Delivery
RET204138,ORD032636,Late Delivery
RET204139,ORD032639,Late Delivery
RET204140,ORD032645,Wrong Item
RET204141,ORD032646,Late Delivery
RET204142,ORD032672,Changed Mind
RET204143,ORD032679,Late Delivery
RET204144,ORD032684,Late Delivery
RET204145,ORD032685,Changed Mind
RET204146,ORD032686,Late Delivery
RET204147,ORD032691,Late Delivery
RET204148,ORD032700,Late Delivery
RET204149,ORD032713,Late Delivery
RET204150,ORD032723,Late Delivery
RET204151,ORD032727,Late Delivery
RET204152,ORD032734,Late Delivery
RET204153,ORD032740,Late Delivery
RET204154,ORD032751,Late Delivery
RET204155,ORD032764,Late Delivery
RET204156,ORD032776,Late Delivery
RET204157,ORD032793,Late Delivery
RET204158,ORD032795,Defective
RET204159,ORD032801,Late Delivery
RET204160,ORD032802,Late Delivery
RET204161,ORD032818,Late Delivery
RET204162,ORD032821,Late Delivery
RET204163,ORD032827,Late Delivery
RET204164,ORD032830,Late Delivery
RET204165,ORD032834,Wrong Item
RET204166,ORD032853,Late Delivery
RET204167,ORD032856,Late Delivery
RET204168,ORD032861,Late Delivery
RET204169,ORD032874,Late Delivery
RET204170,ORD032878,Late Delivery
RET204171,ORD032884,Late Delivery
RET204172,ORD032899,Late Delivery
RET204173,ORD032907,Late Delivery
RET204174,ORD032918,Late Delivery
RET204175,ORD032923,Late Delivery
RET204176,ORD032926,Late Delivery
RET204177,ORD032929,Late Delivery
RET204178,ORD032930,Late Delivery
RET204179,ORD032934,Late Delivery
RET204180,ORD032937,Defective
RET204181,ORD032964,Late Delivery
RET204182,ORD032969,Late Delivery
RET204183,ORD032980,Defective
RET204184,ORD032981,Late Delivery
RET204185,ORD032996,Late Delivery
RET204186,ORD032997,Wrong Item
RET204187,ORD032999,Late Delivery
RET204188,ORD033015,Late Delivery
RET204189,ORD033019,Late Delivery
RET204190,ORD033029,Late Delivery
RET204191,ORD033032,Late Delivery
RET204192,ORD033040,Late Delivery
RET204193,ORD033049,Wrong Item
RET204194,ORD033056,Late Delivery
RET204195,ORD033065,Late Delivery
RET204196,ORD033066,Late Delivery
RET204197,ORD033071,Late Delivery
RET204198,ORD033072,Late Delivery
RET204199,ORD033074,Late Delivery
RET204200,ORD033100,Late Delivery
RET204201,ORD033110,Late Delivery
RET204202,ORD033121,Late Delivery
RET204203,ORD033123,Changed Mind
RET204204,ORD033131,Late Delivery
RET204205,ORD033139,Late Delivery
RET204206,ORD033148,Late Delivery
RET204207,ORD033155,Late Delivery
RET204208,ORD033157,Late Delivery
RET204209,ORD033163,Defective
RET204210,ORD033164,Late Delivery
RET204211,ORD033168,Late Delivery
RET204212,ORD033191,Defective
RET204213,ORD033194,Late Delivery
RET204214,ORD033199,Changed Mind
RET204215,ORD033203,Late Delivery
RET204216,ORD033205,Late Delivery
RET204217,ORD033213,Late Delivery
RET204218,ORD033216,Late Delivery
RET204219,ORD033220,Late Delivery
RET204220,ORD033223,Late Delivery
RET204221,ORD033227,Late Delivery
RET204222,ORD033228,Late Delivery
RET204223,ORD033258,Late Delivery
RET204224,ORD033269,Late Delivery
RET204225,ORD033278,Defective
RET204226,ORD033291,Wrong Item
RET204227,ORD033303,Changed Mind
RET204228,ORD033305,Defective
RET204229,ORD033310,Late Delivery
RET204230,ORD033323,Late Delivery
RET204231,ORD033336,Defective
RET204232,ORD033350,Late Delivery
RET204233,ORD033351,Late Delivery
RET204234,ORD033354,Late Delivery
RET204235,ORD033358,Late Delivery
RET204236,ORD033365,Late Delivery
RET204237,ORD033373,Defective
RET204238,ORD033382,Late Delivery
RET204239,ORD033388,Late Delivery
RET204240,ORD033395,Wrong Item
RET204241,ORD033396,Late Delivery
RET204242,ORD033399,Late Delivery
RET204243,ORD033418,Late Delivery
RET204244,ORD033421,Late Delivery
RET204245,ORD033424,Defective
RET204246,ORD033427,Late Delivery
RET204247,ORD033430,Late Delivery
RET204248,ORD033433,Late Delivery
RET204249,ORD033437,Late Delivery
RET204250,ORD033442,Late Delivery
RET204251,ORD033446,Late Delivery
RET204252,ORD033452,Late Delivery
RET204253,ORD033468,Late Delivery
RET204254,ORD033469,Late Delivery
RET204255,ORD033478,Late Delivery
RET204256,ORD033485,Late Delivery
RET204257,ORD033489,Late Delivery
RET204258,ORD033498,Late Delivery
RET204259,ORD033499,Late Delivery
RET204260,ORD033502,Late Delivery
RET204261,ORD033504,Late Delivery
RET204262,ORD033505,Late Delivery
RET204263,ORD033507,Changed Mind
RET204264,ORD033523,Late Delivery
RET204265,ORD033527,Late Delivery
RET204266,ORD033535,Late Delivery
RET204267,ORD033537,Late Delivery
RET204268,ORD033541,Late Delivery
RET204269,ORD033557,Late Delivery
RET204270,ORD033558,Wrong Item
RET204271,ORD033566,Late Delivery
RET204272,ORD033571,Late Delivery
RET204273,ORD033573,Defective
RET204274,ORD033584,Late Delivery
RET204275,ORD033592,Late Delivery
RET204276,ORD033594,Late Delivery
RET204277,ORD033598,Late Delivery
RET204278,ORD033601,Late Delivery
RET204279,ORD033615,Late Delivery
RET204280,ORD033632,Late Delivery
RET204281,ORD033646,Late Delivery
RET204282,ORD033649,Late Delivery
RET204283,ORD033650,Late Delivery
RET204284,ORD033689,Late Delivery
RET204285,ORD033709,Changed Mind
RET204286,ORD033711,Late Delivery
RET204287,ORD033712,Late Delivery
RET204288,ORD033723,Late Delivery
RET204289,ORD033725,Late Delivery
RET204290,ORD033735,Late Delivery
RET204291,ORD033745,Late Delivery
RET204292,ORD033756,Late Delivery
RET204293,ORD033764,Late Delivery
RET204294,ORD033768,Late Delivery
RET204295,ORD033781,Late Delivery
RET204296,ORD033785,Late Delivery
RET204297,ORD033795,Late Delivery
RET204298,ORD033804,Late Delivery
RET204299,ORD033820,Defective
RET204300,ORD033829,Defective
RET204301,ORD033841,Late Delivery
RET204302,ORD033858,Wrong Item
RET204303,ORD033861,Late Delivery
RET204304,ORD033874,Defective
RET204305,ORD033876,Late Delivery
RET204306,ORD033879,Late Delivery
RET204307,ORD033886,Late Delivery
RET204308,ORD033888,Late Delivery
RET204309,ORD033900,Late Delivery
RET204310,ORD033913,Late Delivery
RET204311,ORD033916,Late Delivery
RET204312,ORD033926,Late Delivery
RET204313,ORD033929,Changed Mind
RET204314,ORD033933,Late Delivery
RET204315,ORD033940,Late Delivery
RET204316,ORD033997,Late Delivery
RET204317,ORD034006,Late Delivery
RET204318,ORD034010,Defective
RET204319,ORD034021,Late Delivery
RET204320,ORD034026,Late Delivery
RET204321,ORD034029,Late Delivery
RET204322,ORD034042,Late Delivery
RET204323,ORD034053,Late Delivery
RET204324,ORD034062,Late Delivery
RET204325,ORD034065,Late Delivery
RET204326,ORD034071,Defective
RET204327,ORD034088,Changed Mind
RET204328,ORD034093,Late Delivery
RET204329,ORD034095,Late Delivery
RET204330,ORD034096,Late Delivery
RET204331,ORD034097,Late Delivery
RET204332,ORD034100,Late Delivery
RET204333,ORD034103,Changed Mind
RET204334,ORD034104,Late Delivery
RET204335,ORD034117,Late Delivery
RET204336,ORD034120,Late Delivery
RET204337,ORD034137,Late Delivery
RET204338,ORD034159,Defective
RET204339,ORD034183,Late Delivery
RET204340,ORD034186,Late Delivery
RET204341,ORD034193,Defective
RET204342,ORD034210,Late Delivery
RET204343,ORD034224,Late Delivery
RET204344,ORD034225,Late Delivery
RET204345,ORD034245,Wrong Item
RET204346,ORD034253,Late Delivery
RET204347,ORD034254,Late Delivery
RET204348,ORD034259,Late Delivery
RET204349,ORD034261,Late Delivery
RET204350,ORD034267,Late Delivery
RET204351,ORD034280,Late Delivery
RET204352,ORD034281,Late Delivery
RET204353,ORD034295,Late Delivery
RET204354,ORD034296,Late Delivery
RET204355,ORD034299,Wrong Item
RET204356,ORD034308,Late Delivery
RET204357,ORD034310,Late Delivery
RET204358,ORD034323,Late Delivery
RET204359,ORD034336,Late Delivery
RET204360,ORD034340,Late Delivery
RET204361,ORD034356,Late Delivery
RET204362,ORD034359,Late Delivery
RET204363,ORD034385,Late Delivery
RET204364,ORD034394,Late Delivery
RET204365,ORD034403,Late Delivery
RET204366,ORD034429,Late Delivery
RET204367,ORD034453,Late Delivery
RET204368,ORD034467,Late Delivery
RET204369,ORD034482,Late Delivery
RET204370,ORD034487,Defective
RET204371,ORD034490,Late Delivery
RET204372,ORD034502,Late Delivery
RET204373,ORD034503,Late Delivery
RET204374,ORD034507,Late Delivery
RET204375,ORD034509,Wrong Item
RET204376,ORD034514,Late Delivery
RET204377,ORD034523,Late Delivery
RET204378,ORD034526,Late Delivery
RET204379,ORD034534,Late Delivery
RET204380,ORD034545,Late Delivery
RET204381,ORD034548,Late Delivery
RET204382,ORD034556,Late Delivery
RET204383,ORD034565,Late Delivery
RET204384,ORD034576,Late Delivery
RET204385,ORD034586,Late Delivery
RET204386,ORD034593,Late Delivery
RET204387,ORD034594,Late Delivery
RET204388,ORD034603,Late Delivery
RET204389,ORD034612,Changed Mind
RET204390,ORD034616,Late Delivery
RET204391,ORD034628,Late Delivery
RET204392,ORD034633,Late Delivery
RET204393,ORD034646,Late Delivery
RET204394,ORD034657,Late Delivery
RET204395,ORD034670,Late Delivery
RET204396,ORD034679,Late Delivery
RET204397,ORD034692,Late Delivery
RET204398,ORD034696,Late Delivery
RET204399,ORD034702,Late Delivery
RET204400,ORD034703,Late Delivery
RET204401,ORD034707,Late Delivery
RET204402,ORD034717,Late Delivery
RET204403,ORD034718,Late Delivery
RET204404,ORD034723,Late Delivery
RET204405,ORD034728,Late Delivery
RET204406,ORD034729,Late Delivery
RET204407,ORD034736,Changed Mind
RET204408,ORD034738,Late Delivery
RET204409,ORD034743,Defective
RET204410,ORD034745,Late Delivery
RET204411,ORD034754,Late Delivery
RET204412,ORD034755,Late Delivery
RET204413,ORD034757,Late Delivery
RET204414,ORD034764,Late Delivery
RET204415,ORD034765,Late Delivery
RET204416,ORD034780,Late Delivery
RET204417,ORD034783,Late Delivery
RET204418,ORD034786,Late Delivery
RET204419,ORD034795,Late Delivery
RET204420,ORD034799,Defective
RET204421,ORD034806,Late Delivery
RET204422,ORD034815,Late Delivery
RET204423,ORD034824,Late Delivery
RET204424,ORD034828,Late Delivery
RET204425,ORD034835,Late Delivery
RET204426,ORD034837,Defective
RET204427,ORD034852,Late Delivery
RET204428,ORD034866,Late Delivery
RET204429,ORD034877,Late Delivery
RET204430,ORD034881,Late Delivery
RET204431,ORD034882,Late Delivery
RET204432,ORD034886,Late Delivery
RET204433,ORD034898,Late Delivery
RET204434,ORD034910,Late Delivery
RET204435,ORD034920,Late Delivery
RET204436,ORD034941,Wrong Item
RET204437,ORD034949,Late Delivery
RET204438,ORD034950,Late Delivery
RET204439,ORD034955,Late Delivery
RET204440,ORD034962,Late Delivery
RET204441,ORD034963,Late Delivery
RET204442,ORD034965,Late Delivery
RET204443,ORD034969,Late Delivery
RET204444,ORD034970,Late Delivery
RET204445,ORD034983,Late Delivery
RET204446,ORD034988,Late Delivery
RET204447,ORD034989,Late Delivery
RET204448,ORD035002,Late Delivery
RET204449,ORD035008,Late Delivery
RET204450,ORD035011,Late Delivery
RET204451,ORD035017,Late Delivery
RET204452,ORD035022,Late Delivery
RET204453,ORD035034,Late Delivery
RET204454,ORD035043,Late Delivery
RET204455,ORD035053,Late Delivery
RET204456,ORD035056,Changed Mind
RET204457,ORD035066,Late Delivery
RET204458,ORD035068,Late Delivery
RET204459,ORD035080,Late Delivery
RET204460,ORD035098,Wrong Item
RET204461,ORD035108,Late Delivery
RET204462,ORD035145,Wrong Item
RET204463,ORD035154,Late Delivery
RET204464,ORD035155,Defective
RET204465,ORD035164,Wrong Item
RET204466,ORD035166,Late Delivery
RET204467,ORD035171,Late Delivery
RET204468,ORD035173,Late Delivery
RET204469,ORD035178,Wrong Item
RET204470,ORD035188,Late Delivery
RET204471,ORD035203,Late Delivery
RET204472,ORD035214,Late Delivery
RET204473,ORD035215,Late Delivery
RET204474,ORD035239,Late Delivery
RET204475,ORD035246,Late Delivery
RET204476,ORD035248,Defective
RET204477,ORD035253,Late Delivery
RET204478,ORD035257,Late Delivery
RET204479,ORD035294,Changed Mind
RET204480,ORD035300,Late Delivery
RET204481,ORD035304,Late Delivery
RET204482,ORD035315,Late Delivery
RET204483,ORD035320,Late Delivery
RET204484,ORD035336,Late Delivery
RET204485,ORD035342,Late Delivery
RET204486,ORD035357,Late Delivery
RET204487,ORD035370,Late Delivery
RET204488,ORD035372,Late Delivery
RET204489,ORD035377,Late Delivery
RET204490,ORD035402,Late Delivery
RET204491,ORD035408,Wrong Item
RET204492,ORD035420,Late Delivery
RET204493,ORD035427,Defective
RET204494,ORD035434,Changed Mind
RET204495,ORD035435,Late Delivery
RET204496,ORD035437,Late Delivery
RET204497,ORD035455,Late Delivery
RET204498,ORD035456,Late Delivery
RET204499,ORD035470,Late Delivery
RET204500,ORD035482,Late Delivery
RET204501,ORD035492,Late Delivery
RET204502,ORD035515,Late Delivery
RET204503,ORD035524,Changed Mind
RET204504,ORD035536,Late Delivery
RET204505,ORD035539,Late Delivery
RET204506,ORD035559,Late Delivery
RET204507,ORD035582,Late Delivery
RET204508,ORD035585,Late Delivery
RET204509,ORD035589,Late Delivery
RET204510,ORD035590,Late Delivery
RET204511,ORD035594,Late Delivery
RET204512,ORD035608,Defective
RET204513,ORD035612,Late Delivery
RET204514,ORD035625,Late Delivery
RET204515,ORD035633,Late Delivery
RET204516,ORD035637,Late Delivery
RET204517,ORD035682,Late Delivery
RET204518,ORD035686,Changed Mind
RET204519,ORD035701,Wrong Item
RET204520,ORD035711,Late Delivery
RET204521,ORD035726,Late Delivery
RET204522,ORD035729,Late Delivery
RET204523,ORD035737,Late Delivery
RET204524,ORD035746,Late Delivery
RET204525,ORD035748,Late Delivery
RET204526,ORD035749,Late Delivery
RET204527,ORD035752,Late Delivery
RET204528,ORD035756,Late Delivery
RET204529,ORD035757,Late Delivery
RET204530,ORD035760,Late Delivery
RET204531,ORD035765,Late Delivery
RET204532,ORD035771,Late Delivery
RET204533,ORD035775,Late Delivery
RET204534,ORD035788,Late Delivery
RET204535,ORD035803,Late Delivery
RET204536,ORD035804,Late Delivery
RET204537,ORD035805,Late Delivery
RET204538,ORD035832,Late Delivery
RET204539,ORD035833,Late Delivery
RET204540,ORD035848,Late Delivery
RET204541,ORD035850,Defective
RET204542,ORD035858,Late Delivery
RET204543,ORD035859,Late Delivery
RET204544,ORD035861,Changed Mind
RET204545,ORD035863,Late Delivery
RET204546,ORD035864,Defective
RET204547,ORD035870,Defective
RET204548,ORD035874,Late Delivery
RET204549,ORD035875,Changed Mind
RET204550,ORD035906,Late Delivery
RET204551,ORD035913,Late Delivery
RET204552,ORD035917,Late Delivery
RET204553,ORD035928,Late Delivery
RET204554,ORD035929,Late Delivery
RET204555,ORD035945,Wrong Item
RET204556,ORD035961,Late Delivery
RET204557,ORD035967,Late Delivery
RET204558,ORD035972,Late Delivery
RET204559,ORD035979,Wrong Item
RET204560,ORD035986,Late Delivery
RET204561,ORD035995,Late Delivery
RET204562,ORD035996,Late Delivery
RET204563,ORD036012,Late Delivery
RET204564,ORD036019,Late Delivery
RET204565,ORD036032,Late Delivery
RET204566,ORD036038,Late Delivery
RET204567,ORD036039,Late Delivery
RET204568,ORD036040,Late Delivery
RET204569,ORD036056,Late Delivery
RET204570,ORD036059,Late Delivery
RET204571,ORD036063,Late Delivery
RET204572,ORD036075,Late Delivery
RET204573,ORD036076,Late Delivery
RET204574,ORD036080,Late Delivery
RET204575,ORD036081,Late Delivery
RET204576,ORD036082,Late Delivery
RET204577,ORD036099,Late Delivery
RET204578,ORD036102,Late Delivery
RET204579,ORD036103,Late Delivery
RET204580,ORD036109,Late Delivery
RET204581,ORD036117,Changed Mind
RET204582,ORD036140,Late Delivery
RET204583,ORD036154,Late Delivery
RET204584,ORD036159,Late Delivery
RET204585,ORD036162,Late Delivery
RET204586,ORD036170,Late Delivery
RET204587,ORD036176,Late Delivery
RET204588,ORD036191,Late Delivery
RET204589,ORD036192,Late Delivery
RET204590,ORD036196,Late Delivery
RET204591,ORD036200,Late Delivery
RET204592,ORD036202,Late Delivery
RET204593,ORD036240,Late Delivery
RET204594,ORD036244,Late Delivery
RET204595,ORD036245,Late Delivery
RET204596,ORD036246,Late Delivery
RET204597,ORD036247,Late Delivery
RET204598,ORD036252,Late Delivery
RET204599,ORD036264,Late Delivery
RET204600,ORD036266,Late Delivery
RET204601,ORD036268,Late Delivery
RET204602,ORD036280,Late Delivery
RET204603,ORD036284,Late Delivery
RET204604,ORD036306,Late Delivery
RET204605,ORD036307,Late Delivery
RET204606,ORD036312,Late Delivery
RET204607,ORD036322,Late Delivery
RET204608,ORD036323,Late Delivery
RET204609,ORD036338,Changed Mind
RET204610,ORD036352,Late Delivery
RET204611,ORD036354,Late Delivery
RET204612,ORD036358,Late Delivery
RET204613,ORD036363,Late Delivery
RET204614,ORD036366,Changed Mind
RET204615,ORD036370,Wrong Item
RET204616,ORD036382,Late Delivery
RET204617,ORD036383,Late Delivery
RET204618,ORD036389,Late Delivery
RET204619,ORD036412,Changed Mind
RET204620,ORD036417,Late Delivery
RET204621,ORD036419,Late Delivery
RET204622,ORD036421,Late Delivery
RET204623,ORD036424,Late Delivery
RET204624,ORD036442,Late Delivery
RET204625,ORD036446,Late Delivery
RET204626,ORD036449,Late Delivery
RET204627,ORD036450,Late Delivery
RET204628,ORD036456,Late Delivery
RET204629,ORD036474,Late Delivery
RET204630,ORD036478,Late Delivery
RET204631,ORD036482,Late Delivery
RET204632,ORD036483,Late Delivery
RET204633,ORD036491,Changed Mind
RET204634,ORD036496,Late Delivery
RET204635,ORD036497,Late Delivery
RET204636,ORD036498,Wrong Item
RET204637,ORD036502,Late Delivery
RET204638,ORD036508,Late Delivery
RET204639,ORD036511,Late Delivery
RET204640,ORD036533,Late Delivery
RET204641,ORD036540,Wrong Item
RET204642,ORD036547,Late Delivery
RET204643,ORD036548,Late Delivery
RET204644,ORD036555,Late Delivery
RET204645,ORD036558,Late Delivery
RET204646,ORD036564,Late Delivery
RET204647,ORD036570,Late Delivery
RET204648,ORD036583,Defective
RET204649,ORD036607,Late Delivery
RET204650,ORD036612,Late Delivery
RET204651,ORD036623,Wrong Item
RET204652,ORD036631,Late Delivery
RET204653,ORD036637,Late Delivery
RET204654,ORD036642,Wrong Item
RET204655,ORD036644,Late Delivery
RET204656,ORD036649,Late Delivery
RET204657,ORD036663,Late Delivery
RET204658,ORD036670,Late Delivery
RET204659,ORD036681,Late Delivery
RET204660,ORD036712,Late Delivery
RET204661,ORD036725,Late Delivery
RET204662,ORD036730,Defective
RET204663,ORD036744,Late Delivery
RET204664,ORD036750,Late Delivery
RET204665,ORD036754,Late Delivery
RET204666,ORD036760,Late Delivery
RET204667,ORD036774,Late Delivery
RET204668,ORD036775,Late Delivery
RET204669,ORD036782,Late Delivery
RET204670,ORD036787,Late Delivery
RET204671,ORD036790,Late Delivery
RET204672,ORD036792,Late Delivery
RET204673,ORD036805,Late Delivery
RET204674,ORD036812,Late Delivery
RET204675,ORD036824,Late Delivery
RET204676,ORD036825,Late Delivery
RET204677,ORD036843,Late Delivery
RET204678,ORD036847,Changed Mind
RET204679,ORD036850,Late Delivery
RET204680,ORD036879,Wrong Item
RET204681,ORD036882,Late Delivery
RET204682,ORD036895,Late Delivery
RET204683,ORD036906,Late Delivery
RET204684,ORD036912,Late Delivery
RET204685,ORD036913,Late Delivery
RET204686,ORD036917,Late Delivery
RET204687,ORD036919,Late Delivery
RET204688,ORD036930,Late Delivery
RET204689,ORD036945,Late Delivery
RET204690,ORD036950,Defective
RET204691,ORD036952,Late Delivery
RET204692,ORD036976,Late Delivery
RET204693,ORD036978,Late Delivery
RET204694,ORD036995,Late Delivery
RET204695,ORD036998,Late Delivery
RET204696,ORD037004,Late Delivery
RET204697,ORD037006,Late Delivery
RET204698,ORD037016,Late Delivery
RET204699,ORD037020,Late Delivery
RET204700,ORD037043,Late Delivery
RET204701,ORD037058,Late Delivery
RET204702,ORD037060,Late Delivery
RET204703,ORD037066,Late Delivery
RET204704,ORD037072,Late Delivery
RET204705,ORD037073,Late Delivery
RET204706,ORD037075,Late Delivery
RET204707,ORD037083,Late Delivery
RET204708,ORD037095,Late Delivery
RET204709,ORD037099,Late Delivery
RET204710,ORD037108,Late Delivery
RET204711,ORD037115,Late Delivery
RET204712,ORD037122,Wrong Item
RET204713,ORD037126,Late Delivery
RET204714,ORD037127,Changed Mind
RET204715,ORD037138,Wrong Item
RET204716,ORD037151,Late Delivery
RET204717,ORD037179,Late Delivery
RET204718,ORD037188,Late Delivery
RET204719,ORD037200,Late Delivery
RET204720,ORD037203,Wrong Item
RET204721,ORD037211,Late Delivery
RET204722,ORD037227,Late Delivery
RET204723,ORD037229,Wrong Item
RET204724,ORD037238,Late Delivery
RET204725,ORD037240,Wrong Item
RET204726,ORD037256,Late Delivery
RET204727,ORD037266,Late Delivery
RET204728,ORD037269,Late Delivery
RET204729,ORD037271,Late Delivery
RET204730,ORD037292,Late Delivery
RET204731,ORD037304,Late Delivery
RET204732,ORD037309,Late Delivery
RET204733,ORD037318,Late Delivery
RET204734,ORD037320,Late Delivery
RET204735,ORD037325,Wrong Item
RET204736,ORD037337,Late Delivery
RET204737,ORD037342,Late Delivery
RET204738,ORD037343,Late Delivery
RET204739,ORD037345,Late Delivery
RET204740,ORD037351,Late Delivery
RET204741,ORD037358,Changed Mind
RET204742,ORD037371,Late Delivery
RET204743,ORD037373,Late Delivery
RET204744,ORD037379,Late Delivery
RET204745,ORD037388,Late Delivery
RET204746,ORD037393,Late Delivery
RET204747,ORD037403,Wrong Item
RET204748,ORD037414,Late Delivery
RET204749,ORD037416,Late Delivery
RET204750,ORD037425,Late Delivery
RET204751,ORD037428,Late Delivery
RET204752,ORD037435,Late Delivery
RET204753,ORD037442,Late Delivery
RET204754,ORD037449,Late Delivery
RET204755,ORD037457,Late Delivery
RET204756,ORD037461,Late Delivery
RET204757,ORD037464,Late Delivery
RET204758,ORD037467,Late Delivery
RET204759,ORD037468,Late Delivery
RET204760,ORD037469,Late Delivery
RET204761,ORD037471,Late Delivery
RET204762,ORD037472,Late Delivery
RET204763,ORD037475,Late Delivery
RET204764,ORD037491,Late Delivery
RET204765,ORD037493,Late Delivery
RET204766,ORD037498,Late Delivery
RET204767,ORD037544,Late Delivery
RET204768,ORD037547,Late Delivery
RET204769,ORD037550,Late Delivery
RET204770,ORD037552,Late Delivery
RET204771,ORD037556,Changed Mind
RET204772,ORD037576,Late Delivery
RET204773,ORD037583,Late Delivery
RET204774,ORD037590,Late Delivery
RET204775,ORD037602,Late Delivery
RET204776,ORD037607,Changed Mind
RET204777,ORD037618,Late Delivery
RET204778,ORD037619,Late Delivery
RET204779,ORD037624,Late Delivery
RET204780,ORD037632,Late Delivery
RET204781,ORD037634,Late Delivery
RET204782,ORD037643,Late Delivery
RET204783,ORD037648,Late Delivery
RET204784,ORD037652,Late Delivery
RET204785,ORD037666,Late Delivery
RET204786,ORD037670,Late Delivery
RET204787,ORD037672,Late Delivery
RET204788,ORD037688,Late Delivery
RET204789,ORD037691,Late Delivery
RET204790,ORD037699,Late Delivery
RET204791,ORD037706,Late Delivery
RET204792,ORD037710,Late Delivery
RET204793,ORD037732,Defective
RET204794,ORD037754,Late Delivery
RET204795,ORD037767,Late Delivery
RET204796,ORD037772,Late Delivery
RET204797,ORD037775,Late Delivery
RET204798,ORD037780,Late Delivery
RET204799,ORD037791,Late Delivery
RET204800,ORD037794,Late Delivery
RET204801,ORD037799,Late Delivery
RET204802,ORD037809,Changed Mind
RET204803,ORD037813,Late Delivery
RET204804,ORD037820,Defective
RET204805,ORD037824,Late Delivery
RET204806,ORD037826,Late Delivery
RET204807,ORD037836,Late Delivery
RET204808,ORD037837,Late Delivery
RET204809,ORD037841,Late Delivery
RET204810,ORD037849,Late Delivery
RET204811,ORD037852,Late Delivery
RET204812,ORD037855,Late Delivery
RET204813,ORD037863,Late Delivery
RET204814,ORD037869,Late Delivery
RET204815,ORD037886,Late Delivery
RET204816,ORD037900,Late Delivery
RET204817,ORD037903,Late Delivery
RET204818,ORD037914,Late Delivery
RET204819,ORD037923,Late Delivery
RET204820,ORD037924,Late Delivery
RET204821,ORD037928,Wrong Item
RET204822,ORD037946,Wrong Item
RET204823,ORD037953,Late Delivery
RET204824,ORD037963,Late Delivery
RET204825,ORD037964,Late Delivery
RET204826,ORD037968,Late Delivery
RET204827,ORD037996,Late Delivery
RET204828,ORD038020,Late Delivery
RET204829,ORD038024,Late Delivery
RET204830,ORD038025,Late Delivery
RET204831,ORD038028,Late Delivery
RET204832,ORD038036,Late Delivery
RET204833,ORD038038,Defective
RET204834,ORD038048,Wrong Item
RET204835,ORD038051,Late Delivery
RET204836,ORD038055,Late Delivery
RET204837,ORD038056,Wrong Item
RET204838,ORD038094,Late Delivery
RET204839,ORD038101,Late Delivery
RET204840,ORD038102,Late Delivery
RET204841,ORD038118,Late Delivery
RET204842,ORD038136,Late Delivery
RET204843,ORD038137,Late Delivery
RET204844,ORD038139,Late Delivery
RET204845,ORD038161,Late Delivery
RET204846,ORD038163,Late Delivery
RET204847,ORD038166,Changed Mind
RET204848,ORD038180,Late Delivery
RET204849,ORD038194,Late Delivery
RET204850,ORD038198,Late Delivery
RET204851,ORD038211,Late Delivery
RET204852,ORD038213,Late Delivery
RET204853,ORD038218,Late Delivery
RET204854,ORD038226,Defective
RET204855,ORD038234,Late Delivery
RET204856,ORD038258,Late Delivery
RET204857,ORD038259,Late Delivery
RET204858,ORD038276,Late Delivery
RET204859,ORD038282,Late Delivery
RET204860,ORD038288,Late Delivery
RET204861,ORD038289,Late Delivery
RET204862,ORD038302,Late Delivery
RET204863,ORD038303,Late Delivery
RET204864,ORD038306,Late Delivery
RET204865,ORD038308,Late Delivery
RET204866,ORD038311,Late Delivery
RET204867,ORD038312,Late Delivery
RET204868,ORD038313,Late Delivery
RET204869,ORD038328,Late Delivery
RET204870,ORD038334,Late Delivery
RET204871,ORD038364,Late Delivery
RET204872,ORD038369,Late Delivery
RET204873,ORD038370,Late Delivery
RET204874,ORD038376,Late Delivery
RET204875,ORD038398,Late Delivery
RET204876,ORD038399,Late Delivery
RET204877,ORD038402,Late Delivery
RET204878,ORD038405,Late Delivery
RET204879,ORD038408,Late Delivery
RET204880,ORD038413,Late Delivery
RET204881,ORD038414,Late Delivery
RET204882,ORD038416,Late Delivery
RET204883,ORD038417,Late Delivery
RET204884,ORD038421,Defective
RET204885,ORD038422,Late Delivery
RET204886,ORD038425,Wrong Item
RET204887,ORD038426,Late Delivery
RET204888,ORD038433,Late Delivery
RET204889,ORD038437,Late Delivery
RET204890,ORD038438,Late Delivery
RET204891,ORD038443,Late Delivery
RET204892,ORD038470,Late Delivery
RET204893,ORD038471,Late Delivery
RET204894,ORD038478,Late Delivery
RET204895,ORD038482,Late Delivery
RET204896,ORD038485,Late Delivery
RET204897,ORD038488,Late Delivery
RET204898,ORD038497,Changed Mind
RET204899,ORD038504,Late Delivery
RET204900,ORD038506,Late Delivery
RET204901,ORD038510,Late Delivery
RET204902,ORD038511,Late Delivery
RET204903,ORD038515,Late Delivery
RET204904,ORD038523,Late Delivery
RET204905,ORD038531,Late Delivery
RET204906,ORD038535,Late Delivery
RET204907,ORD038549,Late Delivery
RET204908,ORD038555,Wrong Item
RET204909,ORD038559,Late Delivery
RET204910,ORD038563,Late Delivery
RET204911,ORD038566,Late Delivery
RET204912,ORD038568,Late Delivery
RET204913,ORD038577,Late Delivery
RET204914,ORD038578,Late Delivery
RET204915,ORD038582,Changed Mind
RET204916,ORD038590,Wrong Item
RET204917,ORD038593,Late Delivery
RET204918,ORD038594,Changed Mind
RET204919,ORD038599,Late Delivery
RET204920,ORD038602,Late Delivery
RET204921,ORD038612,Late Delivery
RET204922,ORD038616,Late Delivery
RET204923,ORD038628,Late Delivery
RET204924,ORD038631,Changed Mind
RET204925,ORD038633,Late Delivery
RET204926,ORD038645,Late Delivery
RET204927,ORD038646,Late Delivery
RET204928,ORD038647,Late Delivery
RET204929,ORD038661,Defective
RET204930,ORD038688,Changed Mind
RET204931,ORD038689,Late Delivery
RET204932,ORD038694,Changed Mind
RET204933,ORD038701,Late Delivery
RET204934,ORD038704,Late Delivery
RET204935,ORD038706,Late Delivery
RET204936,ORD038714,Late Delivery
RET204937,ORD038715,Late Delivery
RET204938,ORD038720,Late Delivery
RET204939,ORD038729,Late Delivery
RET204940,ORD038731,Late Delivery
RET204941,ORD038747,Late Delivery
RET204942,ORD038752,Late Delivery
RET204943,ORD038754,Late Delivery
RET204944,ORD038765,Late Delivery
RET204945,ORD038766,Late Delivery
RET204946,ORD038769,Late Delivery
RET204947,ORD038771,Late Delivery
RET204948,ORD038780,Changed Mind
RET204949,ORD038784,Late Delivery
RET204950,ORD038786,Late Delivery
RET204951,ORD038787,Late Delivery
RET204952,ORD038791,Late Delivery
RET204953,ORD038800,Late Delivery
RET204954,ORD038816,Changed Mind
RET204955,ORD038823,Late Delivery
RET204956,ORD038834,Late Delivery
RET204957,ORD038837,Late Delivery
RET204958,ORD038844,Late Delivery
RET204959,ORD038847,Late Delivery
RET204960,ORD038853,Late Delivery
RET204961,ORD038858,Late Delivery
RET204962,ORD038878,Late Delivery
RET204963,ORD038881,Late Delivery
RET204964,ORD038890,Late Delivery
RET204965,ORD038891,Late Delivery
RET204966,ORD038896,Wrong Item
RET204967,ORD038897,Late Delivery
RET204968,ORD038907,Late Delivery
RET204969,ORD038909,Late Delivery
RET204970,ORD038918,Late Delivery
RET204971,ORD038930,Late Delivery
RET204972,ORD038932,Late Delivery
RET204973,ORD038940,Late Delivery
RET204974,ORD038948,Changed Mind
RET204975,ORD038951,Late Delivery
RET204976,ORD038952,Late Delivery
RET204977,ORD038957,Late Delivery
RET204978,ORD038958,Late Delivery
RET204979,ORD038965,Late Delivery
RET204980,ORD038972,Late Delivery
RET204981,ORD038973,Late Delivery
RET204982,ORD038976,Late Delivery
RET204983,ORD038987,Late Delivery
RET204984,ORD038995,Late Delivery
RET204985,ORD038997,Late Delivery
RET204986,ORD039009,Wrong Item
RET204987,ORD039010,Late Delivery
RET204988,ORD039028,Late Delivery
RET204989,ORD039032,Late Delivery
RET204990,ORD039033,Late Delivery
RET204991,ORD039036,Late Delivery
RET204992,ORD039054,Late Delivery
RET204993,ORD039067,Late Delivery
RET204994,ORD039072,Late Delivery
RET204995,ORD039080,Late Delivery
RET204996,ORD039083,Late Delivery
RET204997,ORD039087,Late Delivery
RET204998,ORD039090,Late Delivery
RET204999,ORD039095,Late Delivery
RET205000,ORD039102,Changed Mind
RET205001,ORD039116,Late Delivery
RET205002,ORD039126,Late Delivery
RET205003,ORD039129,Late Delivery
RET205004,ORD039137,Late Delivery
RET205005,ORD039142,Changed Mind
RET205006,ORD039150,Late Delivery
RET205007,ORD039153,Late Delivery
RET205008,ORD039158,Late Delivery
RET205009,ORD039159,Late Delivery
RET205010,ORD039163,Late Delivery
RET205011,ORD039165,Late Delivery
RET205012,ORD039178,Late Delivery
RET205013,ORD039181,Late Delivery
RET205014,ORD039189,Late Delivery
RET205015,ORD039199,Late Delivery
RET205016,ORD039203,Late Delivery
RET205017,ORD039216,Late Delivery
RET205018,ORD039250,Late Delivery
RET205019,ORD039258,Late Delivery
RET205020,ORD039259,Changed Mind
RET205021,ORD039278,Late Delivery
RET205022,ORD039284,Late Delivery
RET205023,ORD039285,Late Delivery
RET205024,ORD039295,Late Delivery
RET205025,ORD039308,Late Delivery
RET205026,ORD039309,Late Delivery
RET205027,ORD039330,Late Delivery
RET205028,ORD039335,Late Delivery
RET205029,ORD039342,Late Delivery
RET205030,ORD039353,Late Delivery
RET205031,ORD039363,Late Delivery
RET205032,ORD039366,Changed Mind
RET205033,ORD039372,Late Delivery
RET205034,ORD039375,Late Delivery
RET205035,ORD039377,Late Delivery
RET205036,ORD039396,Late Delivery
RET205037,ORD039400,Late Delivery
RET205038,ORD039428,Late Delivery
RET205039,ORD039437,Defective
RET205040,ORD039443,Late Delivery
RET205041,ORD039456,Late Delivery
RET205042,ORD039464,Late Delivery
RET205043,ORD039465,Late Delivery
RET205044,ORD039468,Late Delivery
RET205045,ORD039477,Late Delivery
RET205046,ORD039487,Late Delivery
RET205047,ORD039502,Late Delivery
RET205048,ORD039528,Late Delivery
RET205049,ORD039536,Late Delivery
RET205050,ORD039547,Wrong Item
RET205051,ORD039548,Late Delivery
RET205052,ORD039556,Late Delivery
RET205053,ORD039558,Late Delivery
RET205054,ORD039564,Late Delivery
RET205055,ORD039567,Late Delivery
RET205056,ORD039574,Late Delivery
RET205057,ORD039578,Late Delivery
RET205058,ORD039583,Late Delivery
RET205059,ORD039587,Late Delivery
RET205060,ORD039599,Late Delivery
RET205061,ORD039610,Late Delivery
RET205062,ORD039649,Changed Mind
RET205063,ORD039658,Late Delivery
RET205064,ORD039660,Late Delivery
RET205065,ORD039667,Late Delivery
RET205066,ORD039676,Late Delivery
RET205067,ORD039682,Late Delivery
RET205068,ORD039689,Late Delivery
RET205069,ORD039690,Late Delivery
RET205070,ORD039694,Defective
RET205071,ORD039695,Late Delivery
RET205072,ORD039697,Late Delivery
RET205073,ORD039698,Late Delivery
RET205074,ORD039712,Late Delivery
RET205075,ORD039723,Late Delivery
RET205076,ORD039730,Late Delivery
RET205077,ORD039747,Late Delivery
RET205078,ORD039762,Wrong Item
RET205079,ORD039766,Late Delivery
RET205080,ORD039794,Defective
RET205081,ORD039795,Late Delivery
RET205082,ORD039806,Late Delivery
RET205083,ORD039816,Late Delivery
RET205084,ORD039820,Defective
RET205085,ORD039822,Late Delivery
RET205086,ORD039825,Late Delivery
RET205087,ORD039827,Wrong Item
RET205088,ORD039836,Late Delivery
RET205089,ORD039837,Changed Mind
RET205090,ORD039839,Late Delivery
RET205091,ORD039882,Late Delivery
RET205092,ORD039902,Late Delivery
RET205093,ORD039915,Late Delivery
RET205094,ORD039921,Late Delivery
RET205095,ORD039929,Changed Mind
RET205096,ORD039932,Late Delivery
RET205097,ORD039938,Late Delivery
RET205098,ORD039944,Late Delivery
RET205099,ORD039947,Late Delivery
RET205100,ORD039976,Late Delivery
RET205101,ORD039990,Late Delivery
RET205102,ORD039994,Late Delivery
RET205103,ORD040001,Late Delivery
RET205104,ORD040003,Late Delivery
RET205105,ORD040004,Late Delivery
RET205106,ORD040014,Late Delivery
RET205107,ORD040028,Changed Mind
RET205108,ORD040029,Late Delivery
RET205109,ORD040043,Late Delivery
RET205110,ORD040047,Late Delivery
RET205111,ORD040058,Late Delivery
RET205112,ORD040064,Late Delivery
RET205113,ORD040073,Late Delivery
RET205114,ORD040080,Late Delivery
RET205115,ORD040089,Late Delivery
RET205116,ORD040091,Late Delivery
RET205117,ORD040093,Late Delivery
RET205118,ORD040100,Late Delivery
RET205119,ORD040104,Wrong Item
RET205120,ORD040110,Late Delivery
RET205121,ORD040129,Late Delivery
RET205122,ORD040130,Late Delivery
RET205123,ORD040135,Late Delivery
RET205124,ORD040141,Late Delivery
RET205125,ORD040147,Late Delivery
RET205126,ORD040149,Late Delivery
RET205127,ORD040150,Late Delivery
RET205128,ORD040155,Late Delivery
RET205129,ORD040156,Late Delivery
RET205130,ORD040167,Late Delivery
RET205131,ORD040172,Late Delivery
RET205132,ORD040174,Late Delivery
RET205133,ORD040175,Late Delivery
RET205134,ORD040184,Late Delivery
RET205135,ORD040188,Changed Mind
RET205136,ORD040195,Late Delivery
RET205137,ORD040202,Wrong Item
RET205138,ORD040209,Wrong Item
RET205139,ORD040210,Late Delivery
RET205140,ORD040211,Defective
RET205141,ORD040215,Late Delivery
RET205142,ORD040228,Late Delivery
RET205143,ORD040235,Late Delivery
RET205144,ORD040239,Late Delivery
RET205145,ORD040241,Late Delivery
RET205146,ORD040246,Late Delivery
RET205147,ORD040256,Late Delivery
RET205148,ORD040269,Late Delivery
RET205149,ORD040280,Late Delivery
RET205150,ORD040285,Late Delivery
RET205151,ORD040286,Late Delivery
RET205152,ORD040299,Late Delivery
RET205153,ORD040312,Late Delivery
RET205154,ORD040317,Late Delivery
RET205155,ORD040334,Defective
RET205156,ORD040344,Late Delivery
RET205157,ORD040345,Late Delivery
RET205158,ORD040350,Late Delivery
RET205159,ORD040351,Defective
RET205160,ORD040357,Late Delivery
RET205161,ORD040369,Late Delivery
RET205162,ORD040379,Late Delivery
RET205163,ORD040401,Late Delivery
RET205164,ORD040414,Late Delivery
RET205165,ORD040415,Late Delivery
RET205166,ORD040423,Late Delivery
RET205167,ORD040427,Late Delivery
RET205168,ORD040440,Late Delivery
RET205169,ORD040444,Late Delivery
RET205170,ORD040445,Late Delivery
RET205171,ORD040449,Late Delivery
RET205172,ORD040464,Late Delivery
RET205173,ORD040466,Late Delivery
RET205174,ORD040469,Defective
RET205175,ORD040477,Late Delivery
RET205176,ORD040483,Changed Mind
RET205177,ORD040491,Changed Mind
RET205178,ORD040519,Late Delivery
RET205179,ORD040528,Late Delivery
RET205180,ORD040530,Late Delivery
RET205181,ORD040532,Late Delivery
RET205182,ORD040554,Late Delivery
RET205183,ORD040582,Late Delivery
RET205184,ORD040605,Late Delivery
RET205185,ORD040612,Defective
RET205186,ORD040622,Late Delivery
RET205187,ORD040626,Wrong Item
RET205188,ORD040630,Late Delivery
RET205189,ORD040637,Late Delivery
RET205190,ORD040639,Late Delivery
RET205191,ORD040640,Late Delivery
RET205192,ORD040642,Late Delivery
RET205193,ORD040680,Late Delivery
RET205194,ORD040684,Late Delivery
RET205195,ORD040689,Defective
RET205196,ORD040726,Late Delivery
RET205197,ORD040730,Late Delivery
RET205198,ORD040732,Late Delivery
RET205199,ORD040734,Late Delivery
RET205200,ORD040738,Late Delivery
RET205201,ORD040759,Late Delivery
RET205202,ORD040763,Late Delivery
RET205203,ORD040769,Late Delivery
RET205204,ORD040783,Late Delivery
RET205205,ORD040790,Late Delivery
RET205206,ORD040806,Late Delivery
RET205207,ORD040807,Late Delivery
RET205208,ORD040814,Late Delivery
RET205209,ORD040838,Late Delivery
RET205210,ORD040842,Late Delivery
RET205211,ORD040845,Late Delivery
RET205212,ORD040847,Late Delivery
RET205213,ORD040860,Late Delivery
RET205214,ORD040870,Defective
RET205215,ORD040895,Changed Mind
RET205216,ORD040896,Defective
RET205217,ORD040897,Late Delivery
RET205218,ORD040900,Late Delivery
RET205219,ORD040901,Late Delivery
RET205220,ORD040913,Late Delivery
RET205221,ORD040916,Late Delivery
RET205222,ORD040917,Late Delivery
RET205223,ORD040923,Late Delivery
RET205224,ORD040927,Defective
RET205225,ORD040933,Late Delivery
RET205226,ORD040938,Late Delivery
RET205227,ORD040964,Late Delivery
RET205228,ORD040967,Late Delivery
RET205229,ORD040980,Late Delivery
RET205230,ORD040987,Late Delivery
RET205231,ORD040988,Late Delivery
RET205232,ORD041006,Late Delivery
RET205233,ORD041026,Late Delivery
RET205234,ORD041040,Late Delivery
RET205235,ORD041048,Late Delivery
RET205236,ORD041050,Changed Mind
RET205237,ORD041056,Late Delivery
RET205238,ORD041064,Late Delivery
RET205239,ORD041072,Late Delivery
RET205240,ORD041075,Late Delivery
RET205241,ORD041084,Late Delivery
RET205242,ORD041092,Late Delivery
RET205243,ORD041097,Late Delivery
RET205244,ORD041099,Late Delivery
RET205245,ORD041102,Late Delivery
RET205246,ORD041109,Late Delivery
RET205247,ORD041118,Late Delivery
RET205248,ORD041128,Late Delivery
RET205249,ORD041129,Late Delivery
RET205250,ORD041133,Late Delivery
RET205251,ORD041154,Defective
RET205252,ORD041167,Wrong Item
RET205253,ORD041174,Late Delivery
RET205254,ORD041175,Wrong Item
RET205255,ORD041177,Late Delivery
RET205256,ORD041187,Late Delivery
RET205257,ORD041189,Late Delivery
RET205258,ORD041193,Late Delivery
RET205259,ORD041196,Late Delivery
RET205260,ORD041215,Late Delivery
RET205261,ORD041227,Late Delivery
RET205262,ORD041235,Late Delivery
RET205263,ORD041238,Late Delivery
RET205264,ORD041251,Late Delivery
RET205265,ORD041253,Late Delivery
RET205266,ORD041264,Late Delivery
RET205267,ORD041272,Late Delivery
RET205268,ORD041275,Late Delivery
RET205269,ORD041283,Wrong Item
RET205270,ORD041286,Late Delivery
RET205271,ORD041295,Late Delivery
RET205272,ORD041312,Late Delivery
RET205273,ORD041315,Wrong Item
RET205274,ORD041320,Wrong Item
RET205275,ORD041326,Late Delivery
RET205276,ORD041334,Late Delivery
RET205277,ORD041336,Defective
RET205278,ORD041342,Late Delivery
RET205279,ORD041344,Late Delivery
RET205280,ORD041348,Late Delivery
RET205281,ORD041360,Late Delivery
RET205282,ORD041366,Late Delivery
RET205283,ORD041370,Late Delivery
RET205284,ORD041378,Late Delivery
RET205285,ORD041380,Late Delivery
RET205286,ORD041385,Late Delivery
RET205287,ORD041390,Late Delivery
RET205288,ORD041393,Late Delivery
RET205289,ORD041395,Late Delivery
RET205290,ORD041413,Late Delivery
RET205291,ORD041424,Late Delivery
RET205292,ORD041433,Defective
RET205293,ORD041434,Late Delivery
RET205294,ORD041444,Late Delivery
RET205295,ORD041464,Late Delivery
RET205296,ORD041468,Late Delivery
RET205297,ORD041478,Late Delivery
RET205298,ORD041481,Late Delivery
RET205299,ORD041515,Wrong Item
RET205300,ORD041521,Changed Mind
RET205301,ORD041534,Late Delivery
RET205302,ORD041537,Late Delivery
RET205303,ORD041541,Late Delivery
RET205304,ORD041544,Late Delivery
RET205305,ORD041548,Late Delivery
RET205306,ORD041549,Late Delivery
RET205307,ORD041567,Late Delivery
RET205308,ORD041576,Late Delivery
RET205309,ORD041582,Late Delivery
RET205310,ORD041593,Late Delivery
RET205311,ORD041599,Late Delivery
RET205312,ORD041608,Late Delivery
RET205313,ORD041629,Late Delivery
RET205314,ORD041639,Late Delivery
RET205315,ORD041652,Late Delivery
RET205316,ORD041661,Late Delivery
RET205317,ORD041671,Late Delivery
RET205318,ORD041701,Late Delivery
RET205319,ORD041702,Late Delivery
RET205320,ORD041708,Late Delivery
RET205321,ORD041709,Changed Mind
RET205322,ORD041724,Late Delivery
RET205323,ORD041731,Late Delivery
RET205324,ORD041740,Late Delivery
RET205325,ORD041742,Late Delivery
RET205326,ORD041745,Late Delivery
RET205327,ORD041757,Late Delivery
RET205328,ORD041759,Late Delivery
RET205329,ORD041762,Late Delivery
RET205330,ORD041766,Late Delivery
RET205331,ORD041769,Late Delivery
RET205332,ORD041770,Late Delivery
RET205333,ORD041780,Late Delivery
RET205334,ORD041795,Late Delivery
RET205335,ORD041797,Late Delivery
RET205336,ORD041811,Late Delivery
RET205337,ORD041824,Late Delivery
RET205338,ORD041842,Late Delivery
RET205339,ORD041845,Late Delivery
RET205340,ORD041846,Late Delivery
RET205341,ORD041848,Late Delivery
RET205342,ORD041851,Late Delivery
RET205343,ORD041860,Late Delivery
RET205344,ORD041862,Late Delivery
RET205345,ORD041867,Late Delivery
RET205346,ORD041868,Changed Mind
RET205347,ORD041870,Late Delivery
RET205348,ORD041874,Late Delivery
RET205349,ORD041882,Late Delivery
RET205350,ORD041884,Late Delivery
RET205351,ORD041886,Late Delivery
RET205352,ORD041889,Late Delivery
RET205353,ORD041892,Late Delivery
RET205354,ORD041893,Late Delivery
RET205355,ORD041898,Late Delivery
RET205356,ORD041912,Late Delivery
RET205357,ORD041914,Late Delivery
RET205358,ORD041917,Defective
RET205359,ORD041931,Late Delivery
RET205360,ORD041959,Late Delivery
RET205361,ORD041980,Late Delivery
RET205362,ORD041984,Late Delivery
RET205363,ORD041989,Late Delivery
RET205364,ORD041995,Late Delivery
RET205365,ORD041997,Defective
RET205366,ORD042000,Wrong Item
RET205367,ORD042004,Late Delivery
RET205368,ORD042005,Late Delivery
RET205369,ORD042007,Late Delivery
RET205370,ORD042013,Defective
RET205371,ORD042017,Defective
RET205372,ORD042027,Late Delivery
RET205373,ORD042040,Late Delivery
RET205374,ORD042049,Late Delivery
RET205375,ORD042052,Late Delivery
RET205376,ORD042080,Late Delivery
RET205377,ORD042115,Late Delivery
RET205378,ORD042124,Late Delivery
RET205379,ORD042130,Late Delivery
RET205380,ORD042157,Late Delivery
RET205381,ORD042160,Late Delivery
RET205382,ORD042168,Late Delivery
RET205383,ORD042169,Late Delivery
RET205384,ORD042178,Late Delivery
RET205385,ORD042181,Late Delivery
RET205386,ORD042186,Wrong Item
RET205387,ORD042188,Changed Mind
RET205388,ORD042194,Late Delivery
RET205389,ORD042206,Late Delivery
RET205390,ORD042208,Late Delivery
RET205391,ORD042213,Late Delivery
RET205392,ORD042216,Late Delivery
RET205393,ORD042218,Late Delivery
RET205394,ORD042223,Late Delivery
RET205395,ORD042225,Late Delivery
RET205396,ORD042232,Late Delivery
RET205397,ORD042241,Late Delivery
RET205398,ORD042243,Late Delivery
RET205399,ORD042274,Late Delivery
RET205400,ORD042279,Late Delivery
RET205401,ORD042280,Late Delivery
RET205402,ORD042300,Late Delivery
RET205403,ORD042317,Late Delivery
RET205404,ORD042325,Wrong Item
RET205405,ORD042326,Late Delivery
RET205406,ORD042340,Late Delivery
RET205407,ORD042344,Defective
RET205408,ORD042345,Late Delivery
RET205409,ORD042349,Late Delivery
RET205410,ORD042355,Late Delivery
RET205411,ORD042356,Late Delivery
RET205412,ORD042360,Late Delivery
RET205413,ORD042362,Late Delivery
RET205414,ORD042365,Late Delivery
RET205415,ORD042375,Late Delivery
RET205416,ORD042378,Late Delivery
RET205417,ORD042384,Late Delivery
RET205418,ORD042390,Late Delivery
RET205419,ORD042393,Late Delivery
RET205420,ORD042413,Changed Mind
RET205421,ORD042414,Late Delivery
RET205422,ORD042419,Late Delivery
RET205423,ORD042421,Late Delivery
RET205424,ORD042423,Late Delivery
RET205425,ORD042447,Late Delivery
RET205426,ORD042466,Late Delivery
RET205427,ORD042480,Late Delivery
RET205428,ORD042481,Late Delivery
RET205429,ORD042483,Late Delivery
RET205430,ORD042488,Late Delivery
RET205431,ORD042491,Late Delivery
RET205432,ORD042496,Late Delivery
RET205433,ORD042516,Late Delivery
RET205434,ORD042527,Late Delivery
RET205435,ORD042529,Late Delivery
RET205436,ORD042538,Late Delivery
RET205437,ORD042549,Defective
RET205438,ORD042593,Late Delivery
RET205439,ORD042597,Late Delivery
RET205440,ORD042624,Late Delivery
RET205441,ORD042625,Late Delivery
RET205442,ORD042632,Late Delivery
RET205443,ORD042635,Late Delivery
RET205444,ORD042641,Late Delivery
RET205445,ORD042667,Late Delivery
RET205446,ORD042673,Changed Mind
RET205447,ORD042698,Late Delivery
RET205448,ORD042715,Late Delivery
RET205449,ORD042721,Late Delivery
RET205450,ORD042740,Defective
RET205451,ORD042741,Late Delivery
RET205452,ORD042757,Late Delivery
RET205453,ORD042775,Late Delivery
RET205454,ORD042782,Late Delivery
RET205455,ORD042789,Late Delivery
RET205456,ORD042800,Late Delivery
RET205457,ORD042803,Late Delivery
RET205458,ORD042804,Late Delivery
RET205459,ORD042805,Late Delivery
RET205460,ORD042808,Late Delivery
RET205461,ORD042815,Late Delivery
RET205462,ORD042828,Late Delivery
RET205463,ORD042900,Late Delivery
RET205464,ORD042901,Late Delivery
RET205465,ORD042918,Late Delivery
RET205466,ORD042937,Late Delivery
RET205467,ORD042951,Late Delivery
RET205468,ORD042959,Changed Mind
RET205469,ORD042962,Late Delivery
RET205470,ORD042973,Late Delivery
RET205471,ORD042982,Defective
RET205472,ORD042989,Late Delivery
RET205473,ORD042997,Late Delivery
RET205474,ORD043003,Late Delivery
RET205475,ORD043005,Late Delivery
RET205476,ORD043010,Late Delivery
RET205477,ORD043011,Late Delivery
RET205478,ORD043013,Changed Mind
RET205479,ORD043014,Late Delivery
RET205480,ORD043022,Late Delivery
RET205481,ORD043051,Late Delivery
RET205482,ORD043062,Late Delivery
RET205483,ORD043088,Late Delivery
RET205484,ORD043093,Late Delivery
RET205485,ORD043096,Late Delivery
RET205486,ORD043097,Late Delivery
RET205487,ORD043114,Late Delivery
RET205488,ORD043117,Late Delivery
RET205489,ORD043118,Late Delivery
RET205490,ORD043124,Late Delivery
RET205491,ORD043127,Late Delivery
RET205492,ORD043130,Late Delivery
RET205493,ORD043133,Late Delivery
RET205494,ORD043144,Late Delivery
RET205495,ORD043170,Late Delivery
RET205496,ORD043172,Late Delivery
RET205497,ORD043198,Late Delivery
RET205498,ORD043208,Late Delivery
RET205499,ORD043211,Late Delivery
RET205500,ORD043213,Late Delivery
RET205501,ORD043217,Late Delivery
RET205502,ORD043229,Late Delivery
RET205503,ORD043238,Late Delivery
RET205504,ORD043254,Late Delivery
RET205505,ORD043267,Late Delivery
RET205506,ORD043270,Changed Mind
RET205507,ORD043277,Late Delivery
RET205508,ORD043282,Late Delivery
RET205509,ORD043285,Wrong Item
RET205510,ORD043297,Late Delivery
RET205511,ORD043300,Late Delivery
RET205512,ORD043313,Late Delivery
RET205513,ORD043315,Late Delivery
RET205514,ORD043317,Changed Mind
RET205515,ORD043338,Late Delivery
RET205516,ORD043382,Late Delivery
RET205517,ORD043387,Late Delivery
RET205518,ORD043401,Changed Mind
RET205519,ORD043402,Late Delivery
RET205520,ORD043403,Late Delivery
RET205521,ORD043406,Late Delivery
RET205522,ORD043409,Late Delivery
RET205523,ORD043410,Late Delivery
RET205524,ORD043412,Late Delivery
RET205525,ORD043413,Late Delivery
RET205526,ORD043418,Late Delivery
RET205527,ORD043424,Late Delivery
RET205528,ORD043440,Late Delivery
RET205529,ORD043443,Late Delivery
RET205530,ORD043449,Late Delivery
RET205531,ORD043450,Late Delivery
RET205532,ORD043453,Late Delivery
RET205533,ORD043465,Late Delivery
RET205534,ORD043469,Late Delivery
RET205535,ORD043484,Late Delivery
RET205536,ORD043489,Late Delivery
RET205537,ORD043500,Late Delivery
RET205538,ORD043510,Late Delivery
RET205539,ORD043511,Late Delivery
RET205540,ORD043513,Late Delivery
RET205541,ORD043515,Late Delivery
RET205542,ORD043534,Late Delivery
RET205543,ORD043535,Defective
RET205544,ORD043544,Changed Mind
RET205545,ORD043548,Late Delivery
RET205546,ORD043549,Late Delivery
RET205547,ORD043560,Defective
RET205548,ORD043568,Late Delivery
RET205549,ORD043573,Changed Mind
RET205550,ORD043577,Late Delivery
RET205551,ORD043579,Late Delivery
RET205552,ORD043594,Late Delivery
RET205553,ORD043595,Late Delivery
RET205554,ORD043599,Late Delivery
RET205555,ORD043602,Changed Mind
RET205556,ORD043609,Late Delivery
RET205557,ORD043610,Late Delivery
RET205558,ORD043612,Late Delivery
RET205559,ORD043638,Wrong Item
RET205560,ORD043660,Late Delivery
RET205561,ORD043682,Wrong Item
RET205562,ORD043703,Late Delivery
RET205563,ORD043711,Late Delivery
RET205564,ORD043722,Late Delivery
RET205565,ORD043728,Late Delivery
RET205566,ORD043731,Late Delivery
RET205567,ORD043733,Late Delivery
RET205568,ORD043739,Late Delivery
RET205569,ORD043748,Late Delivery
RET205570,ORD043758,Late Delivery
RET205571,ORD043759,Late Delivery
RET205572,ORD043761,Defective
RET205573,ORD043775,Late Delivery
RET205574,ORD043786,Late Delivery
RET205575,ORD043787,Late Delivery
RET205576,ORD043789,Late Delivery
RET205577,ORD043793,Late Delivery
RET205578,ORD043801,Late Delivery
RET205579,ORD043804,Late Delivery
RET205580,ORD043810,Late Delivery
RET205581,ORD043812,Late Delivery
RET205582,ORD043813,Defective
RET205583,ORD043845,Wrong Item
RET205584,ORD043858,Late Delivery
RET205585,ORD043872,Defective
RET205586,ORD043877,Late Delivery
RET205587,ORD043882,Late Delivery
RET205588,ORD043885,Late Delivery
RET205589,ORD043890,Late Delivery
RET205590,ORD043893,Late Delivery
RET205591,ORD043894,Late Delivery
RET205592,ORD043898,Late Delivery
RET205593,ORD043903,Late Delivery
RET205594,ORD043911,Late Delivery
RET205595,ORD043921,Late Delivery
RET205596,ORD043924,Late Delivery
RET205597,ORD043928,Late Delivery
RET205598,ORD043929,Late Delivery
RET205599,ORD043937,Late Delivery
RET205600,ORD043951,Late Delivery
RET205601,ORD043952,Late Delivery
RET205602,ORD043955,Late Delivery
RET205603,ORD043957,Late Delivery
RET205604,ORD043959,Late Delivery
RET205605,ORD043960,Late Delivery
RET205606,ORD043989,Late Delivery
RET205607,ORD043991,Late Delivery
RET205608,ORD044001,Late Delivery
RET205609,ORD044009,Late Delivery
RET205610,ORD044012,Late Delivery
RET205611,ORD044025,Late Delivery
RET205612,ORD044031,Late Delivery
RET205613,ORD044039,Late Delivery
RET205614,ORD044044,Late Delivery
RET205615,ORD044053,Wrong Item
RET205616,ORD044056,Late Delivery
RET205617,ORD044061,Wrong Item
RET205618,ORD044083,Late Delivery
RET205619,ORD044084,Late Delivery
RET205620,ORD044086,Late Delivery
RET205621,ORD044094,Late Delivery
RET205622,ORD044104,Late Delivery
RET205623,ORD044107,Late Delivery
RET205624,ORD044111,Late Delivery
RET205625,ORD044123,Late Delivery
RET205626,ORD044141,Late Delivery
RET205627,ORD044142,Late Delivery
RET205628,ORD044147,Late Delivery
RET205629,ORD044165,Wrong Item
RET205630,ORD044170,Late Delivery
RET205631,ORD044187,Late Delivery
RET205632,ORD044188,Late Delivery
RET205633,ORD044194,Late Delivery
RET205634,ORD044196,Late Delivery
RET205635,ORD044197,Late Delivery
RET205636,ORD044207,Late Delivery
RET205637,ORD044209,Defective
RET205638,ORD044211,Late Delivery
RET205639,ORD044238,Late Delivery
RET205640,ORD044239,Late Delivery
RET205641,ORD044263,Late Delivery
RET205642,ORD044266,Late Delivery
RET205643,ORD044303,Late Delivery
RET205644,ORD044310,Late Delivery
RET205645,ORD044312,Late Delivery
RET205646,ORD044318,Late Delivery
RET205647,ORD044329,Late Delivery
RET205648,ORD044333,Late Delivery
RET205649,ORD044335,Late Delivery
RET205650,ORD044340,Late Delivery
RET205651,ORD044350,Late Delivery
RET205652,ORD044359,Late Delivery
RET205653,ORD044362,Late Delivery
RET205654,ORD044401,Late Delivery
RET205655,ORD044414,Late Delivery
RET205656,ORD044419,Changed Mind
RET205657,ORD044427,Late Delivery
RET205658,ORD044433,Late Delivery
RET205659,ORD044439,Late Delivery
RET205660,ORD044449,Late Delivery
RET205661,ORD044450,Late Delivery
RET205662,ORD044464,Late Delivery
RET205663,ORD044481,Late Delivery
RET205664,ORD044483,Late Delivery
RET205665,ORD044485,Late Delivery
RET205666,ORD044486,Late Delivery
RET205667,ORD044505,Late Delivery
RET205668,ORD044510,Late Delivery
RET205669,ORD044518,Late Delivery
RET205670,ORD044519,Late Delivery
RET205671,ORD044520,Late Delivery
RET205672,ORD044545,Late Delivery
RET205673,ORD044563,Late Delivery
RET205674,ORD044564,Late Delivery
RET205675,ORD044567,Late Delivery
RET205676,ORD044575,Late Delivery
RET205677,ORD044576,Late Delivery
RET205678,ORD044586,Late Delivery
RET205679,ORD044588,Late Delivery
RET205680,ORD044590,Defective
RET205681,ORD044600,Late Delivery
RET205682,ORD044601,Late Delivery
RET205683,ORD044611,Late Delivery
RET205684,ORD044618,Late Delivery
RET205685,ORD044619,Late Delivery
RET205686,ORD044624,Late Delivery
RET205687,ORD044625,Late Delivery
RET205688,ORD044631,Late Delivery
RET205689,ORD044632,Late Delivery
RET205690,ORD044634,Late Delivery
RET205691,ORD044661,Late Delivery
RET205692,ORD044669,Defective
RET205693,ORD044674,Late Delivery
RET205694,ORD044675,Late Delivery
RET205695,ORD044676,Late Delivery
RET205696,ORD044682,Late Delivery
RET205697,ORD044683,Late Delivery
RET205698,ORD044685,Late Delivery
RET205699,ORD044692,Wrong Item
RET205700,ORD044695,Late Delivery
RET205701,ORD044700,Late Delivery
RET205702,ORD044715,Late Delivery
RET205703,ORD044717,Late Delivery
RET205704,ORD044729,Late Delivery
RET205705,ORD044730,Late Delivery
RET205706,ORD044750,Late Delivery
RET205707,ORD044754,Late Delivery
RET205708,ORD044761,Late Delivery
RET205709,ORD044768,Late Delivery
RET205710,ORD044769,Late Delivery
RET205711,ORD044773,Late Delivery
RET205712,ORD044778,Late Delivery
RET205713,ORD044782,Late Delivery
RET205714,ORD044797,Late Delivery
RET205715,ORD044800,Late Delivery
RET205716,ORD044802,Late Delivery
RET205717,ORD044811,Late Delivery
RET205718,ORD044818,Late Delivery
RET205719,ORD044821,Late Delivery
RET205720,ORD044822,Late Delivery
RET205721,ORD044831,Late Delivery
RET205722,ORD044839,Late Delivery
RET205723,ORD044844,Late Delivery
RET205724,ORD044850,Late Delivery
RET205725,ORD044855,Late Delivery
RET205726,ORD044865,Late Delivery
RET205727,ORD044874,Late Delivery
RET205728,ORD044875,Late Delivery
RET205729,ORD044883,Late Delivery
RET205730,ORD044884,Late Delivery
RET205731,ORD044887,Changed Mind
RET205732,ORD044892,Late Delivery
RET205733,ORD044894,Late Delivery
RET205734,ORD044912,Late Delivery
RET205735,ORD044916,Late Delivery
RET205736,ORD044938,Late Delivery
RET205737,ORD044941,Late Delivery
RET205738,ORD044946,Late Delivery
RET205739,ORD044952,Late Delivery
RET205740,ORD044953,Late Delivery
RET205741,ORD044960,Late Delivery
RET205742,ORD044966,Defective
RET205743,ORD044970,Late Delivery
RET205744,ORD044976,Late Delivery
RET205745,ORD044992,Late Delivery
RET205746,ORD044993,Changed Mind
RET205747,ORD045000,Defective
RET205748,ORD045005,Late Delivery
RET205749,ORD045008,Late Delivery
RET205750,ORD045016,Late Delivery
RET205751,ORD045025,Late Delivery
RET205752,ORD045026,Late Delivery
RET205753,ORD045045,Late Delivery
RET205754,ORD045051,Late Delivery
RET205755,ORD045059,Late Delivery
RET205756,ORD045060,Late Delivery
RET205757,ORD045061,Late Delivery
RET205758,ORD045072,Late Delivery
RET205759,ORD045084,Late Delivery
RET205760,ORD045088,Late Delivery
RET205761,ORD045095,Changed Mind
RET205762,ORD045102,Late Delivery
RET205763,ORD045110,Late Delivery
RET205764,ORD045112,Late Delivery
RET205765,ORD045116,Wrong Item
RET205766,ORD045121,Late Delivery
RET205767,ORD045122,Wrong Item
RET205768,ORD045168,Late Delivery
RET205769,ORD045187,Late Delivery
RET205770,ORD045196,Late Delivery
RET205771,ORD045234,Late Delivery
RET205772,ORD045255,Late Delivery
RET205773,ORD045260,Defective
RET205774,ORD045264,Late Delivery
RET205775,ORD045265,Late Delivery
RET205776,ORD045266,Late Delivery
RET205777,ORD045276,Late Delivery
RET205778,ORD045296,Changed Mind
RET205779,ORD045298,Late Delivery
RET205780,ORD045303,Wrong Item
RET205781,ORD045309,Late Delivery
RET205782,ORD045311,Late Delivery
RET205783,ORD045314,Late Delivery
RET205784,ORD045315,Late Delivery
RET205785,ORD045317,Late Delivery
RET205786,ORD045328,Late Delivery
RET205787,ORD045341,Wrong Item
RET205788,ORD045342,Wrong Item
RET205789,ORD045343,Late Delivery
RET205790,ORD045346,Late Delivery
RET205791,ORD045359,Defective
RET205792,ORD045361,Late Delivery
RET205793,ORD045370,Late Delivery
RET205794,ORD045375,Wrong Item
RET205795,ORD045385,Late Delivery
RET205796,ORD045388,Defective
RET205797,ORD045395,Late Delivery
RET205798,ORD045445,Late Delivery
RET205799,ORD045456,Late Delivery
RET205800,ORD045460,Late Delivery
RET205801,ORD045465,Late Delivery
RET205802,ORD045471,Defective
RET205803,ORD045484,Late Delivery
RET205804,ORD045487,Late Delivery
RET205805,ORD045489,Late Delivery
RET205806,ORD045495,Wrong Item
RET205807,ORD045499,Late Delivery
RET205808,ORD045503,Late Delivery
RET205809,ORD045510,Late Delivery
RET205810,ORD045522,Late Delivery
RET205811,ORD045531,Late Delivery
RET205812,ORD045539,Wrong Item
RET205813,ORD045545,Defective
RET205814,ORD045547,Late Delivery
RET205815,ORD045549,Wrong Item
RET205816,ORD045553,Late Delivery
RET205817,ORD045568,Late Delivery
RET205818,ORD045572,Late Delivery
RET205819,ORD045594,Late Delivery
RET205820,ORD045598,Late Delivery
RET205821,ORD045599,Late Delivery
RET205822,ORD045607,Late Delivery
RET205823,ORD045615,Late Delivery
RET205824,ORD045636,Late Delivery
RET205825,ORD045648,Late Delivery
RET205826,ORD045649,Late Delivery
RET205827,ORD045650,Late Delivery
RET205828,ORD045651,Late Delivery
RET205829,ORD045656,Late Delivery
RET205830,ORD045661,Late Delivery
RET205831,ORD045669,Changed Mind
RET205832,ORD045690,Late Delivery
RET205833,ORD045692,Late Delivery
RET205834,ORD045696,Late Delivery
RET205835,ORD045704,Late Delivery
RET205836,ORD045718,Late Delivery
RET205837,ORD045734,Late Delivery
RET205838,ORD045741,Late Delivery
RET205839,ORD045759,Late Delivery
RET205840,ORD045766,Late Delivery
RET205841,ORD045785,Late Delivery
RET205842,ORD045787,Late Delivery
RET205843,ORD045791,Late Delivery
RET205844,ORD045795,Late Delivery
RET205845,ORD045798,Late Delivery
RET205846,ORD045815,Defective
RET205847,ORD045816,Late Delivery
RET205848,ORD045818,Late Delivery
RET205849,ORD045823,Late Delivery
RET205850,ORD045826,Wrong Item
RET205851,ORD045833,Late Delivery
RET205852,ORD045841,Late Delivery
RET205853,ORD045843,Late Delivery
RET205854,ORD045854,Late Delivery
RET205855,ORD045858,Late Delivery
RET205856,ORD045859,Late Delivery
RET205857,ORD045865,Late Delivery
RET205858,ORD045875,Late Delivery
RET205859,ORD045887,Late Delivery
RET205860,ORD045896,Late Delivery
RET205861,ORD045911,Late Delivery
RET205862,ORD045916,Changed Mind
RET205863,ORD045918,Late Delivery
RET205864,ORD045923,Late Delivery
RET205865,ORD045933,Late Delivery
RET205866,ORD045936,Late Delivery
RET205867,ORD045943,Late Delivery
RET205868,ORD045948,Late Delivery
RET205869,ORD045950,Late Delivery
RET205870,ORD045959,Late Delivery
RET205871,ORD045962,Late Delivery
RET205872,ORD045964,Late Delivery
RET205873,ORD045967,Late Delivery
RET205874,ORD045996,Late Delivery
RET205875,ORD046003,Late Delivery
RET205876,ORD046005,Late Delivery
RET205877,ORD046016,Late Delivery
RET205878,ORD046022,Wrong Item
RET205879,ORD046031,Late Delivery
RET205880,ORD046033,Late Delivery
RET205881,ORD046044,Late Delivery
RET205882,ORD046045,Late Delivery
RET205883,ORD046049,Wrong Item
RET205884,ORD046052,Late Delivery
RET205885,ORD046057,Late Delivery
RET205886,ORD046080,Late Delivery
RET205887,ORD046081,Late Delivery
RET205888,ORD046083,Late Delivery
RET205889,ORD046094,Wrong Item
RET205890,ORD046100,Late Delivery
RET205891,ORD046105,Late Delivery
RET205892,ORD046110,Late Delivery
RET205893,ORD046111,Late Delivery
RET205894,ORD046115,Late Delivery
RET205895,ORD046118,Late Delivery
RET205896,ORD046124,Late Delivery
RET205897,ORD046140,Late Delivery
RET205898,ORD046145,Late Delivery
RET205899,ORD046163,Late Delivery
RET205900,ORD046169,Late Delivery
RET205901,ORD046180,Late Delivery
RET205902,ORD046185,Late Delivery
RET205903,ORD046196,Late Delivery
RET205904,ORD046202,Late Delivery
RET205905,ORD046203,Late Delivery
RET205906,ORD046204,Late Delivery
RET205907,ORD046215,Late Delivery
RET205908,ORD046225,Late Delivery
RET205909,ORD046235,Late Delivery
RET205910,ORD046239,Wrong Item
RET205911,ORD046245,Late Delivery
RET205912,ORD046250,Late Delivery
RET205913,ORD046251,Late Delivery
RET205914,ORD046252,Late Delivery
RET205915,ORD046253,Late Delivery
RET205916,ORD046257,Late Delivery
RET205917,ORD046267,Late Delivery
RET205918,ORD046275,Late Delivery
RET205919,ORD046304,Late Delivery
RET205920,ORD046313,Late Delivery
RET205921,ORD046319,Late Delivery
RET205922,ORD046343,Late Delivery
RET205923,ORD046344,Late Delivery
RET205924,ORD046351,Late Delivery
RET205925,ORD046363,Late Delivery
RET205926,ORD046369,Changed Mind
RET205927,ORD046372,Late Delivery
RET205928,ORD046374,Changed Mind
RET205929,ORD046400,Late Delivery
RET205930,ORD046401,Late Delivery
RET205931,ORD046417,Late Delivery
RET205932,ORD046420,Late Delivery
RET205933,ORD046433,Late Delivery
RET205934,ORD046448,Late Delivery
RET205935,ORD046458,Late Delivery
RET205936,ORD046463,Late Delivery
RET205937,ORD046475,Late Delivery
RET205938,ORD046481,Late Delivery
RET205939,ORD046508,Late Delivery
RET205940,ORD046527,Late Delivery
RET205941,ORD046528,Late Delivery
RET205942,ORD046533,Late Delivery
RET205943,ORD046535,Late Delivery
RET205944,ORD046542,Late Delivery
RET205945,ORD046546,Late Delivery
RET205946,ORD046559,Wrong Item
RET205947,ORD046581,Late Delivery
RET205948,ORD046591,Late Delivery
RET205949,ORD046599,Late Delivery
RET205950,ORD046601,Wrong Item
RET205951,ORD046630,Late Delivery
RET205952,ORD046635,Late Delivery
RET205953,ORD046636,Late Delivery
RET205954,ORD046647,Late Delivery
RET205955,ORD046664,Late Delivery
RET205956,ORD046665,Late Delivery
RET205957,ORD046672,Late Delivery
RET205958,ORD046674,Late Delivery
RET205959,ORD046678,Late Delivery
RET205960,ORD046679,Late Delivery
RET205961,ORD046683,Late Delivery
RET205962,ORD046693,Late Delivery
RET205963,ORD046696,Late Delivery
RET205964,ORD046707,Late Delivery
RET205965,ORD046713,Late Delivery
RET205966,ORD046724,Late Delivery
RET205967,ORD046726,Late Delivery
RET205968,ORD046736,Late Delivery
RET205969,ORD046738,Late Delivery
RET205970,ORD046751,Late Delivery
RET205971,ORD046775,Late Delivery
RET205972,ORD046777,Defective
RET205973,ORD046784,Late Delivery
RET205974,ORD046787,Late Delivery
RET205975,ORD046800,Defective
RET205976,ORD046806,Late Delivery
RET205977,ORD046807,Late Delivery
RET205978,ORD046819,Late Delivery
RET205979,ORD046824,Wrong Item
RET205980,ORD046826,Late Delivery
RET205981,ORD046832,Late Delivery
RET205982,ORD046842,Late Delivery
RET205983,ORD046853,Late Delivery
RET205984,ORD046855,Late Delivery
RET205985,ORD046857,Late Delivery
RET205986,ORD046863,Late Delivery
RET205987,ORD046865,Late Delivery
RET205988,ORD046871,Late Delivery
RET205989,ORD046873,Late Delivery
RET205990,ORD046874,Late Delivery
RET205991,ORD046884,Late Delivery
RET205992,ORD046885,Late Delivery
RET205993,ORD046886,Late Delivery
RET205994,ORD046892,Late Delivery
RET205995,ORD046901,Late Delivery
RET205996,ORD046904,Defective
RET205997,ORD046914,Changed Mind
RET205998,ORD046921,Changed Mind
RET205999,ORD046926,Late Delivery
RET206000,ORD046945,Late Delivery
RET206001,ORD046950,Late Delivery
RET206002,ORD046952,Late Delivery
RET206003,ORD046953,Late Delivery
RET206004,ORD046957,Late Delivery
RET206005,ORD046959,Late Delivery
RET206006,ORD046970,Late Delivery
RET206007,ORD046984,Late Delivery
RET206008,ORD046987,Late Delivery
RET206009,ORD047004,Late Delivery
RET206010,ORD047006,Late Delivery
RET206011,ORD047021,Changed Mind
RET206012,ORD047024,Late Delivery
RET206013,ORD047029,Late Delivery
RET206014,ORD047032,Late Delivery
RET206015,ORD047033,Late Delivery
RET206016,ORD047037,Late Delivery
RET206017,ORD047044,Late Delivery
RET206018,ORD047045,Late Delivery
RET206019,ORD047047,Defective
RET206020,ORD047062,Late Delivery
RET206021,ORD047076,Late Delivery
RET206022,ORD047078,Late Delivery
RET206023,ORD047086,Changed Mind
RET206024,ORD047088,Late Delivery
RET206025,ORD047099,Late Delivery
RET206026,ORD047101,Late Delivery
RET206027,ORD047129,Late Delivery
RET206028,ORD047139,Late Delivery
RET206029,ORD047150,Late Delivery
RET206030,ORD047164,Late Delivery
RET206031,ORD047172,Late Delivery
RET206032,ORD047174,Late Delivery
RET206033,ORD047183,Late Delivery
RET206034,ORD047192,Wrong Item
RET206035,ORD047194,Late Delivery
RET206036,ORD047197,Late Delivery
RET206037,ORD047213,Late Delivery
RET206038,ORD047225,Late Delivery
RET206039,ORD047230,Late Delivery
RET206040,ORD047237,Late Delivery
RET206041,ORD047268,Late Delivery
RET206042,ORD047273,Late Delivery
RET206043,ORD047276,Late Delivery
RET206044,ORD047278,Late Delivery
RET206045,ORD047285,Late Delivery
RET206046,ORD047287,Wrong Item
RET206047,ORD047290,Late Delivery
RET206048,ORD047299,Late Delivery
RET206049,ORD047302,Late Delivery
RET206050,ORD047303,Late Delivery
RET206051,ORD047305,Late Delivery
RET206052,ORD047321,Late Delivery
RET206053,ORD047336,Defective
RET206054,ORD047369,Late Delivery
RET206055,ORD047370,Late Delivery
RET206056,ORD047383,Late Delivery
RET206057,ORD047388,Late Delivery
RET206058,ORD047406,Changed Mind
RET206059,ORD047410,Late Delivery
RET206060,ORD047416,Late Delivery
RET206061,ORD047420,Late Delivery
RET206062,ORD047422,Defective
RET206063,ORD047427,Late Delivery
RET206064,ORD047432,Late Delivery
RET206065,ORD047439,Defective
RET206066,ORD047441,Late Delivery
RET206067,ORD047447,Late Delivery
RET206068,ORD047449,Late Delivery
RET206069,ORD047454,Late Delivery
RET206070,ORD047455,Late Delivery
RET206071,ORD047457,Late Delivery
RET206072,ORD047460,Late Delivery
RET206073,ORD047471,Defective
RET206074,ORD047482,Late Delivery
RET206075,ORD047485,Late Delivery
RET206076,ORD047488,Late Delivery
RET206077,ORD047494,Late Delivery
RET206078,ORD047499,Late Delivery
RET206079,ORD047502,Late Delivery
RET206080,ORD047505,Defective
RET206081,ORD047511,Late Delivery
RET206082,ORD047514,Late Delivery
RET206083,ORD047515,Late Delivery
RET206084,ORD047517,Late Delivery
RET206085,ORD047531,Changed Mind
RET206086,ORD047534,Late Delivery
RET206087,ORD047543,Late Delivery
RET206088,ORD047549,Wrong Item
RET206089,ORD047561,Late Delivery
RET206090,ORD047590,Late Delivery
RET206091,ORD047591,Late Delivery
RET206092,ORD047601,Late Delivery
RET206093,ORD047604,Late Delivery
RET206094,ORD047606,Late Delivery
RET206095,ORD047609,Late Delivery
RET206096,ORD047617,Late Delivery
RET206097,ORD047621,Late Delivery
RET206098,ORD047627,Late Delivery
RET206099,ORD047633,Late Delivery
RET206100,ORD047634,Late Delivery
RET206101,ORD047635,Late Delivery
RET206102,ORD047644,Late Delivery
RET206103,ORD047654,Late Delivery
RET206104,ORD047659,Late Delivery
RET206105,ORD047662,Late Delivery
RET206106,ORD047667,Late Delivery
RET206107,ORD047672,Late Delivery
RET206108,ORD047683,Late Delivery
RET206109,ORD047684,Late Delivery
RET206110,ORD047685,Late Delivery
RET206111,ORD047694,Late Delivery
RET206112,ORD047696,Late Delivery
RET206113,ORD047702,Late Delivery
RET206114,ORD047717,Late Delivery
RET206115,ORD047721,Late Delivery
RET206116,ORD047722,Late Delivery
RET206117,ORD047731,Changed Mind
RET206118,ORD047738,Late Delivery
RET206119,ORD047746,Late Delivery
RET206120,ORD047755,Late Delivery
RET206121,ORD047759,Late Delivery
RET206122,ORD047762,Late Delivery
RET206123,ORD047766,Late Delivery
RET206124,ORD047772,Late Delivery
RET206125,ORD047780,Late Delivery
RET206126,ORD047787,Late Delivery
RET206127,ORD047833,Late Delivery
RET206128,ORD047836,Late Delivery
RET206129,ORD047845,Late Delivery
RET206130,ORD047858,Late Delivery
RET206131,ORD047868,Late Delivery
RET206132,ORD047872,Late Delivery
RET206133,ORD047892,Defective
RET206134,ORD047906,Late Delivery
RET206135,ORD047914,Late Delivery
RET206136,ORD047922,Late Delivery
RET206137,ORD047925,Late Delivery
RET206138,ORD047966,Late Delivery
RET206139,ORD047972,Late Delivery
RET206140,ORD047973,Defective
RET206141,ORD047978,Late Delivery
RET206142,ORD047999,Late Delivery
RET206143,ORD048008,Late Delivery
RET206144,ORD048019,Wrong Item
RET206145,ORD048020,Late Delivery
RET206146,ORD048025,Late Delivery
RET206147,ORD048026,Late Delivery
RET206148,ORD048052,Changed Mind
RET206149,ORD048056,Late Delivery
RET206150,ORD048062,Late Delivery
RET206151,ORD048067,Changed Mind
RET206152,ORD048086,Late Delivery
RET206153,ORD048087,Late Delivery
RET206154,ORD048093,Late Delivery
RET206155,ORD048112,Late Delivery
RET206156,ORD048127,Late Delivery
RET206157,ORD048129,Wrong Item
RET206158,ORD048132,Late Delivery
RET206159,ORD048144,Late Delivery
RET206160,ORD048147,Late Delivery
RET206161,ORD048155,Late Delivery
RET206162,ORD048156,Late Delivery
RET206163,ORD048171,Late Delivery
RET206164,ORD048175,Late Delivery
RET206165,ORD048181,Late Delivery
RET206166,ORD048188,Late Delivery
RET206167,ORD048195,Late Delivery
RET206168,ORD048196,Late Delivery
RET206169,ORD048200,Late Delivery
RET206170,ORD048201,Late Delivery
RET206171,ORD048205,Late Delivery
RET206172,ORD048213,Late Delivery
RET206173,ORD048216,Late Delivery
RET206174,ORD048239,Late Delivery
RET206175,ORD048245,Late Delivery
RET206176,ORD048251,Late Delivery
RET206177,ORD048278,Changed Mind
RET206178,ORD048279,Late Delivery
RET206179,ORD048281,Late Delivery
RET206180,ORD048295,Changed Mind
RET206181,ORD048299,Late Delivery
RET206182,ORD048311,Late Delivery
RET206183,ORD048343,Late Delivery
RET206184,ORD048362,Late Delivery
RET206185,ORD048366,Late Delivery
RET206186,ORD048369,Late Delivery
RET206187,ORD048386,Defective
RET206188,ORD048398,Late Delivery
RET206189,ORD048401,Late Delivery
RET206190,ORD048408,Late Delivery
RET206191,ORD048410,Late Delivery
RET206192,ORD048415,Late Delivery
RET206193,ORD048423,Late Delivery
RET206194,ORD048427,Late Delivery
RET206195,ORD048435,Late Delivery
RET206196,ORD048436,Wrong Item
RET206197,ORD048438,Late Delivery
RET206198,ORD048441,Late Delivery
RET206199,ORD048442,Late Delivery
RET206200,ORD048455,Late Delivery
RET206201,ORD048465,Late Delivery
RET206202,ORD048471,Late Delivery
RET206203,ORD048475,Wrong Item
RET206204,ORD048483,Late Delivery
RET206205,ORD048486,Late Delivery
RET206206,ORD048495,Late Delivery
RET206207,ORD048501,Defective
RET206208,ORD048502,Late Delivery
RET206209,ORD048507,Late Delivery
RET206210,ORD048528,Late Delivery
RET206211,ORD048529,Late Delivery
RET206212,ORD048533,Late Delivery
RET206213,ORD048538,Late Delivery
RET206214,ORD048539,Late Delivery
RET206215,ORD048550,Late Delivery
RET206216,ORD048552,Late Delivery
RET206217,ORD048560,Late Delivery
RET206218,ORD048564,Late Delivery
RET206219,ORD048565,Late Delivery
RET206220,ORD048579,Late Delivery
RET206221,ORD048590,Defective
RET206222,ORD048598,Late Delivery
RET206223,ORD048601,Changed Mind
RET206224,ORD048604,Late Delivery
RET206225,ORD048609,Late Delivery
RET206226,ORD048610,Late Delivery
RET206227,ORD048613,Late Delivery
RET206228,ORD048618,Late Delivery
RET206229,ORD048623,Late Delivery
RET206230,ORD048628,Late Delivery
RET206231,ORD048634,Late Delivery
RET206232,ORD048640,Late Delivery
RET206233,ORD048643,Late Delivery
RET206234,ORD048644,Late Delivery
RET206235,ORD048649,Late Delivery
RET206236,ORD048651,Late Delivery
RET206237,ORD048665,Late Delivery
RET206238,ORD048667,Late Delivery
RET206239,ORD048674,Late Delivery
RET206240,ORD048687,Late Delivery
RET206241,ORD048688,Late Delivery
RET206242,ORD048692,Late Delivery
RET206243,ORD048707,Late Delivery
RET206244,ORD048716,Late Delivery
RET206245,ORD048729,Late Delivery
RET206246,ORD048735,Late Delivery
RET206247,ORD048736,Late Delivery
RET206248,ORD048743,Late Delivery
RET206249,ORD048744,Late Delivery
RET206250,ORD048747,Late Delivery
RET206251,ORD048765,Late Delivery
RET206252,ORD048766,Late Delivery
RET206253,ORD048769,Late Delivery
RET206254,ORD048773,Late Delivery
RET206255,ORD048784,Changed Mind
RET206256,ORD048785,Late Delivery
RET206257,ORD048792,Late Delivery
RET206258,ORD048793,Late Delivery
RET206259,ORD048814,Wrong Item
RET206260,ORD048826,Late Delivery
RET206261,ORD048827,Late Delivery
RET206262,ORD048833,Late Delivery
RET206263,ORD048834,Late Delivery
RET206264,ORD048843,Late Delivery
RET206265,ORD048846,Late Delivery
RET206266,ORD048878,Late Delivery
RET206267,ORD048888,Late Delivery
RET206268,ORD048896,Late Delivery
RET206269,ORD048899,Late Delivery
RET206270,ORD048900,Late Delivery
RET206271,ORD048918,Late Delivery
RET206272,ORD048922,Late Delivery
RET206273,ORD048923,Late Delivery
RET206274,ORD048934,Late Delivery
RET206275,ORD048942,Late Delivery
RET206276,ORD048965,Late Delivery
RET206277,ORD048982,Late Delivery
RET206278,ORD048991,Late Delivery
RET206279,ORD048992,Late Delivery
RET206280,ORD048993,Late Delivery
RET206281,ORD049003,Changed Mind
RET206282,ORD049008,Late Delivery
RET206283,ORD049011,Late Delivery
RET206284,ORD049014,Late Delivery
RET206285,ORD049020,Late Delivery
RET206286,ORD049041,Late Delivery
RET206287,ORD049044,Late Delivery
RET206288,ORD049046,Late Delivery
RET206289,ORD049066,Late Delivery
RET206290,ORD049080,Late Delivery
RET206291,ORD049084,Late Delivery
RET206292,ORD049087,Changed Mind
RET206293,ORD049092,Late Delivery
RET206294,ORD049125,Late Delivery
RET206295,ORD049138,Late Delivery
RET206296,ORD049151,Late Delivery
RET206297,ORD049169,Late Delivery
RET206298,ORD049183,Late Delivery
RET206299,ORD049186,Late Delivery
RET206300,ORD049194,Late Delivery
RET206301,ORD049199,Late Delivery
RET206302,ORD049203,Late Delivery
RET206303,ORD049207,Late Delivery
RET206304,ORD049210,Late Delivery
RET206305,ORD049214,Late Delivery
RET206306,ORD049223,Late Delivery
RET206307,ORD049226,Late Delivery
RET206308,ORD049227,Late Delivery
RET206309,ORD049246,Late Delivery
RET206310,ORD049252,Late Delivery
RET206311,ORD049254,Late Delivery
RET206312,ORD049266,Late Delivery
RET206313,ORD049270,Late Delivery
RET206314,ORD049271,Late Delivery
RET206315,ORD049274,Late Delivery
RET206316,ORD049275,Late Delivery
RET206317,ORD049276,Late Delivery
RET206318,ORD049283,Late Delivery
RET206319,ORD049284,Late Delivery
RET206320,ORD049297,Late Delivery
RET206321,ORD049299,Changed Mind
RET206322,ORD049320,Late Delivery
RET206323,ORD049326,Late Delivery
RET206324,ORD049333,Late Delivery
RET206325,ORD049348,Late Delivery
RET206326,ORD049353,Late Delivery
RET206327,ORD049354,Late Delivery
RET206328,ORD049358,Late Delivery
RET206329,ORD049363,Late Delivery
RET206330,ORD049364,Late Delivery
RET206331,ORD049368,Late Delivery
RET206332,ORD049389,Late Delivery
RET206333,ORD049396,Changed Mind
RET206334,ORD049401,Late Delivery
RET206335,ORD049406,Late Delivery
RET206336,ORD049414,Late Delivery
RET206337,ORD049422,Late Delivery
RET206338,ORD049432,Late Delivery
RET206339,ORD049441,Late Delivery
RET206340,ORD049442,Late Delivery
RET206341,ORD049447,Late Delivery
RET206342,ORD049457,Changed Mind
RET206343,ORD049459,Late Delivery
RET206344,ORD049464,Late Delivery
RET206345,ORD049475,Late Delivery
RET206346,ORD049477,Wrong Item
RET206347,ORD049492,Late Delivery
RET206348,ORD049497,Late Delivery
RET206349,ORD049528,Late Delivery
RET206350,ORD049539,Defective
RET206351,ORD049546,Late Delivery
RET206352,ORD049564,Late Delivery
RET206353,ORD049571,Late Delivery
RET206354,ORD049578,Late Delivery
RET206355,ORD049586,Late Delivery
RET206356,ORD049598,Late Delivery
RET206357,ORD049604,Late Delivery
RET206358,ORD049608,Late Delivery
RET206359,ORD049609,Late Delivery
RET206360,ORD049611,Late Delivery
RET206361,ORD049615,Late Delivery
RET206362,ORD049620,Late Delivery
RET206363,ORD049622,Changed Mind
RET206364,ORD049624,Defective
RET206365,ORD049626,Late Delivery
RET206366,ORD049635,Changed Mind
RET206367,ORD049640,Late Delivery
RET206368,ORD049642,Late Delivery
RET206369,ORD049646,Late Delivery
RET206370,ORD049651,Changed Mind
RET206371,ORD049653,Late Delivery
RET206372,ORD049665,Late Delivery
RET206373,ORD049667,Late Delivery
RET206374,ORD049681,Late Delivery
RET206375,ORD049688,Wrong Item
RET206376,ORD049697,Defective
RET206377,ORD049699,Late Delivery
RET206378,ORD049706,Late Delivery
RET206379,ORD049708,Late Delivery
RET206380,ORD049710,Late Delivery
RET206381,ORD049715,Late Delivery
RET206382,ORD049720,Late Delivery
RET206383,ORD049723,Late Delivery
RET206384,ORD049725,Wrong Item
RET206385,ORD049729,Late Delivery
RET206386,ORD049735,Late Delivery
RET206387,ORD049738,Late Delivery
RET206388,ORD049739,Late Delivery
RET206389,ORD049748,Late Delivery
RET206390,ORD049750,Changed Mind
RET206391,ORD049758,Late Delivery
RET206392,ORD049761,Late Delivery
RET206393,ORD049767,Late Delivery
RET206394,ORD049768,Late Delivery
RET206395,ORD049781,Defective
RET206396,ORD049794,Late Delivery
RET206397,ORD049801,Wrong Item
RET206398,ORD049804,Late Delivery
RET206399,ORD049808,Late Delivery
RET206400,ORD049821,Late Delivery
RET206401,ORD049831,Changed Mind
RET206402,ORD049855,Late Delivery
RET206403,ORD049865,Late Delivery
RET206404,ORD049882,Late Delivery
RET206405,ORD049884,Late Delivery
RET206406,ORD049889,Late Delivery
RET206407,ORD049914,Late Delivery
RET206408,ORD049921,Late Delivery
RET206409,ORD049925,Late Delivery
RET206410,ORD049927,Late Delivery
RET206411,ORD049932,Late Delivery
RET206412,ORD049934,Late Delivery
RET206413,ORD049958,Late Delivery
RET206414,ORD049963,Late Delivery
RET206415,ORD049970,Defective
RET206416,ORD049990,Late Delivery
RET206417,ORD049994,Late Delivery
